horizon,model,fold,trial,cfg,q,inner_pr_auc,inner_macro_f1
H2,rf,1,0,"{'n_estimators': 100, 'max_depth': None, 'min_samples_leaf': 1, 'max_features': 'sqrt', 'cw_power': 1.0}",0.13999999999999999,0.5017786597586429,0.7262727707490979
H2,rf,1,1,"{'n_estimators': 100, 'max_depth': 10, 'min_samples_leaf': 10, 'max_features': 0.3, 'cw_power': 1.0}",0.13999999999999999,0.5177857788449254,0.7314709319122706
H2,rf,1,2,"{'n_estimators': 100, 'max_depth': 10, 'min_samples_leaf': 10, 'max_features': 0.5, 'cw_power': 1.0}",0.13999999999999999,0.5293254720524401,0.7287721473083739
H2,rf,1,3,"{'n_estimators': 200, 'max_depth': 10, 'min_samples_leaf': 10, 'max_features': 'sqrt', 'cw_power': 0.5}",0.18,0.5068473763242783,0.7157348907826429
H2,rf,1,4,"{'n_estimators': 300, 'max_depth': None, 'min_samples_leaf': 1, 'max_features': 0.5, 'cw_power': 1.0}",0.13999999999999999,0.5101022288300295,0.7244555420156837
H2,rf,1,5,"{'n_estimators': 200, 'max_depth': 10, 'min_samples_leaf': 5, 'max_features': 0.5, 'cw_power': 0.5}",0.13999999999999999,0.532749570909324,0.7341697165161674
H2,rf,2,0,"{'n_estimators': 100, 'max_depth': None, 'min_samples_leaf': 1, 'max_features': 'sqrt', 'cw_power': 1.0}",0.13,0.49210499228470705,0.7226730242600305
H2,rf,2,1,"{'n_estimators': 100, 'max_depth': None, 'min_samples_leaf': 10, 'max_features': 'sqrt', 'cw_power': 1.0}",0.11,0.48544201413715804,0.7126612627012217
H2,rf,2,2,"{'n_estimators': 200, 'max_depth': 20, 'min_samples_leaf': 10, 'max_features': 'sqrt', 'cw_power': 0.5}",0.13,0.503225612338554,0.723498057542205
H2,rf,2,3,"{'n_estimators': 100, 'max_depth': None, 'min_samples_leaf': 5, 'max_features': 'sqrt', 'cw_power': 1.0}",0.12000000000000001,0.48516613278086324,0.714
H2,rf,2,4,"{'n_estimators': 300, 'max_depth': 20, 'min_samples_leaf': 10, 'max_features': 0.3, 'cw_power': 0.0}",0.11,0.5362716658960293,0.7425923811698444
H2,rf,2,5,"{'n_estimators': 300, 'max_depth': 20, 'min_samples_leaf': 2, 'max_features': 0.3, 'cw_power': 0.0}",0.12000000000000001,0.54295285495195,0.74
H2,rf,3,0,"{'n_estimators': 100, 'max_depth': None, 'min_samples_leaf': 1, 'max_features': 'sqrt', 'cw_power': 1.0}",0.12000000000000001,0.5354560518055358,0.7497476465295911
H2,rf,3,1,"{'n_estimators': 200, 'max_depth': 20, 'min_samples_leaf': 10, 'max_features': 0.3, 'cw_power': 0.5}",0.12000000000000001,0.565238204872534,0.7515555555555555
H2,rf,3,2,"{'n_estimators': 300, 'max_depth': 10, 'min_samples_leaf': 10, 'max_features': 'sqrt', 'cw_power': 0.0}",0.13999999999999999,0.5806330067869168,0.7484939448329929
H2,rf,3,3,"{'n_estimators': 300, 'max_depth': None, 'min_samples_leaf': 2, 'max_features': 'sqrt', 'cw_power': 1.0}",0.13999999999999999,0.5486003344304089,0.7457895786484015
H2,rf,3,4,"{'n_estimators': 200, 'max_depth': None, 'min_samples_leaf': 1, 'max_features': 0.5, 'cw_power': 0.0}",0.13999999999999999,0.5379055302700699,0.7432473198224182
H2,rf,3,5,"{'n_estimators': 100, 'max_depth': 10, 'min_samples_leaf': 10, 'max_features': 0.3, 'cw_power': 0.0}",0.13,0.5769364074761801,0.7486345977656408
H2,rf,4,0,"{'n_estimators': 100, 'max_depth': None, 'min_samples_leaf': 1, 'max_features': 'sqrt', 'cw_power': 1.0}",0.15,0.4807429220189545,0.7147543686119353
H2,rf,4,1,"{'n_estimators': 200, 'max_depth': 10, 'min_samples_leaf': 5, 'max_features': 0.3, 'cw_power': 0.0}",0.11,0.5296629517912463,0.7216405982418084
H2,rf,4,2,"{'n_estimators': 300, 'max_depth': None, 'min_samples_leaf': 2, 'max_features': 0.5, 'cw_power': 0.5}",0.13,0.5156188076703178,0.723498057542205
H2,rf,4,3,"{'n_estimators': 300, 'max_depth': None, 'min_samples_leaf': 5, 'max_features': 0.3, 'cw_power': 0.5}",0.12000000000000001,0.5251690977719398,0.7284444444444444
H2,rf,4,4,"{'n_estimators': 200, 'max_depth': None, 'min_samples_leaf': 5, 'max_features': 0.3, 'cw_power': 1.0}",0.13,0.5197061479156588,0.72629100645592
H2,rf,4,5,"{'n_estimators': 300, 'max_depth': 20, 'min_samples_leaf': 5, 'max_features': 0.3, 'cw_power': 0.5}",0.12000000000000001,0.5254787903254658,0.7255555555555555
H2,rf,5,0,"{'n_estimators': 100, 'max_depth': None, 'min_samples_leaf': 1, 'max_features': 'sqrt', 'cw_power': 1.0}",0.15,0.45690440237378216,0.7010522735911338
H2,rf,5,1,"{'n_estimators': 100, 'max_depth': None, 'min_samples_leaf': 2, 'max_features': 'sqrt', 'cw_power': 0.5}",0.13,0.48383917757437683,0.7123262618873445
H2,rf,5,2,"{'n_estimators': 300, 'max_depth': 20, 'min_samples_leaf': 2, 'max_features': 0.3, 'cw_power': 0.0}",0.11,0.49933949359364305,0.7156543745480839
H2,rf,5,3,"{'n_estimators': 300, 'max_depth': 20, 'min_samples_leaf': 1, 'max_features': 'sqrt', 'cw_power': 1.0}",0.13,0.4685709648904123,0.7123262618873445
H2,rf,5,4,"{'n_estimators': 200, 'max_depth': 20, 'min_samples_leaf': 5, 'max_features': 0.3, 'cw_power': 0.0}",0.12000000000000001,0.5102381674686172,0.7255555555555555
H2,rf,5,5,"{'n_estimators': 300, 'max_depth': 30, 'min_samples_leaf': 1, 'max_features': 'sqrt', 'cw_power': 0.5}",0.15,0.47231275182817484,0.7070565352935331
H1,rf,1,0,"{'n_estimators': 100, 'max_depth': None, 'min_samples_leaf': 1, 'max_features': 'sqrt', 'cw_power': 1.0}",0.13,0.34502997173062583,0.6412221833487061
H1,rf,1,1,"{'n_estimators': 100, 'max_depth': 20, 'min_samples_leaf': 5, 'max_features': 0.5, 'cw_power': 0.0}",0.11,0.3867205229520812,0.6663145979792015
H1,rf,1,2,"{'n_estimators': 100, 'max_depth': None, 'min_samples_leaf': 5, 'max_features': 'sqrt', 'cw_power': 0.0}",0.09000000000000001,0.4109539065705332,0.6849749821300929
H1,rf,1,3,"{'n_estimators': 200, 'max_depth': 30, 'min_samples_leaf': 2, 'max_features': 0.5, 'cw_power': 1.0}",0.11,0.3608738186975228,0.6454592603529016
H1,rf,1,4,"{'n_estimators': 300, 'max_depth': 10, 'min_samples_leaf': 1, 'max_features': 'sqrt', 'cw_power': 0.0}",0.09000000000000001,0.4203656515515222,0.6849749821300929
H1,rf,1,5,"{'n_estimators': 100, 'max_depth': None, 'min_samples_leaf': 1, 'max_features': 'sqrt', 'cw_power': 0.0}",0.1,0.36741023256198,0.6426442528319204
H1,rf,2,0,"{'n_estimators': 100, 'max_depth': None, 'min_samples_leaf': 1, 'max_features': 'sqrt', 'cw_power': 1.0}",0.12000000000000001,0.330736610391378,0.6399868286429974
H1,rf,2,1,"{'n_estimators': 300, 'max_depth': 30, 'min_samples_leaf': 2, 'max_features': 0.5, 'cw_power': 0.0}",0.13,0.3710952625459776,0.6452954879581821
H1,rf,2,2,"{'n_estimators': 200, 'max_depth': 20, 'min_samples_leaf': 10, 'max_features': 0.5, 'cw_power': 0.0}",0.13,0.37448493821627177,0.6480884368718972
H1,rf,2,3,"{'n_estimators': 100, 'max_depth': 20, 'min_samples_leaf': 1, 'max_features': 'sqrt', 'cw_power': 1.0}",0.12000000000000001,0.36922587755738856,0.6475555555555556
H1,rf,2,4,"{'n_estimators': 300, 'max_depth': 20, 'min_samples_leaf': 5, 'max_features': 0.3, 'cw_power': 0.0}",0.11,0.37876351638449224,0.6527990257639761
H1,rf,2,5,"{'n_estimators': 200, 'max_depth': 30, 'min_samples_leaf': 1, 'max_features': 0.5, 'cw_power': 0.0}",0.15,0.35708479084202854,0.636119552808559
H1,rf,3,0,"{'n_estimators': 100, 'max_depth': None, 'min_samples_leaf': 1, 'max_features': 'sqrt', 'cw_power': 1.0}",0.13,0.2651675666937172,0.5905687929307858
H1,rf,3,1,"{'n_estimators': 300, 'max_depth': None, 'min_samples_leaf': 5, 'max_features': 'sqrt', 'cw_power': 0.5}",0.13999999999999999,0.3335521166133052,0.6322061988955595
H1,rf,3,2,"{'n_estimators': 100, 'max_depth': None, 'min_samples_leaf': 2, 'max_features': 0.5, 'cw_power': 0.5}",0.26,0.2934109414763583,0.5922360248447205
H1,rf,3,3,"{'n_estimators': 200, 'max_depth': None, 'min_samples_leaf': 10, 'max_features': 0.5, 'cw_power': 1.0}",0.18,0.31083519975663526,0.6180630686009343
H1,rf,3,4,"{'n_estimators': 300, 'max_depth': 10, 'min_samples_leaf': 10, 'max_features': 0.3, 'cw_power': 0.0}",0.18,0.3377037113960032,0.6398189697565774
H1,rf,3,5,"{'n_estimators': 300, 'max_depth': None, 'min_samples_leaf': 1, 'max_features': 0.3, 'cw_power': 1.0}",0.08,0.28876585759254836,0.6013939404264018
H1,rf,4,0,"{'n_estimators': 100, 'max_depth': None, 'min_samples_leaf': 1, 'max_features': 'sqrt', 'cw_power': 1.0}",0.13,0.29842848755533374,0.6098137861160605
H1,rf,4,1,"{'n_estimators': 100, 'max_depth': 20, 'min_samples_leaf': 2, 'max_features': 'sqrt', 'cw_power': 0.0}",0.12000000000000001,0.41556244178915214,0.6475555555555556
H1,rf,4,2,"{'n_estimators': 200, 'max_depth': 10, 'min_samples_leaf': 10, 'max_features': 'sqrt', 'cw_power': 1.0}",0.08,0.3961355332012008,0.6490372348886391
H1,rf,4,3,"{'n_estimators': 300, 'max_depth': 20, 'min_samples_leaf': 10, 'max_features': 0.5, 'cw_power': 0.5}",0.11,0.38848651856028216,0.640826578376527
H1,rf,4,4,"{'n_estimators': 200, 'max_depth': 10, 'min_samples_leaf': 5, 'max_features': 'sqrt', 'cw_power': 1.0}",0.1,0.4013726047082662,0.6513277474841512
H1,rf,4,5,"{'n_estimators': 100, 'max_depth': 30, 'min_samples_leaf': 5, 'max_features': 0.5, 'cw_power': 0.5}",0.1,0.3793266700458028,0.6358312029278913
H1,rf,5,0,"{'n_estimators': 100, 'max_depth': None, 'min_samples_leaf': 1, 'max_features': 'sqrt', 'cw_power': 1.0}",0.16,0.320201860431118,0.6070270962782653
H1,rf,5,1,"{'n_estimators': 100, 'max_depth': 20, 'min_samples_leaf': 2, 'max_features': 0.5, 'cw_power': 1.0}",0.11,0.32602635792658435,0.6138885717547665
H1,rf,5,2,"{'n_estimators': 300, 'max_depth': 20, 'min_samples_leaf': 1, 'max_features': 0.5, 'cw_power': 0.5}",0.18,0.3398913018823251,0.6059764568477994
H1,rf,5,3,"{'n_estimators': 100, 'max_depth': None, 'min_samples_leaf': 5, 'max_features': 0.5, 'cw_power': 1.0}",0.1,0.3480491646665544,0.6203346583716314
H1,rf,5,4,"{'n_estimators': 100, 'max_depth': 20, 'min_samples_leaf': 10, 'max_features': 0.3, 'cw_power': 0.5}",0.13999999999999999,0.35601265409603267,0.6267974665263766
H1,rf,5,5,"{'n_estimators': 300, 'max_depth': 20, 'min_samples_leaf': 5, 'max_features': 'sqrt', 'cw_power': 0.0}",0.1,0.3671542544299736,0.6544270563954032
H2,static_mlp,1,0,"{'epochs': 15, 'lr': 0.001, 'weight_decay': 0.01, 'batch_size': 512, 'dropout': 0.2, 'static_h': 128, 'rnn_h': 64, 'cw_power': 1.0}",0.15,0.5232289860255237,0.7351704515166053
H2,static_mlp,1,1,"{'epochs': 20, 'lr': 0.0013292600315286582, 'weight_decay': 0.0006411151884180498, 'batch_size': 512, 'dropout': 0.2, 'static_h': 128, 'rnn_h': 128, 'cw_power': 0.5}",0.13999999999999999,0.5328162504025937,0.7287721473083739
H2,static_mlp,1,2,"{'epochs': 20, 'lr': 0.0013600354276939186, 'weight_decay': 0.0002561422145352972, 'batch_size': 512, 'dropout': 0.1, 'static_h': 64, 'rnn_h': 32, 'cw_power': 1.0}",0.12000000000000001,0.5289895502342714,0.7333783822141158
H2,static_mlp,1,3,"{'epochs': 10, 'lr': 0.00038312317384388983, 'weight_decay': 0.009306624306414123, 'batch_size': 512, 'dropout': 0.2, 'static_h': 256, 'rnn_h': 128, 'cw_power': 0.0}",0.15,0.5319318227385389,0.7220600778293086
H2,static_mlp,1,4,"{'epochs': 20, 'lr': 0.0021082181092978527, 'weight_decay': 0.0003845077555306944, 'batch_size': 512, 'dropout': 0.5, 'static_h': 64, 'rnn_h': 128, 'cw_power': 0.0}",0.13999999999999999,0.5325024496429628,0.7260733627044771
H2,static_mlp,1,5,"{'epochs': 10, 'lr': 0.00037951526437380033, 'weight_decay': 0.005509316822141198, 'batch_size': 1024, 'dropout': 0.1, 'static_h': 128, 'rnn_h': 128, 'cw_power': 1.0}",0.11,0.4666474901867904,0.6990872713919585
H2,static_mlp,2,0,"{'epochs': 15, 'lr': 0.001, 'weight_decay': 0.01, 'batch_size': 512, 'dropout': 0.2, 'static_h': 128, 'rnn_h': 64, 'cw_power': 1.0}",0.12000000000000001,0.5149794804596433,0.7168888888888889
H2,static_mlp,2,1,"{'epochs': 15, 'lr': 0.0023562080644923262, 'weight_decay': 0.00034071861357746986, 'batch_size': 512, 'dropout': 0.5, 'static_h': 128, 'rnn_h': 128, 'cw_power': 1.0}",0.15,0.5162575481906557,0.7333294917694494
H2,static_mlp,2,2,"{'epochs': 10, 'lr': 0.00044974821713226625, 'weight_decay': 0.01716138923374716, 'batch_size': 512, 'dropout': 0.2, 'static_h': 256, 'rnn_h': 32, 'cw_power': 0.0}",0.16999999999999998,0.5176419935476347,0.7259981477467536
H2,static_mlp,2,3,"{'epochs': 15, 'lr': 0.0008273253632600505, 'weight_decay': 0.0004452878497538864, 'batch_size': 1024, 'dropout': 0.3, 'static_h': 256, 'rnn_h': 64, 'cw_power': 0.5}",0.13999999999999999,0.5294772795578971,0.7187459168024867
H2,static_mlp,2,4,"{'epochs': 10, 'lr': 0.0028378964920789938, 'weight_decay': 0.00039957891350440037, 'batch_size': 1024, 'dropout': 0.5, 'static_h': 64, 'rnn_h': 32, 'cw_power': 0.0}",0.13,0.5116165729075861,0.72629100645592
H2,static_mlp,2,5,"{'epochs': 10, 'lr': 0.0014526074605147544, 'weight_decay': 0.0024436885209792084, 'batch_size': 512, 'dropout': 0.3, 'static_h': 64, 'rnn_h': 32, 'cw_power': 1.0}",0.11,0.5227651360629886,0.727626821935533
H2,static_mlp,3,0,"{'epochs': 15, 'lr': 0.001, 'weight_decay': 0.01, 'batch_size': 512, 'dropout': 0.2, 'static_h': 128, 'rnn_h': 64, 'cw_power': 1.0}",0.11,0.5596131052610606,0.7635441640978803
H2,static_mlp,3,1,"{'epochs': 15, 'lr': 0.0008126982931591127, 'weight_decay': 0.0006321902080161632, 'batch_size': 1024, 'dropout': 0.5, 'static_h': 64, 'rnn_h': 32, 'cw_power': 0.5}",0.16,0.5521801083269351,0.7487450672283966
H2,static_mlp,3,2,"{'epochs': 20, 'lr': 0.0029390500646619224, 'weight_decay': 0.08511259126120115, 'batch_size': 1024, 'dropout': 0.1, 'static_h': 64, 'rnn_h': 32, 'cw_power': 0.0}",0.11,0.5407622344613465,0.7545648285572935
H2,static_mlp,3,3,"{'epochs': 15, 'lr': 0.0007041643860754954, 'weight_decay': 0.010991006807239348, 'batch_size': 512, 'dropout': 0.1, 'static_h': 128, 'rnn_h': 128, 'cw_power': 0.5}",0.12000000000000001,0.5756105876485099,0.7573333333333334
H2,static_mlp,3,4,"{'epochs': 20, 'lr': 0.0015134703293542544, 'weight_decay': 0.003893167725218434, 'batch_size': 1024, 'dropout': 0.5, 'static_h': 64, 'rnn_h': 128, 'cw_power': 0.5}",0.12000000000000001,0.5648434480063897,0.7573333333333334
H2,static_mlp,3,5,"{'epochs': 15, 'lr': 0.0014634250547008293, 'weight_decay': 0.000557746380716688, 'batch_size': 512, 'dropout': 0.2, 'static_h': 128, 'rnn_h': 128, 'cw_power': 0.0}",0.12000000000000001,0.5528534227218755,0.7573333333333334
H2,static_mlp,4,0,"{'epochs': 15, 'lr': 0.001, 'weight_decay': 0.01, 'batch_size': 512, 'dropout': 0.2, 'static_h': 128, 'rnn_h': 64, 'cw_power': 1.0}",0.11,0.5166697394721268,0.7306199337823953
H2,static_mlp,4,1,"{'epochs': 10, 'lr': 0.0012729316949005988, 'weight_decay': 0.03062704377099432, 'batch_size': 1024, 'dropout': 0.5, 'static_h': 128, 'rnn_h': 32, 'cw_power': 0.5}",0.13999999999999999,0.47296883430233067,0.7295633815408527
H2,static_mlp,4,2,"{'epochs': 20, 'lr': 0.0018168817997807627, 'weight_decay': 0.029191639675233777, 'batch_size': 1024, 'dropout': 0.3, 'static_h': 256, 'rnn_h': 32, 'cw_power': 1.0}",0.09000000000000001,0.5184271882657371,0.7276687158672872
H2,static_mlp,4,3,"{'epochs': 15, 'lr': 0.0014164632885963527, 'weight_decay': 0.02173107948167372, 'batch_size': 512, 'dropout': 0.3, 'static_h': 256, 'rnn_h': 64, 'cw_power': 0.0}",0.1,0.5149072261331193,0.735009088087955
H2,static_mlp,4,4,"{'epochs': 20, 'lr': 0.0005662117369581541, 'weight_decay': 0.002986959587089731, 'batch_size': 512, 'dropout': 0.5, 'static_h': 128, 'rnn_h': 128, 'cw_power': 0.5}",0.12000000000000001,0.4980117852313991,0.7284444444444444
H2,static_mlp,4,5,"{'epochs': 15, 'lr': 0.0005537177441054753, 'weight_decay': 0.005189679410374026, 'batch_size': 512, 'dropout': 0.5, 'static_h': 256, 'rnn_h': 32, 'cw_power': 0.0}",0.13999999999999999,0.5010342590716044,0.7268590153562611
H2,static_mlp,5,0,"{'epochs': 15, 'lr': 0.001, 'weight_decay': 0.01, 'batch_size': 512, 'dropout': 0.2, 'static_h': 128, 'rnn_h': 64, 'cw_power': 1.0}",0.12000000000000001,0.4813328613216847,0.7197777777777777
H2,static_mlp,5,1,"{'epochs': 10, 'lr': 0.0018993021755933025, 'weight_decay': 0.0013662903736195084, 'batch_size': 1024, 'dropout': 0.2, 'static_h': 128, 'rnn_h': 32, 'cw_power': 0.0}",0.13999999999999999,0.49611281259402856,0.7241546491716696
H2,static_mlp,5,2,"{'epochs': 15, 'lr': 0.0015757487728087385, 'weight_decay': 0.018660844154415903, 'batch_size': 512, 'dropout': 0.5, 'static_h': 64, 'rnn_h': 128, 'cw_power': 0.5}",0.13,0.49755471239766913,0.7374628021107805
H2,static_mlp,5,3,"{'epochs': 15, 'lr': 0.002521613247779393, 'weight_decay': 0.0014717926478722636, 'batch_size': 512, 'dropout': 0.1, 'static_h': 128, 'rnn_h': 32, 'cw_power': 0.5}",0.11,0.4893783906739185,0.7006888153137725
H2,static_mlp,5,4,"{'epochs': 20, 'lr': 0.0006360494927641924, 'weight_decay': 0.09472175444637572, 'batch_size': 512, 'dropout': 0.5, 'static_h': 128, 'rnn_h': 64, 'cw_power': 0.0}",0.13,0.4958085784605288,0.7290839553696351
H2,static_mlp,5,5,"{'epochs': 20, 'lr': 0.00048208967924263544, 'weight_decay': 0.00038640672891145105, 'batch_size': 1024, 'dropout': 0.3, 'static_h': 64, 'rnn_h': 64, 'cw_power': 0.0}",0.13999999999999999,0.4596809382317529,0.7160415506178952
H2,lstm,1,0,"{'epochs': 15, 'lr': 0.001, 'weight_decay': 0.01, 'batch_size': 512, 'dropout': 0.2, 'static_h': 128, 'rnn_h': 64, 'cw_power': 1.0}",0.07,0.32138014217108835,0.624819078745285
H2,lstm,1,1,"{'epochs': 15, 'lr': 0.0005781292537268338, 'weight_decay': 0.00033126546100840297, 'batch_size': 512, 'dropout': 0.5, 'static_h': 128, 'rnn_h': 64, 'cw_power': 1.0}",0.1,0.30668197611752473,0.6114603561201988
H2,lstm,1,2,"{'epochs': 15, 'lr': 0.00044244847230015256, 'weight_decay': 0.0039932625943406835, 'batch_size': 1024, 'dropout': 0.3, 'static_h': 64, 'rnn_h': 32, 'cw_power': 0.0}",0.08,0.24447017855218411,0.6004137088054158
H2,lstm,1,3,"{'epochs': 15, 'lr': 0.00044208505898207296, 'weight_decay': 0.009521995713737526, 'batch_size': 512, 'dropout': 0.5, 'static_h': 128, 'rnn_h': 32, 'cw_power': 1.0}",0.04,0.3000060724781571,0.6239147589259343
H2,lstm,1,4,"{'epochs': 10, 'lr': 0.001743335127844201, 'weight_decay': 0.007051939477106977, 'batch_size': 512, 'dropout': 0.5, 'static_h': 256, 'rnn_h': 128, 'cw_power': 0.0}",0.08,0.32434435952915147,0.624374741567724
H2,lstm,1,5,"{'epochs': 10, 'lr': 0.001127828499147836, 'weight_decay': 0.0007124039324552345, 'batch_size': 512, 'dropout': 0.2, 'static_h': 64, 'rnn_h': 64, 'cw_power': 0.5}",0.05,0.31787307303060497,0.625716965995887
H2,lstm,2,0,"{'epochs': 15, 'lr': 0.001, 'weight_decay': 0.01, 'batch_size': 512, 'dropout': 0.2, 'static_h': 128, 'rnn_h': 64, 'cw_power': 1.0}",0.18,0.27966261366240264,0.6011418121465454
H2,lstm,2,1,"{'epochs': 20, 'lr': 0.0019824630470216477, 'weight_decay': 0.000529237027236993, 'batch_size': 1024, 'dropout': 0.1, 'static_h': 64, 'rnn_h': 32, 'cw_power': 0.5}",0.19999999999999998,0.27264253485441975,0.6003556910569106
H2,lstm,2,2,"{'epochs': 10, 'lr': 0.0017063521962140352, 'weight_decay': 0.00018919149757462458, 'batch_size': 512, 'dropout': 0.5, 'static_h': 256, 'rnn_h': 128, 'cw_power': 1.0}",0.15,0.2831844737946987,0.5993374137422761
H2,lstm,2,3,"{'epochs': 20, 'lr': 0.00046448163061618865, 'weight_decay': 0.031147029572942117, 'batch_size': 1024, 'dropout': 0.3, 'static_h': 256, 'rnn_h': 64, 'cw_power': 0.5}",0.13,0.2493224009709721,0.5810576629427348
H2,lstm,2,4,"{'epochs': 15, 'lr': 0.0007974324918536568, 'weight_decay': 0.00024496906544255057, 'batch_size': 512, 'dropout': 0.2, 'static_h': 64, 'rnn_h': 64, 'cw_power': 0.5}",0.15,0.2761303604666864,0.6019647093898678
H2,lstm,2,5,"{'epochs': 20, 'lr': 0.0008577991934471089, 'weight_decay': 0.0002404952506352788, 'batch_size': 512, 'dropout': 0.2, 'static_h': 128, 'rnn_h': 32, 'cw_power': 0.5}",0.16999999999999998,0.27138697700511694,0.5995357543991015
H2,lstm,3,0,"{'epochs': 15, 'lr': 0.001, 'weight_decay': 0.01, 'batch_size': 512, 'dropout': 0.2, 'static_h': 128, 'rnn_h': 64, 'cw_power': 1.0}",0.16999999999999998,0.39648348681733814,0.6466491950580306
H2,lstm,3,1,"{'epochs': 15, 'lr': 0.0006475525203413267, 'weight_decay': 0.00016052147473402447, 'batch_size': 1024, 'dropout': 0.2, 'static_h': 128, 'rnn_h': 64, 'cw_power': 0.5}",0.13,0.335364994827573,0.6117801009936009
H2,lstm,3,2,"{'epochs': 10, 'lr': 0.0006282721052176568, 'weight_decay': 0.00403365110817988, 'batch_size': 512, 'dropout': 0.3, 'static_h': 256, 'rnn_h': 64, 'cw_power': 0.5}",0.15,0.3523092731816937,0.6203557789230092
H2,lstm,3,3,"{'epochs': 10, 'lr': 0.0016117850259565877, 'weight_decay': 0.00019456319507456544, 'batch_size': 1024, 'dropout': 0.1, 'static_h': 256, 'rnn_h': 32, 'cw_power': 1.0}",0.15,0.2655503031926187,0.6019647093898678
H2,lstm,3,4,"{'epochs': 10, 'lr': 0.0005341722465937723, 'weight_decay': 0.0745727409581052, 'batch_size': 1024, 'dropout': 0.2, 'static_h': 256, 'rnn_h': 64, 'cw_power': 1.0}",0.18,0.21259368959905936,0.5914725227440374
H2,lstm,3,5,"{'epochs': 10, 'lr': 0.0014508915835188105, 'weight_decay': 0.00021653953883532013, 'batch_size': 512, 'dropout': 0.5, 'static_h': 128, 'rnn_h': 64, 'cw_power': 1.0}",0.18,0.3707154535059856,0.6374016474059503
H2,lstm,4,0,"{'epochs': 15, 'lr': 0.001, 'weight_decay': 0.01, 'batch_size': 512, 'dropout': 0.2, 'static_h': 128, 'rnn_h': 64, 'cw_power': 1.0}",0.16,0.29953353069924776,0.6058996232161143
H2,lstm,4,1,"{'epochs': 20, 'lr': 0.00041638107437619814, 'weight_decay': 0.00012014637634670414, 'batch_size': 512, 'dropout': 0.3, 'static_h': 256, 'rnn_h': 64, 'cw_power': 1.0}",0.13,0.2702086862043787,0.5922294585975951
H2,lstm,4,2,"{'epochs': 10, 'lr': 0.0012111589445439846, 'weight_decay': 0.00025384866815821315, 'batch_size': 512, 'dropout': 0.5, 'static_h': 128, 'rnn_h': 32, 'cw_power': 0.0}",0.16,0.24302931361458505,0.5727390737132632
H2,lstm,4,3,"{'epochs': 10, 'lr': 0.0009904975437141084, 'weight_decay': 0.0019618729909686955, 'batch_size': 512, 'dropout': 0.1, 'static_h': 64, 'rnn_h': 128, 'cw_power': 0.5}",0.19,0.29828784498301864,0.5996376811594203
H2,lstm,4,4,"{'epochs': 15, 'lr': 0.0014185031003947943, 'weight_decay': 0.01631884136255606, 'batch_size': 1024, 'dropout': 0.1, 'static_h': 256, 'rnn_h': 64, 'cw_power': 1.0}",0.19,0.2856239064588748,0.5996376811594203
H2,lstm,4,5,"{'epochs': 20, 'lr': 0.00046880104895383304, 'weight_decay': 0.0004960063874809901, 'batch_size': 1024, 'dropout': 0.1, 'static_h': 256, 'rnn_h': 128, 'cw_power': 0.5}",0.16999999999999998,0.2757389291738212,0.5945764448560562
H2,lstm,5,0,"{'epochs': 15, 'lr': 0.001, 'weight_decay': 0.01, 'batch_size': 512, 'dropout': 0.2, 'static_h': 128, 'rnn_h': 64, 'cw_power': 1.0}",0.11,0.28081684792049766,0.5860613822859846
H2,lstm,5,1,"{'epochs': 20, 'lr': 0.001965661369800074, 'weight_decay': 0.0050802397052463364, 'batch_size': 1024, 'dropout': 0.2, 'static_h': 256, 'rnn_h': 64, 'cw_power': 1.0}",0.18,0.28136582718703096,0.5987244897959183
H2,lstm,5,2,"{'epochs': 20, 'lr': 0.0015030939212331677, 'weight_decay': 0.0011057876163789282, 'batch_size': 1024, 'dropout': 0.5, 'static_h': 64, 'rnn_h': 64, 'cw_power': 0.0}",0.18,0.2769131984838322,0.5987244897959183
H2,lstm,5,3,"{'epochs': 20, 'lr': 0.0008549442449076081, 'weight_decay': 0.003223057589716503, 'batch_size': 512, 'dropout': 0.1, 'static_h': 256, 'rnn_h': 128, 'cw_power': 0.5}",0.19,0.2700251256615437,0.5972826086956522
H2,lstm,5,4,"{'epochs': 20, 'lr': 0.0021067433788578426, 'weight_decay': 0.0005614008391487599, 'batch_size': 1024, 'dropout': 0.5, 'static_h': 128, 'rnn_h': 128, 'cw_power': 0.0}",0.19,0.27710289169912206,0.5996376811594203
H2,lstm,5,5,"{'epochs': 10, 'lr': 0.001693677237823816, 'weight_decay': 0.049624803024932565, 'batch_size': 512, 'dropout': 0.5, 'static_h': 64, 'rnn_h': 32, 'cw_power': 1.0}",0.16,0.28934129671355446,0.595696377215237
H2,hyb1,1,0,"{'epochs': 15, 'lr': 0.001, 'weight_decay': 0.01, 'batch_size': 512, 'dropout': 0.2, 'static_h': 128, 'rnn_h': 64, 'cw_power': 1.0}",0.13,0.5581843112050737,0.7533559676155654
H2,hyb1,1,1,"{'epochs': 15, 'lr': 0.00035880709682826394, 'weight_decay': 0.003379296491027595, 'batch_size': 1024, 'dropout': 0.5, 'static_h': 64, 'rnn_h': 128, 'cw_power': 1.0}",0.1,0.4670073957818797,0.6939222873036264
H2,hyb1,1,2,"{'epochs': 10, 'lr': 0.001579746667672951, 'weight_decay': 0.0004217318611808224, 'batch_size': 1024, 'dropout': 0.5, 'static_h': 64, 'rnn_h': 64, 'cw_power': 0.0}",0.13,0.49981685272814325,0.7171257707681343
H2,hyb1,1,3,"{'epochs': 20, 'lr': 0.00041882822317555225, 'weight_decay': 0.0013798980922156384, 'batch_size': 512, 'dropout': 0.3, 'static_h': 128, 'rnn_h': 128, 'cw_power': 0.0}",0.13999999999999999,0.5510582781142527,0.7341697165161674
H2,hyb1,1,4,"{'epochs': 15, 'lr': 0.0009629425338850481, 'weight_decay': 0.005080252290943449, 'batch_size': 512, 'dropout': 0.2, 'static_h': 64, 'rnn_h': 64, 'cw_power': 0.0}",0.13999999999999999,0.554034849457454,0.739567285723961
H2,hyb1,1,5,"{'epochs': 20, 'lr': 0.002022376938897641, 'weight_decay': 0.0011885836138259324, 'batch_size': 1024, 'dropout': 0.3, 'static_h': 64, 'rnn_h': 32, 'cw_power': 1.0}",0.16999999999999998,0.535602451245762,0.7227897146882705
H2,hyb1,2,0,"{'epochs': 15, 'lr': 0.001, 'weight_decay': 0.01, 'batch_size': 512, 'dropout': 0.2, 'static_h': 128, 'rnn_h': 64, 'cw_power': 1.0}",0.1,0.5108927665327028,0.725711161354199
H2,hyb1,2,1,"{'epochs': 15, 'lr': 0.0010230443258287536, 'weight_decay': 0.00024206336032013673, 'batch_size': 512, 'dropout': 0.2, 'static_h': 64, 'rnn_h': 128, 'cw_power': 0.0}",0.13999999999999999,0.5389959896645955,0.7295633815408527
H2,hyb1,2,2,"{'epochs': 10, 'lr': 0.00223967492357061, 'weight_decay': 0.0025780010315611937, 'batch_size': 1024, 'dropout': 0.3, 'static_h': 128, 'rnn_h': 128, 'cw_power': 0.0}",0.15,0.527712450670781,0.7201930135314912
H2,hyb1,2,3,"{'epochs': 20, 'lr': 0.0020656030826244924, 'weight_decay': 0.002031414620581295, 'batch_size': 1024, 'dropout': 0.3, 'static_h': 128, 'rnn_h': 64, 'cw_power': 0.0}",0.13,0.530568900180683,0.72629100645592
H2,hyb1,2,4,"{'epochs': 20, 'lr': 0.0023858225912527383, 'weight_decay': 0.00023393705903167308, 'batch_size': 512, 'dropout': 0.2, 'static_h': 128, 'rnn_h': 64, 'cw_power': 1.0}",0.11,0.5368585349507852,0.7306199337823953
H2,hyb1,2,5,"{'epochs': 10, 'lr': 0.00040418789728416756, 'weight_decay': 0.0003458722297366875, 'batch_size': 1024, 'dropout': 0.1, 'static_h': 128, 'rnn_h': 32, 'cw_power': 0.0}",0.15,0.43640773336506844,0.6834108744652083
H2,hyb1,3,0,"{'epochs': 15, 'lr': 0.001, 'weight_decay': 0.01, 'batch_size': 512, 'dropout': 0.2, 'static_h': 128, 'rnn_h': 64, 'cw_power': 1.0}",0.13999999999999999,0.593936515747018,0.7647201419405418
H2,hyb1,3,1,"{'epochs': 15, 'lr': 0.002260247232547262, 'weight_decay': 0.0004694558437599121, 'batch_size': 1024, 'dropout': 0.5, 'static_h': 256, 'rnn_h': 128, 'cw_power': 0.0}",0.15,0.5872541986248935,0.7517205613025908
H2,hyb1,3,2,"{'epochs': 10, 'lr': 0.0010252003290158564, 'weight_decay': 0.04310578408499409, 'batch_size': 512, 'dropout': 0.2, 'static_h': 128, 'rnn_h': 128, 'cw_power': 0.5}",0.1,0.6042235527356448,0.7629028682892228
H2,hyb1,3,3,"{'epochs': 10, 'lr': 0.001840762172895544, 'weight_decay': 0.03138102517249251, 'batch_size': 1024, 'dropout': 0.1, 'static_h': 64, 'rnn_h': 64, 'cw_power': 0.0}",0.15,0.5676717484916753,0.764857039540549
H2,hyb1,3,4,"{'epochs': 20, 'lr': 0.0003886581862167593, 'weight_decay': 0.0016619833985748954, 'batch_size': 512, 'dropout': 0.1, 'static_h': 256, 'rnn_h': 32, 'cw_power': 0.0}",0.13999999999999999,0.5837245490677211,0.7593114095713589
H2,hyb1,3,5,"{'epochs': 10, 'lr': 0.0022478509535268153, 'weight_decay': 0.014726733412627539, 'batch_size': 1024, 'dropout': 0.5, 'static_h': 256, 'rnn_h': 64, 'cw_power': 1.0}",0.09000000000000001,0.6013689410706139,0.7663429810695659
H2,hyb1,4,0,"{'epochs': 15, 'lr': 0.001, 'weight_decay': 0.01, 'batch_size': 512, 'dropout': 0.2, 'static_h': 128, 'rnn_h': 64, 'cw_power': 1.0}",0.11,0.5377265429148386,0.7336130456292576
H2,hyb1,4,1,"{'epochs': 15, 'lr': 0.0010816439342566536, 'weight_decay': 0.00021722957094959068, 'batch_size': 512, 'dropout': 0.1, 'static_h': 64, 'rnn_h': 64, 'cw_power': 0.5}",0.12000000000000001,0.5404787162490937,0.7284444444444444
H2,hyb1,4,2,"{'epochs': 10, 'lr': 0.0008997668201033907, 'weight_decay': 0.001185032937173704, 'batch_size': 1024, 'dropout': 0.3, 'static_h': 256, 'rnn_h': 32, 'cw_power': 0.5}",0.12000000000000001,0.4787515044864021,0.7255555555555555
H2,hyb1,4,3,"{'epochs': 10, 'lr': 0.0016218753904558667, 'weight_decay': 0.01950094119673912, 'batch_size': 512, 'dropout': 0.5, 'static_h': 128, 'rnn_h': 128, 'cw_power': 1.0}",0.13999999999999999,0.5275393536550824,0.732267747725444
H2,hyb1,4,4,"{'epochs': 10, 'lr': 0.0009219099503475576, 'weight_decay': 0.007538062187135504, 'batch_size': 512, 'dropout': 0.5, 'static_h': 128, 'rnn_h': 64, 'cw_power': 1.0}",0.12000000000000001,0.5146861354870522,0.7342222222222222
H2,hyb1,4,5,"{'epochs': 10, 'lr': 0.002518214971155659, 'weight_decay': 0.0003939969586953616, 'batch_size': 1024, 'dropout': 0.5, 'static_h': 128, 'rnn_h': 32, 'cw_power': 0.0}",0.1,0.4990841350548075,0.725711161354199
H2,hyb1,5,0,"{'epochs': 15, 'lr': 0.001, 'weight_decay': 0.01, 'batch_size': 512, 'dropout': 0.2, 'static_h': 128, 'rnn_h': 64, 'cw_power': 1.0}",0.15,0.5074220149132762,0.7228203091790828
H2,hyb1,5,1,"{'epochs': 20, 'lr': 0.0007106585667936702, 'weight_decay': 0.005485085632653561, 'batch_size': 1024, 'dropout': 0.2, 'static_h': 256, 'rnn_h': 64, 'cw_power': 0.0}",0.16999999999999998,0.5182362643142978,0.7284778025182762
H2,hyb1,5,2,"{'epochs': 20, 'lr': 0.0013749913842988973, 'weight_decay': 0.04395998044374599, 'batch_size': 512, 'dropout': 0.1, 'static_h': 256, 'rnn_h': 32, 'cw_power': 0.0}",0.13,0.47814908953180396,0.7207051086284899
H2,hyb1,5,3,"{'epochs': 20, 'lr': 0.000532408879875881, 'weight_decay': 0.06183016953483377, 'batch_size': 1024, 'dropout': 0.1, 'static_h': 256, 'rnn_h': 128, 'cw_power': 1.0}",0.15,0.5025313950586623,0.7228203091790828
H2,hyb1,5,4,"{'epochs': 15, 'lr': 0.0005949689575336594, 'weight_decay': 0.004928573709882589, 'batch_size': 1024, 'dropout': 0.5, 'static_h': 256, 'rnn_h': 64, 'cw_power': 0.0}",0.15,0.4737312925972735,0.7280749004742662
H2,hyb1,5,5,"{'epochs': 15, 'lr': 0.00041762789292319746, 'weight_decay': 0.02846951424842078, 'batch_size': 512, 'dropout': 0.1, 'static_h': 64, 'rnn_h': 32, 'cw_power': 0.0}",0.13999999999999999,0.48780085762505576,0.7295633815408527
H2,hyb2,1,0,"{'epochs': 15, 'lr': 0.001, 'weight_decay': 0.01, 'batch_size': 512, 'dropout': 0.2, 'static_h': 128, 'rnn_h': 64, 'cw_power': 1.0}",0.16,0.5315714633795525,0.7403144409937888
H2,hyb2,1,1,"{'epochs': 15, 'lr': 0.00039067780984313274, 'weight_decay': 0.022279004454554028, 'batch_size': 1024, 'dropout': 0.5, 'static_h': 128, 'rnn_h': 32, 'cw_power': 0.0}",0.19999999999999998,0.47949508346098624,0.689298734407721
H2,hyb2,1,2,"{'epochs': 10, 'lr': 0.0005201368702565327, 'weight_decay': 0.048321596143628645, 'batch_size': 1024, 'dropout': 0.5, 'static_h': 256, 'rnn_h': 64, 'cw_power': 1.0}",0.19,0.49308722771721386,0.704945604400939
H2,hyb2,1,3,"{'epochs': 10, 'lr': 0.002683661968482022, 'weight_decay': 0.006560139735745196, 'batch_size': 512, 'dropout': 0.2, 'static_h': 128, 'rnn_h': 64, 'cw_power': 1.0}",0.11,0.5563974991135515,0.737818612697944
H2,hyb2,1,4,"{'epochs': 20, 'lr': 0.002295751619407281, 'weight_decay': 0.0005004959326798051, 'batch_size': 1024, 'dropout': 0.1, 'static_h': 128, 'rnn_h': 32, 'cw_power': 0.5}",0.1,0.5550713522708334,0.7310226161153079
H2,hyb2,1,5,"{'epochs': 20, 'lr': 0.0012748867362597025, 'weight_decay': 0.035449962463533866, 'batch_size': 512, 'dropout': 0.5, 'static_h': 128, 'rnn_h': 128, 'cw_power': 0.0}",0.13,0.5621727362210592,0.744995152958466
H2,hyb2,2,0,"{'epochs': 15, 'lr': 0.001, 'weight_decay': 0.01, 'batch_size': 512, 'dropout': 0.2, 'static_h': 128, 'rnn_h': 64, 'cw_power': 1.0}",0.11,0.5382557714103768,0.7366061574761198
H2,hyb2,2,1,"{'epochs': 15, 'lr': 0.002687250238949793, 'weight_decay': 0.0893934155061458, 'batch_size': 512, 'dropout': 0.5, 'static_h': 128, 'rnn_h': 64, 'cw_power': 1.0}",0.12000000000000001,0.5523638016126242,0.7342222222222222
H2,hyb2,2,2,"{'epochs': 10, 'lr': 0.0013969946526311006, 'weight_decay': 0.00472315056490195, 'batch_size': 1024, 'dropout': 0.1, 'static_h': 256, 'rnn_h': 32, 'cw_power': 0.5}",0.13999999999999999,0.5225058116797584,0.7187459168024867
H2,hyb2,2,3,"{'epochs': 15, 'lr': 0.0005773936234133642, 'weight_decay': 0.00044036025860361703, 'batch_size': 1024, 'dropout': 0.3, 'static_h': 64, 'rnn_h': 64, 'cw_power': 0.5}",0.18,0.48255202438737016,0.7123386402753873
H2,hyb2,2,4,"{'epochs': 15, 'lr': 0.001689405740020505, 'weight_decay': 0.00012414763999118338, 'batch_size': 1024, 'dropout': 0.2, 'static_h': 64, 'rnn_h': 128, 'cw_power': 1.0}",0.1,0.5247337572284303,0.725711161354199
H2,hyb2,2,5,"{'epochs': 10, 'lr': 0.001447754772590804, 'weight_decay': 0.00022675507943997771, 'batch_size': 1024, 'dropout': 0.2, 'static_h': 64, 'rnn_h': 64, 'cw_power': 1.0}",0.12000000000000001,0.5227945035326471,0.7197777777777777
H2,hyb2,3,0,"{'epochs': 15, 'lr': 0.001, 'weight_decay': 0.01, 'batch_size': 512, 'dropout': 0.2, 'static_h': 128, 'rnn_h': 64, 'cw_power': 1.0}",0.13,0.5949606673063617,0.7709781890753616
H2,hyb2,3,1,"{'epochs': 20, 'lr': 0.0019149724524312312, 'weight_decay': 0.08494628021790206, 'batch_size': 512, 'dropout': 0.5, 'static_h': 64, 'rnn_h': 32, 'cw_power': 0.5}",0.1,0.5967932858556545,0.7629028682892228
H2,hyb2,3,2,"{'epochs': 20, 'lr': 0.0005576163450656719, 'weight_decay': 0.00013486934498486595, 'batch_size': 1024, 'dropout': 0.2, 'static_h': 256, 'rnn_h': 64, 'cw_power': 0.5}",0.11,0.5969329258398528,0.7695303877916049
H2,hyb2,3,3,"{'epochs': 15, 'lr': 0.0018987355497209052, 'weight_decay': 0.006576483739519522, 'batch_size': 1024, 'dropout': 0.5, 'static_h': 128, 'rnn_h': 32, 'cw_power': 0.0}",0.13,0.5873999755359502,0.7625993423342163
H2,hyb2,3,4,"{'epochs': 10, 'lr': 0.0015551548556877784, 'weight_decay': 0.00011806517107587756, 'batch_size': 1024, 'dropout': 0.1, 'static_h': 128, 'rnn_h': 64, 'cw_power': 0.5}",0.13,0.5829283096661843,0.7681852401616466
H2,hyb2,3,5,"{'epochs': 10, 'lr': 0.0005779963280576946, 'weight_decay': 0.002470643573540375, 'batch_size': 512, 'dropout': 0.3, 'static_h': 128, 'rnn_h': 32, 'cw_power': 0.5}",0.12000000000000001,0.5911093040480432,0.7573333333333334
H2,hyb2,4,0,"{'epochs': 15, 'lr': 0.001, 'weight_decay': 0.01, 'batch_size': 512, 'dropout': 0.2, 'static_h': 128, 'rnn_h': 64, 'cw_power': 1.0}",0.1,0.5487260389345311,0.7381083969992069
H2,hyb2,4,1,"{'epochs': 10, 'lr': 0.0005594470763694929, 'weight_decay': 0.019477135006195318, 'batch_size': 1024, 'dropout': 0.5, 'static_h': 128, 'rnn_h': 64, 'cw_power': 1.0}",0.13999999999999999,0.47524574057066654,0.691702254956572
H2,hyb2,4,2,"{'epochs': 15, 'lr': 0.0009909951464838389, 'weight_decay': 0.00032627160375973193, 'batch_size': 1024, 'dropout': 0.2, 'static_h': 128, 'rnn_h': 32, 'cw_power': 0.5}",0.11,0.5251762154618751,0.7306199337823953
H2,hyb2,4,3,"{'epochs': 10, 'lr': 0.0008045521334288846, 'weight_decay': 0.0010693110348937952, 'batch_size': 1024, 'dropout': 0.3, 'static_h': 128, 'rnn_h': 128, 'cw_power': 1.0}",0.12000000000000001,0.484429649629863,0.7255555555555555
H2,hyb2,4,4,"{'epochs': 10, 'lr': 0.00043963548281678825, 'weight_decay': 0.09668118185731016, 'batch_size': 1024, 'dropout': 0.1, 'static_h': 64, 'rnn_h': 32, 'cw_power': 0.5}",0.12000000000000001,0.4314059174898862,0.6822222222222223
H2,hyb2,4,5,"{'epochs': 15, 'lr': 0.0007593280025105715, 'weight_decay': 0.000666702615154639, 'batch_size': 1024, 'dropout': 0.2, 'static_h': 128, 'rnn_h': 128, 'cw_power': 0.0}",0.15,0.4851987190880249,0.7254476048266745
H2,hyb2,5,0,"{'epochs': 15, 'lr': 0.001, 'weight_decay': 0.01, 'batch_size': 512, 'dropout': 0.2, 'static_h': 128, 'rnn_h': 64, 'cw_power': 1.0}",0.13,0.506818835093626,0.7151192108010597
H2,hyb2,5,1,"{'epochs': 10, 'lr': 0.0003178716394222952, 'weight_decay': 0.013822931853874162, 'batch_size': 512, 'dropout': 0.2, 'static_h': 256, 'rnn_h': 64, 'cw_power': 0.0}",0.16999999999999998,0.4696245356938292,0.7235184929752311
H2,hyb2,5,2,"{'epochs': 15, 'lr': 0.00226133501692083, 'weight_decay': 0.001277327463065422, 'batch_size': 512, 'dropout': 0.5, 'static_h': 128, 'rnn_h': 64, 'cw_power': 1.0}",0.08,0.5172708051669301,0.7162071420869857
H2,hyb2,5,3,"{'epochs': 15, 'lr': 0.00034047046569411245, 'weight_decay': 0.00013573213831798617, 'batch_size': 512, 'dropout': 0.3, 'static_h': 256, 'rnn_h': 32, 'cw_power': 0.0}",0.13999999999999999,0.4802462592728595,0.7349721139100356
H2,hyb2,5,4,"{'epochs': 15, 'lr': 0.0006717623469426328, 'weight_decay': 0.08302653164909057, 'batch_size': 512, 'dropout': 0.1, 'static_h': 64, 'rnn_h': 32, 'cw_power': 0.0}",0.12000000000000001,0.5133874861834778,0.7226666666666667
H2,hyb2,5,5,"{'epochs': 10, 'lr': 0.0028321565223077215, 'weight_decay': 0.00013018266633628905, 'batch_size': 1024, 'dropout': 0.5, 'static_h': 64, 'rnn_h': 128, 'cw_power': 1.0}",0.12000000000000001,0.4801283164591401,0.7255555555555555
H2,hyb3,1,0,"{'epochs': 15, 'lr': 0.001, 'weight_decay': 0.01, 'batch_size': 512, 'dropout': 0.2, 'static_h': 128, 'rnn_h': 64, 'cw_power': 1.0}",0.12000000000000001,0.5517621341301053,0.7391431739500269
H2,hyb3,1,1,"{'epochs': 20, 'lr': 0.0003538237034980365, 'weight_decay': 0.028908137016449814, 'batch_size': 1024, 'dropout': 0.2, 'static_h': 128, 'rnn_h': 64, 'cw_power': 1.0}",0.16,0.5234378149693782,0.7275847567287785
H2,hyb3,1,2,"{'epochs': 10, 'lr': 0.0010388562265183328, 'weight_decay': 0.0014462097518201404, 'batch_size': 1024, 'dropout': 0.1, 'static_h': 128, 'rnn_h': 64, 'cw_power': 0.0}",0.19999999999999998,0.5066535940077163,0.7236937084585269
H2,hyb3,1,3,"{'epochs': 10, 'lr': 0.002831575297855779, 'weight_decay': 0.09212918031218086, 'batch_size': 512, 'dropout': 0.1, 'static_h': 256, 'rnn_h': 32, 'cw_power': 0.5}",0.13999999999999999,0.5773422874648572,0.7422660703278577
H2,hyb3,1,4,"{'epochs': 15, 'lr': 0.001316431275626808, 'weight_decay': 0.0011509905654851881, 'batch_size': 512, 'dropout': 0.3, 'static_h': 128, 'rnn_h': 64, 'cw_power': 0.0}",0.12000000000000001,0.5485148350158218,0.7362607780820714
H2,hyb3,1,5,"{'epochs': 10, 'lr': 0.001361229069951633, 'weight_decay': 0.037375851973407544, 'batch_size': 512, 'dropout': 0.2, 'static_h': 64, 'rnn_h': 32, 'cw_power': 0.0}",0.13999999999999999,0.5528816635021737,0.7341697165161674
H2,hyb3,2,0,"{'epochs': 15, 'lr': 0.001, 'weight_decay': 0.01, 'batch_size': 512, 'dropout': 0.2, 'static_h': 128, 'rnn_h': 64, 'cw_power': 1.0}",0.13,0.5519842386398023,0.7402557510244956
H2,hyb3,2,1,"{'epochs': 15, 'lr': 0.0004553983836014911, 'weight_decay': 0.04370561471481409, 'batch_size': 512, 'dropout': 0.5, 'static_h': 256, 'rnn_h': 32, 'cw_power': 1.0}",0.1,0.5311616093068484,0.728810470265451
H2,hyb3,2,2,"{'epochs': 10, 'lr': 0.0005790614163580618, 'weight_decay': 0.0027056367415127097, 'batch_size': 512, 'dropout': 0.1, 'static_h': 256, 'rnn_h': 64, 'cw_power': 0.0}",0.16,0.5139979772444849,0.7257877637264226
H2,hyb3,2,3,"{'epochs': 10, 'lr': 0.0004483120885641811, 'weight_decay': 0.0004181785609280859, 'batch_size': 1024, 'dropout': 0.2, 'static_h': 128, 'rnn_h': 64, 'cw_power': 0.0}",0.09000000000000001,0.4369879045814784,0.6889944506650085
H2,hyb3,2,4,"{'epochs': 10, 'lr': 0.0010204968067658161, 'weight_decay': 0.00030019961219081087, 'batch_size': 1024, 'dropout': 0.3, 'static_h': 128, 'rnn_h': 64, 'cw_power': 0.5}",0.11,0.5042072430130087,0.7156543745480839
H2,hyb3,2,5,"{'epochs': 10, 'lr': 0.0006568971186106128, 'weight_decay': 0.0007712124487262318, 'batch_size': 1024, 'dropout': 0.5, 'static_h': 64, 'rnn_h': 64, 'cw_power': 0.0}",0.16999999999999998,0.4084248606626179,0.6739253975447792
H2,hyb3,3,0,"{'epochs': 15, 'lr': 0.001, 'weight_decay': 0.01, 'batch_size': 512, 'dropout': 0.2, 'static_h': 128, 'rnn_h': 64, 'cw_power': 1.0}",0.13,0.5844527806146574,0.7598063934205013
H2,hyb3,3,1,"{'epochs': 15, 'lr': 0.001259194826762386, 'weight_decay': 0.009512910169050235, 'batch_size': 512, 'dropout': 0.2, 'static_h': 64, 'rnn_h': 128, 'cw_power': 0.0}",0.1,0.6015214143191466,0.7598035593779708
H2,hyb3,3,2,"{'epochs': 20, 'lr': 0.0030692899896837605, 'weight_decay': 0.007074187340495451, 'batch_size': 1024, 'dropout': 0.1, 'static_h': 64, 'rnn_h': 32, 'cw_power': 0.5}",0.12000000000000001,0.5733366987983101,0.766
H2,hyb3,3,3,"{'epochs': 10, 'lr': 0.0005101333138815097, 'weight_decay': 0.07022694074892397, 'batch_size': 1024, 'dropout': 0.2, 'static_h': 64, 'rnn_h': 128, 'cw_power': 1.0}",0.15,0.559236334754695,0.7412113787122243
H2,hyb3,3,4,"{'epochs': 20, 'lr': 0.001653973625311765, 'weight_decay': 0.0026241343369594727, 'batch_size': 512, 'dropout': 0.2, 'static_h': 128, 'rnn_h': 64, 'cw_power': 0.0}",0.13,0.5923404381686181,0.7625993423342163
H2,hyb3,3,5,"{'epochs': 20, 'lr': 0.0005185688921410731, 'weight_decay': 0.010550824859016898, 'batch_size': 512, 'dropout': 0.3, 'static_h': 64, 'rnn_h': 64, 'cw_power': 0.0}",0.15,0.596000141677639,0.7596024482453657
H2,hyb3,4,0,"{'epochs': 15, 'lr': 0.001, 'weight_decay': 0.01, 'batch_size': 512, 'dropout': 0.2, 'static_h': 128, 'rnn_h': 64, 'cw_power': 1.0}",0.11,0.542452138710809,0.7366061574761198
H2,hyb3,4,1,"{'epochs': 10, 'lr': 0.0006466257572988651, 'weight_decay': 0.008318930786654861, 'batch_size': 1024, 'dropout': 0.2, 'static_h': 64, 'rnn_h': 32, 'cw_power': 0.0}",0.09000000000000001,0.4420550344219086,0.6825487397979619
H2,hyb3,4,2,"{'epochs': 10, 'lr': 0.0006531016061443972, 'weight_decay': 0.016451143145850246, 'batch_size': 512, 'dropout': 0.3, 'static_h': 128, 'rnn_h': 32, 'cw_power': 0.0}",0.12000000000000001,0.5012088404645569,0.7284444444444444
H2,hyb3,4,3,"{'epochs': 20, 'lr': 0.000594735720415448, 'weight_decay': 0.0023945343074959274, 'batch_size': 1024, 'dropout': 0.2, 'static_h': 256, 'rnn_h': 32, 'cw_power': 0.0}",0.11,0.5173631381778732,0.7336130456292576
H2,hyb3,4,4,"{'epochs': 10, 'lr': 0.002014000782582112, 'weight_decay': 0.007370109578254018, 'batch_size': 512, 'dropout': 0.2, 'static_h': 64, 'rnn_h': 128, 'cw_power': 0.5}",0.09000000000000001,0.545934678142862,0.7341144267343336
H2,hyb3,4,5,"{'epochs': 20, 'lr': 0.0005093458389161598, 'weight_decay': 0.09024540525772207, 'batch_size': 512, 'dropout': 0.3, 'static_h': 64, 'rnn_h': 32, 'cw_power': 1.0}",0.13,0.5088163004657519,0.7374628021107805
H2,hyb3,5,0,"{'epochs': 15, 'lr': 0.001, 'weight_decay': 0.01, 'batch_size': 512, 'dropout': 0.2, 'static_h': 128, 'rnn_h': 64, 'cw_power': 1.0}",0.13999999999999999,0.514112910817922,0.7214502829870781
H2,hyb3,5,1,"{'epochs': 20, 'lr': 0.0005173650359675616, 'weight_decay': 0.0007920802966227965, 'batch_size': 1024, 'dropout': 0.2, 'static_h': 128, 'rnn_h': 64, 'cw_power': 0.5}",0.13,0.49611516701582103,0.7290839553696351
H2,hyb3,5,2,"{'epochs': 20, 'lr': 0.0008076905559251542, 'weight_decay': 0.007465615524784431, 'batch_size': 1024, 'dropout': 0.2, 'static_h': 256, 'rnn_h': 32, 'cw_power': 0.5}",0.16,0.5084603871628306,0.7257877637264226
H2,hyb3,5,3,"{'epochs': 15, 'lr': 0.00041487800460832954, 'weight_decay': 0.00042030378462477213, 'batch_size': 1024, 'dropout': 0.5, 'static_h': 128, 'rnn_h': 128, 'cw_power': 0.5}",0.15,0.4617155713375647,0.7123111265887163
H2,hyb3,5,4,"{'epochs': 10, 'lr': 0.000970428644172847, 'weight_decay': 0.00019168785747515458, 'batch_size': 1024, 'dropout': 0.3, 'static_h': 256, 'rnn_h': 128, 'cw_power': 1.0}",0.13999999999999999,0.4891770825741652,0.7160415506178952
H2,hyb3,5,5,"{'epochs': 10, 'lr': 0.001044380329095136, 'weight_decay': 0.013098964538467345, 'batch_size': 512, 'dropout': 0.2, 'static_h': 64, 'rnn_h': 64, 'cw_power': 0.5}",0.15,0.46847241260246614,0.7228203091790828
H2,hyb4,1,0,"{'epochs': 15, 'lr': 0.001, 'weight_decay': 0.01, 'batch_size': 512, 'dropout': 0.2, 'static_h': 128, 'rnn_h': 64, 'cw_power': 1.0}",0.12000000000000001,0.517511118176541,0.7304959863461604
H2,hyb4,1,1,"{'epochs': 20, 'lr': 0.002070994287927953, 'weight_decay': 0.0009897651443552687, 'batch_size': 1024, 'dropout': 0.2, 'static_h': 64, 'rnn_h': 64, 'cw_power': 1.0}",0.13,0.5275603370025825,0.7338474000823333
H2,hyb4,1,2,"{'epochs': 20, 'lr': 0.002635627866934064, 'weight_decay': 0.0005205653387205896, 'batch_size': 512, 'dropout': 0.2, 'static_h': 128, 'rnn_h': 32, 'cw_power': 0.5}",0.12000000000000001,0.5133767173852731,0.7160840070063829
H2,hyb4,1,3,"{'epochs': 15, 'lr': 0.0007845973963477347, 'weight_decay': 0.001286699859872677, 'batch_size': 512, 'dropout': 0.5, 'static_h': 256, 'rnn_h': 64, 'cw_power': 0.0}",0.11,0.5513144532043844,0.737818612697944
H2,hyb4,1,4,"{'epochs': 15, 'lr': 0.000568758633490662, 'weight_decay': 0.00300820950809498, 'batch_size': 512, 'dropout': 0.3, 'static_h': 256, 'rnn_h': 64, 'cw_power': 0.5}",0.1,0.5555256748045123,0.7372060042505884
H2,hyb4,1,5,"{'epochs': 20, 'lr': 0.0003394252937858472, 'weight_decay': 0.0044925683690358875, 'batch_size': 512, 'dropout': 0.1, 'static_h': 256, 'rnn_h': 128, 'cw_power': 0.5}",0.15,0.5329973110787817,0.7246821525667679
H2,hyb4,2,0,"{'epochs': 15, 'lr': 0.001, 'weight_decay': 0.01, 'batch_size': 512, 'dropout': 0.2, 'static_h': 128, 'rnn_h': 64, 'cw_power': 1.0}",0.1,0.5211151104433339,0.725711161354199
H2,hyb4,2,1,"{'epochs': 20, 'lr': 0.0006371899670243096, 'weight_decay': 0.013805203859143092, 'batch_size': 512, 'dropout': 0.2, 'static_h': 64, 'rnn_h': 32, 'cw_power': 1.0}",0.1,0.5319575244333723,0.731909779176703
H2,hyb4,2,2,"{'epochs': 15, 'lr': 0.0009284216821397459, 'weight_decay': 0.06099618668074492, 'batch_size': 512, 'dropout': 0.2, 'static_h': 64, 'rnn_h': 128, 'cw_power': 0.5}",0.15,0.5152256872470083,0.7280749004742662
H2,hyb4,2,3,"{'epochs': 15, 'lr': 0.002904535935240565, 'weight_decay': 0.0003122659648354337, 'batch_size': 512, 'dropout': 0.3, 'static_h': 64, 'rnn_h': 32, 'cw_power': 1.0}",0.13999999999999999,0.5297331392581176,0.7295633815408527
H2,hyb4,2,4,"{'epochs': 10, 'lr': 0.0011048431788006595, 'weight_decay': 0.0025594695796360084, 'batch_size': 1024, 'dropout': 0.5, 'static_h': 128, 'rnn_h': 128, 'cw_power': 1.0}",0.09000000000000001,0.5044690255342353,0.7147772941331942
H2,hyb4,2,5,"{'epochs': 10, 'lr': 0.00042051960679141703, 'weight_decay': 0.0001265424521384993, 'batch_size': 512, 'dropout': 0.2, 'static_h': 64, 'rnn_h': 128, 'cw_power': 0.0}",0.13,0.4592805751460679,0.7067403640599144
H2,hyb4,3,0,"{'epochs': 15, 'lr': 0.001, 'weight_decay': 0.01, 'batch_size': 512, 'dropout': 0.2, 'static_h': 128, 'rnn_h': 64, 'cw_power': 1.0}",0.12000000000000001,0.5697452463747866,0.7544444444444445
H2,hyb4,3,1,"{'epochs': 15, 'lr': 0.0026925749279376626, 'weight_decay': 0.002293166049714666, 'batch_size': 1024, 'dropout': 0.3, 'static_h': 64, 'rnn_h': 64, 'cw_power': 0.5}",0.13,0.5741119942699682,0.7625993423342163
H2,hyb4,3,2,"{'epochs': 15, 'lr': 0.0003844101011773142, 'weight_decay': 0.00024174174612021413, 'batch_size': 1024, 'dropout': 0.1, 'static_h': 128, 'rnn_h': 128, 'cw_power': 0.5}",0.12000000000000001,0.5656985269180163,0.7544444444444445
H2,hyb4,3,3,"{'epochs': 20, 'lr': 0.0006130739190419468, 'weight_decay': 0.00048476416192665454, 'batch_size': 1024, 'dropout': 0.3, 'static_h': 128, 'rnn_h': 64, 'cw_power': 0.5}",0.12000000000000001,0.5897190822287293,0.7573333333333334
H2,hyb4,3,4,"{'epochs': 15, 'lr': 0.0004167560908489391, 'weight_decay': 0.00010073551051647095, 'batch_size': 1024, 'dropout': 0.1, 'static_h': 128, 'rnn_h': 64, 'cw_power': 0.0}",0.15,0.5476690901342063,0.743838674359816
H2,hyb4,3,5,"{'epochs': 10, 'lr': 0.0006105970418098242, 'weight_decay': 0.01896689651570759, 'batch_size': 512, 'dropout': 0.5, 'static_h': 64, 'rnn_h': 128, 'cw_power': 0.5}",0.15,0.5555387487945643,0.7490932656549991
H2,hyb4,4,0,"{'epochs': 15, 'lr': 0.001, 'weight_decay': 0.01, 'batch_size': 512, 'dropout': 0.2, 'static_h': 128, 'rnn_h': 64, 'cw_power': 1.0}",0.09000000000000001,0.5301918885471653,0.7341144267343336
H2,hyb4,4,1,"{'epochs': 10, 'lr': 0.0014717686832649711, 'weight_decay': 0.04300484869099237, 'batch_size': 512, 'dropout': 0.5, 'static_h': 128, 'rnn_h': 64, 'cw_power': 1.0}",0.11,0.5049929535684076,0.7246337100886707
H2,hyb4,4,2,"{'epochs': 15, 'lr': 0.0007748024095969736, 'weight_decay': 0.0028598689316459117, 'batch_size': 1024, 'dropout': 0.3, 'static_h': 256, 'rnn_h': 64, 'cw_power': 0.0}",0.12000000000000001,0.5010841123031454,0.74
H2,hyb4,4,3,"{'epochs': 20, 'lr': 0.001236218793818021, 'weight_decay': 0.0055741552437858916, 'batch_size': 512, 'dropout': 0.2, 'static_h': 128, 'rnn_h': 32, 'cw_power': 0.5}",0.13,0.5408423263868614,0.7207051086284899
H2,hyb4,4,4,"{'epochs': 15, 'lr': 0.0009375479914429411, 'weight_decay': 0.0037682026142901804, 'batch_size': 512, 'dropout': 0.2, 'static_h': 128, 'rnn_h': 32, 'cw_power': 1.0}",0.1,0.5417655219314552,0.7381083969992069
H2,hyb4,4,5,"{'epochs': 20, 'lr': 0.0017024182267870239, 'weight_decay': 0.0742191130734426, 'batch_size': 1024, 'dropout': 0.1, 'static_h': 64, 'rnn_h': 64, 'cw_power': 0.5}",0.1,0.5344328379581423,0.725711161354199
H2,hyb4,5,0,"{'epochs': 15, 'lr': 0.001, 'weight_decay': 0.01, 'batch_size': 512, 'dropout': 0.2, 'static_h': 128, 'rnn_h': 64, 'cw_power': 1.0}",0.13999999999999999,0.48797743465347493,0.7133371844333037
H2,hyb4,5,1,"{'epochs': 15, 'lr': 0.0006473339403459819, 'weight_decay': 0.0032591990485858944, 'batch_size': 512, 'dropout': 0.1, 'static_h': 128, 'rnn_h': 64, 'cw_power': 1.0}",0.15,0.4906936442647238,0.7201930135314912
H2,hyb4,5,2,"{'epochs': 15, 'lr': 0.002180530712212163, 'weight_decay': 0.06846823809338126, 'batch_size': 512, 'dropout': 0.2, 'static_h': 128, 'rnn_h': 128, 'cw_power': 0.0}",0.18,0.500393109193653,0.7123386402753873
H2,hyb4,5,3,"{'epochs': 15, 'lr': 0.0015482870582167927, 'weight_decay': 0.00034117092022318575, 'batch_size': 512, 'dropout': 0.1, 'static_h': 128, 'rnn_h': 64, 'cw_power': 0.5}",0.12000000000000001,0.5035276655355208,0.714
H2,hyb4,5,4,"{'epochs': 20, 'lr': 0.001743160808721282, 'weight_decay': 0.06996174743290284, 'batch_size': 512, 'dropout': 0.3, 'static_h': 64, 'rnn_h': 128, 'cw_power': 1.0}",0.13,0.520057779696104,0.723498057542205
H2,hyb4,5,5,"{'epochs': 10, 'lr': 0.001671020129365323, 'weight_decay': 0.005837483376298455, 'batch_size': 512, 'dropout': 0.3, 'static_h': 128, 'rnn_h': 64, 'cw_power': 0.0}",0.16999999999999998,0.4954217582808781,0.7235184929752311
H2,proposed,1,0,"{'epochs': 15, 'lr': 0.001, 'weight_decay': 0.01, 'batch_size': 512, 'dropout': 0.2, 'static_h': 128, 'rnn_h': 64, 'cw_power': 1.0}",0.15,0.5249738310450839,0.740414600991524
H2,proposed,1,1,"{'epochs': 15, 'lr': 0.0018449704573346105, 'weight_decay': 0.016028589374212393, 'batch_size': 512, 'dropout': 0.2, 'static_h': 128, 'rnn_h': 64, 'cw_power': 0.0}",0.12000000000000001,0.5516915073602289,0.7449079656859379
H2,proposed,1,2,"{'epochs': 10, 'lr': 0.00049619369189888, 'weight_decay': 0.01057778737009843, 'batch_size': 512, 'dropout': 0.5, 'static_h': 128, 'rnn_h': 64, 'cw_power': 0.5}",0.19999999999999998,0.5043789979471749,0.7099357188382045
H2,proposed,1,3,"{'epochs': 10, 'lr': 0.0005459912297763797, 'weight_decay': 0.011009009768538653, 'batch_size': 1024, 'dropout': 0.1, 'static_h': 256, 'rnn_h': 128, 'cw_power': 1.0}",0.15,0.5311068400557821,0.7325483767791461
H2,proposed,1,4,"{'epochs': 20, 'lr': 0.0021049284048726613, 'weight_decay': 0.0010465526285821794, 'batch_size': 512, 'dropout': 0.3, 'static_h': 64, 'rnn_h': 64, 'cw_power': 0.5}",0.12000000000000001,0.554654751995326,0.7391431739500269
H2,proposed,1,5,"{'epochs': 15, 'lr': 0.000517483073052799, 'weight_decay': 0.05320650535153791, 'batch_size': 1024, 'dropout': 0.1, 'static_h': 256, 'rnn_h': 128, 'cw_power': 1.0}",0.13999999999999999,0.5459896839114534,0.739567285723961
H2,proposed,2,0,"{'epochs': 15, 'lr': 0.001, 'weight_decay': 0.01, 'batch_size': 512, 'dropout': 0.2, 'static_h': 128, 'rnn_h': 64, 'cw_power': 1.0}",0.13,0.5236100764189427,0.7374628021107805
H2,proposed,2,1,"{'epochs': 20, 'lr': 0.0025149278226668102, 'weight_decay': 0.000174774833247831, 'batch_size': 1024, 'dropout': 0.5, 'static_h': 256, 'rnn_h': 128, 'cw_power': 1.0}",0.12000000000000001,0.5452882732045363,0.7313333333333334
H2,proposed,2,2,"{'epochs': 15, 'lr': 0.0005417863096852799, 'weight_decay': 0.0002572479950527003, 'batch_size': 512, 'dropout': 0.3, 'static_h': 256, 'rnn_h': 128, 'cw_power': 1.0}",0.12000000000000001,0.5180951695365649,0.7255555555555555
H2,proposed,2,3,"{'epochs': 15, 'lr': 0.0007931808051099026, 'weight_decay': 0.0005507372248118887, 'batch_size': 1024, 'dropout': 0.2, 'static_h': 64, 'rnn_h': 128, 'cw_power': 1.0}",0.16999999999999998,0.5351043551084828,0.7284778025182762
H2,proposed,2,4,"{'epochs': 15, 'lr': 0.0006782134877305925, 'weight_decay': 0.0004529116976313302, 'batch_size': 512, 'dropout': 0.2, 'static_h': 128, 'rnn_h': 128, 'cw_power': 1.0}",0.13,0.5353410703522062,0.7290839553696351
H2,proposed,2,5,"{'epochs': 15, 'lr': 0.0004421705932843836, 'weight_decay': 0.004509426030385031, 'batch_size': 1024, 'dropout': 0.5, 'static_h': 256, 'rnn_h': 32, 'cw_power': 0.0}",0.1,0.48623693462875645,0.7102146167979391
H2,proposed,3,0,"{'epochs': 15, 'lr': 0.001, 'weight_decay': 0.01, 'batch_size': 512, 'dropout': 0.2, 'static_h': 128, 'rnn_h': 64, 'cw_power': 1.0}",0.11,0.5825540266073506,0.7665372759447425
H2,proposed,3,1,"{'epochs': 15, 'lr': 0.000721937381101963, 'weight_decay': 0.0008320253546145296, 'batch_size': 512, 'dropout': 0.3, 'static_h': 256, 'rnn_h': 32, 'cw_power': 0.5}",0.13,0.6075078906898397,0.7765640869027919
H2,proposed,3,2,"{'epochs': 20, 'lr': 0.0022124507178597316, 'weight_decay': 0.0003906084730578064, 'batch_size': 1024, 'dropout': 0.3, 'static_h': 256, 'rnn_h': 64, 'cw_power': 1.0}",0.11,0.5765728203915235,0.7605510522510179
H2,proposed,3,3,"{'epochs': 20, 'lr': 0.0004076353506419926, 'weight_decay': 0.00043942083809838463, 'batch_size': 1024, 'dropout': 0.1, 'static_h': 256, 'rnn_h': 64, 'cw_power': 1.0}",0.15,0.5880131532245712,0.756975152597774
H2,proposed,3,4,"{'epochs': 20, 'lr': 0.0026572096185496414, 'weight_decay': 0.001773686976821046, 'batch_size': 1024, 'dropout': 0.2, 'static_h': 128, 'rnn_h': 64, 'cw_power': 0.5}",0.13,0.5525249298833534,0.7458416488519257
H2,proposed,3,5,"{'epochs': 10, 'lr': 0.0003487423095743233, 'weight_decay': 0.006470080832262095, 'batch_size': 1024, 'dropout': 0.5, 'static_h': 256, 'rnn_h': 32, 'cw_power': 0.5}",0.15,0.5131733433077129,0.7228203091790828
H2,proposed,4,0,"{'epochs': 15, 'lr': 0.001, 'weight_decay': 0.01, 'batch_size': 512, 'dropout': 0.2, 'static_h': 128, 'rnn_h': 64, 'cw_power': 1.0}",0.1,0.5424334876462643,0.7381083969992069
H2,proposed,4,1,"{'epochs': 15, 'lr': 0.0018359289456528116, 'weight_decay': 0.00689946170451832, 'batch_size': 512, 'dropout': 0.1, 'static_h': 256, 'rnn_h': 128, 'cw_power': 0.5}",0.13,0.5364400865369179,0.7207051086284899
H2,proposed,4,2,"{'epochs': 15, 'lr': 0.0008390032643248781, 'weight_decay': 0.0007419518012332115, 'batch_size': 512, 'dropout': 0.2, 'static_h': 128, 'rnn_h': 32, 'cw_power': 0.5}",0.12000000000000001,0.532904311200777,0.74
H2,proposed,4,3,"{'epochs': 10, 'lr': 0.0031487084285633142, 'weight_decay': 0.0010309900353118154, 'batch_size': 1024, 'dropout': 0.2, 'static_h': 256, 'rnn_h': 64, 'cw_power': 0.5}",0.12000000000000001,0.5497933619130302,0.7428888888888889
H2,proposed,4,4,"{'epochs': 20, 'lr': 0.0006787902206180619, 'weight_decay': 0.043359722232824735, 'batch_size': 512, 'dropout': 0.5, 'static_h': 64, 'rnn_h': 128, 'cw_power': 1.0}",0.1,0.5362246961672242,0.735009088087955
H2,proposed,4,5,"{'epochs': 10, 'lr': 0.0005220049873854221, 'weight_decay': 0.002777907612222829, 'batch_size': 1024, 'dropout': 0.5, 'static_h': 128, 'rnn_h': 32, 'cw_power': 1.0}",0.13999999999999999,0.45186728172244167,0.691702254956572
H2,proposed,5,0,"{'epochs': 15, 'lr': 0.001, 'weight_decay': 0.01, 'batch_size': 512, 'dropout': 0.2, 'static_h': 128, 'rnn_h': 64, 'cw_power': 1.0}",0.16,0.4987363400348889,0.713033706225326
H2,proposed,5,1,"{'epochs': 10, 'lr': 0.0024377074761425636, 'weight_decay': 0.011946783314562268, 'batch_size': 512, 'dropout': 0.5, 'static_h': 256, 'rnn_h': 64, 'cw_power': 0.0}",0.18,0.5245884376701213,0.7268425743791493
H2,proposed,5,2,"{'epochs': 10, 'lr': 0.0026253601177207366, 'weight_decay': 0.0020057964096014567, 'batch_size': 1024, 'dropout': 0.5, 'static_h': 64, 'rnn_h': 128, 'cw_power': 1.0}",0.16999999999999998,0.49666947098945435,0.7210388382037085
H2,proposed,5,3,"{'epochs': 20, 'lr': 0.0026700379273423454, 'weight_decay': 0.0008303578653134612, 'batch_size': 512, 'dropout': 0.2, 'static_h': 256, 'rnn_h': 32, 'cw_power': 1.0}",0.11,0.4787664077348306,0.7096681508543593
H2,proposed,5,4,"{'epochs': 15, 'lr': 0.0003476292134387188, 'weight_decay': 0.0007438756719011025, 'batch_size': 1024, 'dropout': 0.1, 'static_h': 128, 'rnn_h': 32, 'cw_power': 1.0}",0.15,0.48239110943504726,0.714938422236308
H2,proposed,5,5,"{'epochs': 10, 'lr': 0.002299102233256568, 'weight_decay': 0.008931150181959478, 'batch_size': 512, 'dropout': 0.2, 'static_h': 256, 'rnn_h': 128, 'cw_power': 1.0}",0.13999999999999999,0.507291064134518,0.7214502829870781
H2,hyb5,1,0,"{'epochs': 15, 'lr': 0.001, 'weight_decay': 0.01, 'batch_size': 512, 'dropout': 0.2, 'static_h': 128, 'rnn_h': 64, 'cw_power': 1.0}",0.15,0.549221525898663,0.7456587504664428
H2,hyb5,1,1,"{'epochs': 20, 'lr': 0.0017622183167666826, 'weight_decay': 0.0036377842981945145, 'batch_size': 512, 'dropout': 0.5, 'static_h': 64, 'rnn_h': 32, 'cw_power': 0.5}",0.11,0.5504423659097201,0.7348392787513297
H2,hyb5,1,2,"{'epochs': 15, 'lr': 0.002651440631112494, 'weight_decay': 0.006825218493660943, 'batch_size': 1024, 'dropout': 0.1, 'static_h': 128, 'rnn_h': 64, 'cw_power': 1.0}",0.11,0.530023878811177,0.737818612697944
H2,hyb5,1,3,"{'epochs': 10, 'lr': 0.000593218067306674, 'weight_decay': 0.08828542818949264, 'batch_size': 1024, 'dropout': 0.2, 'static_h': 128, 'rnn_h': 128, 'cw_power': 0.0}",0.15,0.4741454486184328,0.7010834799296337
H2,hyb5,1,4,"{'epochs': 20, 'lr': 0.0005571519885858684, 'weight_decay': 0.00045458377791591907, 'batch_size': 512, 'dropout': 0.3, 'static_h': 128, 'rnn_h': 64, 'cw_power': 0.5}",0.13,0.5502148654242477,0.7394212765203996
H2,hyb5,1,5,"{'epochs': 15, 'lr': 0.003119784288863766, 'weight_decay': 0.004838097343366443, 'batch_size': 1024, 'dropout': 0.1, 'static_h': 128, 'rnn_h': 64, 'cw_power': 0.0}",0.13999999999999999,0.5486447327374732,0.7368685011200642
H2,hyb5,2,0,"{'epochs': 15, 'lr': 0.001, 'weight_decay': 0.01, 'batch_size': 512, 'dropout': 0.2, 'static_h': 128, 'rnn_h': 64, 'cw_power': 1.0}",0.1,0.5134015779882745,0.722611852442947
H2,hyb5,2,1,"{'epochs': 15, 'lr': 0.0008536915923372732, 'weight_decay': 0.015041577074857562, 'batch_size': 1024, 'dropout': 0.2, 'static_h': 256, 'rnn_h': 128, 'cw_power': 0.5}",0.15,0.5189812919730696,0.7175657178838997
H2,hyb5,2,2,"{'epochs': 20, 'lr': 0.0003273835340641659, 'weight_decay': 0.0012460545204203378, 'batch_size': 1024, 'dropout': 0.3, 'static_h': 128, 'rnn_h': 32, 'cw_power': 0.5}",0.16,0.48137466278168195,0.7104828947251067
H2,hyb5,2,3,"{'epochs': 15, 'lr': 0.0007675486897545705, 'weight_decay': 0.00017534120822501305, 'batch_size': 1024, 'dropout': 0.2, 'static_h': 256, 'rnn_h': 128, 'cw_power': 0.5}",0.12000000000000001,0.5195047285470046,0.7197777777777777
H2,hyb5,2,4,"{'epochs': 15, 'lr': 0.0005217884489094507, 'weight_decay': 0.0004667723290989015, 'batch_size': 1024, 'dropout': 0.1, 'static_h': 64, 'rnn_h': 64, 'cw_power': 0.5}",0.11,0.5023112191534655,0.7186474863949461
H2,hyb5,2,5,"{'epochs': 10, 'lr': 0.002854111275455505, 'weight_decay': 0.004667033955932527, 'batch_size': 1024, 'dropout': 0.5, 'static_h': 256, 'rnn_h': 64, 'cw_power': 1.0}",0.1,0.5281514219504359,0.725711161354199
H2,hyb5,3,0,"{'epochs': 15, 'lr': 0.001, 'weight_decay': 0.01, 'batch_size': 512, 'dropout': 0.2, 'static_h': 128, 'rnn_h': 64, 'cw_power': 1.0}",0.13999999999999999,0.5819382174377619,0.7539026772021759
H2,hyb5,3,1,"{'epochs': 10, 'lr': 0.00045799768522568086, 'weight_decay': 0.004716712448588135, 'batch_size': 512, 'dropout': 0.5, 'static_h': 128, 'rnn_h': 64, 'cw_power': 0.0}",0.16,0.5417143267983626,0.7461942557281772
H2,hyb5,3,2,"{'epochs': 15, 'lr': 0.002948064199070428, 'weight_decay': 0.009589642655351801, 'batch_size': 1024, 'dropout': 0.1, 'static_h': 64, 'rnn_h': 32, 'cw_power': 1.0}",0.11,0.5624381331101632,0.7635441640978803
H2,hyb5,3,3,"{'epochs': 10, 'lr': 0.0003270179963105666, 'weight_decay': 0.008636900760571074, 'batch_size': 512, 'dropout': 0.5, 'static_h': 256, 'rnn_h': 32, 'cw_power': 0.0}",0.12000000000000001,0.5457096123301972,0.74
H2,hyb5,3,4,"{'epochs': 15, 'lr': 0.0005528841134240001, 'weight_decay': 0.03545169259149236, 'batch_size': 1024, 'dropout': 0.2, 'static_h': 256, 'rnn_h': 128, 'cw_power': 0.0}",0.12000000000000001,0.5634631460276092,0.7602222222222221
H2,hyb5,3,5,"{'epochs': 10, 'lr': 0.001988837778598779, 'weight_decay': 0.003209804468994251, 'batch_size': 1024, 'dropout': 0.1, 'static_h': 64, 'rnn_h': 32, 'cw_power': 0.5}",0.1,0.5871828945138451,0.7691014861117269
H2,hyb5,4,0,"{'epochs': 15, 'lr': 0.001, 'weight_decay': 0.01, 'batch_size': 512, 'dropout': 0.2, 'static_h': 128, 'rnn_h': 64, 'cw_power': 1.0}",0.13,0.5387700983196806,0.7318769042833502
H2,hyb5,4,1,"{'epochs': 20, 'lr': 0.002890739358312111, 'weight_decay': 0.0076725556678181395, 'batch_size': 1024, 'dropout': 0.5, 'static_h': 256, 'rnn_h': 128, 'cw_power': 0.5}",0.12000000000000001,0.551444409687191,0.7255555555555555
H2,hyb5,4,2,"{'epochs': 15, 'lr': 0.0007973709608007325, 'weight_decay': 0.03077530484421262, 'batch_size': 512, 'dropout': 0.2, 'static_h': 128, 'rnn_h': 64, 'cw_power': 0.5}",0.1,0.5373021585542122,0.7381083969992069
H2,hyb5,4,3,"{'epochs': 20, 'lr': 0.0004277501361690454, 'weight_decay': 0.004206358886241082, 'batch_size': 512, 'dropout': 0.5, 'static_h': 128, 'rnn_h': 64, 'cw_power': 0.5}",0.13999999999999999,0.5119173684096198,0.7349721139100356
H2,hyb5,4,4,"{'epochs': 20, 'lr': 0.002950320459583295, 'weight_decay': 0.02670708535019358, 'batch_size': 1024, 'dropout': 0.5, 'static_h': 64, 'rnn_h': 64, 'cw_power': 0.0}",0.13999999999999999,0.541959586498545,0.737676480094627
H2,hyb5,4,5,"{'epochs': 20, 'lr': 0.0015782044147437755, 'weight_decay': 0.00011405038001245906, 'batch_size': 512, 'dropout': 0.3, 'static_h': 64, 'rnn_h': 64, 'cw_power': 0.5}",0.12000000000000001,0.554371224860585,0.7284444444444444
H2,hyb5,5,0,"{'epochs': 15, 'lr': 0.001, 'weight_decay': 0.01, 'batch_size': 512, 'dropout': 0.2, 'static_h': 128, 'rnn_h': 64, 'cw_power': 1.0}",0.16999999999999998,0.5016428198179735,0.7160795286606633
H2,hyb5,5,1,"{'epochs': 10, 'lr': 0.000896981439835242, 'weight_decay': 0.06291279218443273, 'batch_size': 1024, 'dropout': 0.1, 'static_h': 256, 'rnn_h': 32, 'cw_power': 1.0}",0.13,0.47637063013520786,0.7151192108010597
H2,hyb5,5,2,"{'epochs': 10, 'lr': 0.0005357314905922033, 'weight_decay': 0.0013248298822334387, 'batch_size': 1024, 'dropout': 0.2, 'static_h': 128, 'rnn_h': 128, 'cw_power': 0.0}",0.19,0.441665498974583,0.6914855072463768
H2,hyb5,5,3,"{'epochs': 15, 'lr': 0.0006494382397363397, 'weight_decay': 0.0033313083436017454, 'batch_size': 512, 'dropout': 0.1, 'static_h': 64, 'rnn_h': 64, 'cw_power': 1.0}",0.16,0.5065873422663877,0.705381271724668
H2,hyb5,5,4,"{'epochs': 15, 'lr': 0.0029676796652126627, 'weight_decay': 0.00019270743016556162, 'batch_size': 512, 'dropout': 0.3, 'static_h': 64, 'rnn_h': 32, 'cw_power': 0.0}",0.12000000000000001,0.5162017298307054,0.7226666666666667
H2,hyb5,5,5,"{'epochs': 15, 'lr': 0.0005259708325407096, 'weight_decay': 0.022960939233050613, 'batch_size': 1024, 'dropout': 0.5, 'static_h': 64, 'rnn_h': 128, 'cw_power': 0.5}",0.16999999999999998,0.45870123046045436,0.7061609095745729
H2,hyb6,1,0,"{'epochs': 15, 'lr': 0.001, 'weight_decay': 0.01, 'batch_size': 512, 'dropout': 0.2, 'static_h': 128, 'rnn_h': 64, 'cw_power': 1.0}",0.13,0.5288728225067663,0.7338474000823333
H2,hyb6,1,1,"{'epochs': 20, 'lr': 0.0004773089992375781, 'weight_decay': 0.005768571010584962, 'batch_size': 1024, 'dropout': 0.2, 'static_h': 128, 'rnn_h': 128, 'cw_power': 0.0}",0.16,0.5199947204551324,0.7250388198757765
H2,hyb6,1,2,"{'epochs': 15, 'lr': 0.0025331442460444047, 'weight_decay': 0.0001416789962818751, 'batch_size': 512, 'dropout': 0.3, 'static_h': 256, 'rnn_h': 128, 'cw_power': 0.5}",0.11,0.5395751108742833,0.7288806108581012
H2,hyb6,1,3,"{'epochs': 15, 'lr': 0.0011836593979810787, 'weight_decay': 0.004197146003694466, 'batch_size': 512, 'dropout': 0.3, 'static_h': 256, 'rnn_h': 32, 'cw_power': 1.0}",0.13999999999999999,0.5412419209154866,0.739567285723961
H2,hyb6,1,4,"{'epochs': 10, 'lr': 0.00243297748589813, 'weight_decay': 0.0015781499561249308, 'batch_size': 512, 'dropout': 0.2, 'static_h': 128, 'rnn_h': 32, 'cw_power': 1.0}",0.11,0.552573007195253,0.7348392787513297
H2,hyb6,1,5,"{'epochs': 20, 'lr': 0.0011654374920202332, 'weight_decay': 0.010119857378506979, 'batch_size': 1024, 'dropout': 0.3, 'static_h': 64, 'rnn_h': 128, 'cw_power': 0.0}",0.12000000000000001,0.5191395386714883,0.7304959863461604
H2,hyb6,2,0,"{'epochs': 15, 'lr': 0.001, 'weight_decay': 0.01, 'batch_size': 512, 'dropout': 0.2, 'static_h': 128, 'rnn_h': 64, 'cw_power': 1.0}",0.12000000000000001,0.5199114433850562,0.7284444444444444
H2,hyb6,2,1,"{'epochs': 10, 'lr': 0.0021998621396692123, 'weight_decay': 0.050477029672029876, 'batch_size': 512, 'dropout': 0.2, 'static_h': 128, 'rnn_h': 64, 'cw_power': 0.0}",0.12000000000000001,0.5343363065421647,0.7197777777777777
H2,hyb6,2,2,"{'epochs': 20, 'lr': 0.0014905546953139339, 'weight_decay': 0.0015778010168647852, 'batch_size': 1024, 'dropout': 0.1, 'static_h': 128, 'rnn_h': 128, 'cw_power': 1.0}",0.09000000000000001,0.5354480678373593,0.7308915713008104
H2,hyb6,2,3,"{'epochs': 10, 'lr': 0.0016749370315470105, 'weight_decay': 0.0023494298158568323, 'batch_size': 1024, 'dropout': 0.2, 'static_h': 256, 'rnn_h': 32, 'cw_power': 0.5}",0.12000000000000001,0.512641122465704,0.7197777777777777
H2,hyb6,2,4,"{'epochs': 10, 'lr': 0.0014205073984604275, 'weight_decay': 0.0676355635282409, 'batch_size': 512, 'dropout': 0.2, 'static_h': 64, 'rnn_h': 128, 'cw_power': 0.5}",0.13999999999999999,0.5369797876563954,0.7214502829870781
H2,hyb6,2,5,"{'epochs': 10, 'lr': 0.001636722232342203, 'weight_decay': 0.0009452199982031388, 'batch_size': 1024, 'dropout': 0.1, 'static_h': 128, 'rnn_h': 128, 'cw_power': 0.0}",0.13,0.5114293879321573,0.723498057542205
H2,hyb6,3,0,"{'epochs': 15, 'lr': 0.001, 'weight_decay': 0.01, 'batch_size': 512, 'dropout': 0.2, 'static_h': 128, 'rnn_h': 64, 'cw_power': 1.0}",0.13999999999999999,0.5729254733923259,0.7620157757559503
H2,hyb6,3,1,"{'epochs': 15, 'lr': 0.000976709421135904, 'weight_decay': 0.00046883122550691106, 'batch_size': 1024, 'dropout': 0.1, 'static_h': 256, 'rnn_h': 64, 'cw_power': 0.0}",0.15,0.5588542912502782,0.756975152597774
H2,hyb6,3,2,"{'epochs': 10, 'lr': 0.0006710939568990429, 'weight_decay': 0.02299004673815668, 'batch_size': 512, 'dropout': 0.5, 'static_h': 64, 'rnn_h': 32, 'cw_power': 0.0}",0.12000000000000001,0.5200551846018225,0.7457777777777779
H2,hyb6,3,3,"{'epochs': 10, 'lr': 0.0010899119009355502, 'weight_decay': 0.010463363175109711, 'batch_size': 1024, 'dropout': 0.5, 'static_h': 64, 'rnn_h': 64, 'cw_power': 1.0}",0.13999999999999999,0.5618955136890431,0.7566070433867673
H2,hyb6,3,4,"{'epochs': 10, 'lr': 0.0008772893684068217, 'weight_decay': 0.00010348869466149881, 'batch_size': 512, 'dropout': 0.2, 'static_h': 128, 'rnn_h': 128, 'cw_power': 1.0}",0.11,0.5979510732481347,0.7545648285572935
H2,hyb6,3,5,"{'epochs': 15, 'lr': 0.00038836518196855454, 'weight_decay': 0.0027585633347047443, 'batch_size': 1024, 'dropout': 0.2, 'static_h': 64, 'rnn_h': 128, 'cw_power': 0.5}",0.15,0.5718169186369835,0.743838674359816
H2,hyb6,4,0,"{'epochs': 15, 'lr': 0.001, 'weight_decay': 0.01, 'batch_size': 512, 'dropout': 0.2, 'static_h': 128, 'rnn_h': 64, 'cw_power': 1.0}",0.09000000000000001,0.5367097604816642,0.7341144267343336
H2,hyb6,4,1,"{'epochs': 15, 'lr': 0.0010172108947361683, 'weight_decay': 0.04794409846664306, 'batch_size': 1024, 'dropout': 0.2, 'static_h': 256, 'rnn_h': 128, 'cw_power': 0.5}",0.13,0.5375156034249629,0.7402557510244956
H2,hyb6,4,2,"{'epochs': 10, 'lr': 0.0013451953554710243, 'weight_decay': 0.028228453191366732, 'batch_size': 512, 'dropout': 0.3, 'static_h': 256, 'rnn_h': 128, 'cw_power': 1.0}",0.11,0.53434228150214,0.7336130456292576
H2,hyb6,4,3,"{'epochs': 10, 'lr': 0.002163389536086321, 'weight_decay': 0.00272450205989576, 'batch_size': 512, 'dropout': 0.3, 'static_h': 64, 'rnn_h': 32, 'cw_power': 0.0}",0.11,0.5247729519260211,0.7336130456292576
H2,hyb6,4,4,"{'epochs': 10, 'lr': 0.0009699235302991974, 'weight_decay': 0.00026536505496526605, 'batch_size': 1024, 'dropout': 0.3, 'static_h': 128, 'rnn_h': 32, 'cw_power': 0.0}",0.15,0.4683083588474509,0.714938422236308
H2,hyb6,4,5,"{'epochs': 10, 'lr': 0.0015553979386148905, 'weight_decay': 0.00040495972490857255, 'batch_size': 512, 'dropout': 0.3, 'static_h': 64, 'rnn_h': 32, 'cw_power': 1.0}",0.12000000000000001,0.4998275599401677,0.7255555555555555
H2,hyb6,5,0,"{'epochs': 15, 'lr': 0.001, 'weight_decay': 0.01, 'batch_size': 512, 'dropout': 0.2, 'static_h': 128, 'rnn_h': 64, 'cw_power': 1.0}",0.12000000000000001,0.5025216312346709,0.7168888888888889
H2,hyb6,5,1,"{'epochs': 10, 'lr': 0.00045839772667217906, 'weight_decay': 0.004506641769502916, 'batch_size': 512, 'dropout': 0.1, 'static_h': 128, 'rnn_h': 32, 'cw_power': 1.0}",0.15,0.47292410943474317,0.7307021961218578
H2,hyb6,5,2,"{'epochs': 15, 'lr': 0.002860175630889352, 'weight_decay': 0.01942652812601214, 'batch_size': 1024, 'dropout': 0.3, 'static_h': 64, 'rnn_h': 64, 'cw_power': 1.0}",0.15,0.5013185921006014,0.714938422236308
H2,hyb6,5,3,"{'epochs': 15, 'lr': 0.0003651234959720496, 'weight_decay': 0.013419972209187468, 'batch_size': 512, 'dropout': 0.5, 'static_h': 128, 'rnn_h': 32, 'cw_power': 0.5}",0.16,0.46500827015186325,0.7155845177255453
H2,hyb6,5,4,"{'epochs': 10, 'lr': 0.0025663478989760916, 'weight_decay': 0.0006531514068665679, 'batch_size': 512, 'dropout': 0.1, 'static_h': 128, 'rnn_h': 32, 'cw_power': 0.5}",0.11,0.5204416956546447,0.7216405982418084
H2,hyb6,5,5,"{'epochs': 20, 'lr': 0.0010219769043930905, 'weight_decay': 0.0011835448569875564, 'batch_size': 512, 'dropout': 0.2, 'static_h': 128, 'rnn_h': 64, 'cw_power': 0.5}",0.1,0.5072125330713227,0.716413234620443
H2,hyb7,1,0,"{'epochs': 15, 'lr': 0.001, 'weight_decay': 0.01, 'batch_size': 512, 'dropout': 0.2, 'static_h': 128, 'rnn_h': 64, 'cw_power': 1.0}",0.11,0.5384186932910552,0.737818612697944
H2,hyb7,1,1,"{'epochs': 10, 'lr': 0.0008952578681288035, 'weight_decay': 0.0001971911631739958, 'batch_size': 512, 'dropout': 0.1, 'static_h': 256, 'rnn_h': 64, 'cw_power': 0.5}",0.12000000000000001,0.5321758509531287,0.7276135904782048
H2,hyb7,1,2,"{'epochs': 15, 'lr': 0.0015546817967021353, 'weight_decay': 0.07275493272159664, 'batch_size': 1024, 'dropout': 0.1, 'static_h': 256, 'rnn_h': 128, 'cw_power': 0.0}",0.11,0.5467557958052054,0.737818612697944
H2,hyb7,1,3,"{'epochs': 10, 'lr': 0.00162717743627427, 'weight_decay': 0.0002823189243290936, 'batch_size': 512, 'dropout': 0.1, 'static_h': 256, 'rnn_h': 128, 'cw_power': 0.5}",0.12000000000000001,0.5638244497600605,0.7333783822141158
H2,hyb7,1,4,"{'epochs': 20, 'lr': 0.0010004211926776681, 'weight_decay': 0.0346032914036593, 'batch_size': 1024, 'dropout': 0.2, 'static_h': 64, 'rnn_h': 32, 'cw_power': 0.0}",0.11,0.5335326398558374,0.725901276911487
H2,hyb7,1,5,"{'epochs': 20, 'lr': 0.0003879648844200619, 'weight_decay': 0.00011759618595068582, 'batch_size': 1024, 'dropout': 0.3, 'static_h': 256, 'rnn_h': 64, 'cw_power': 0.0}",0.15,0.5110953952988047,0.7220600778293086
H2,hyb7,2,0,"{'epochs': 15, 'lr': 0.001, 'weight_decay': 0.01, 'batch_size': 512, 'dropout': 0.2, 'static_h': 128, 'rnn_h': 64, 'cw_power': 1.0}",0.11,0.5165932668148647,0.7246337100886707
H2,hyb7,2,1,"{'epochs': 10, 'lr': 0.0004846966668700253, 'weight_decay': 0.040004366126662645, 'batch_size': 1024, 'dropout': 0.1, 'static_h': 256, 'rnn_h': 32, 'cw_power': 0.5}",0.16,0.48650424121184394,0.705381271724668
H2,hyb7,2,2,"{'epochs': 15, 'lr': 0.001385247556485703, 'weight_decay': 0.00030384434996044794, 'batch_size': 1024, 'dropout': 0.5, 'static_h': 128, 'rnn_h': 64, 'cw_power': 0.0}",0.15,0.5014598308141482,0.7123111265887163
H2,hyb7,2,3,"{'epochs': 20, 'lr': 0.0006900142842185045, 'weight_decay': 0.03273139697688578, 'batch_size': 1024, 'dropout': 0.5, 'static_h': 64, 'rnn_h': 32, 'cw_power': 1.0}",0.13,0.4987608895499029,0.7179121597147747
H2,hyb7,2,4,"{'epochs': 10, 'lr': 0.0003251807301096569, 'weight_decay': 0.00402723109744002, 'batch_size': 1024, 'dropout': 0.5, 'static_h': 256, 'rnn_h': 64, 'cw_power': 0.0}",0.15,0.4191384135363304,0.6781562831700252
H2,hyb7,2,5,"{'epochs': 10, 'lr': 0.0005895540822502896, 'weight_decay': 0.0036407550396602866, 'batch_size': 1024, 'dropout': 0.5, 'static_h': 128, 'rnn_h': 64, 'cw_power': 0.0}",0.11,0.4311617787087413,0.6887163679263234
H2,hyb7,3,0,"{'epochs': 15, 'lr': 0.001, 'weight_decay': 0.01, 'batch_size': 512, 'dropout': 0.2, 'static_h': 128, 'rnn_h': 64, 'cw_power': 1.0}",0.12000000000000001,0.594479012891348,0.7688888888888888
H2,hyb7,3,1,"{'epochs': 20, 'lr': 0.002891983586466612, 'weight_decay': 0.0006164913860351835, 'batch_size': 512, 'dropout': 0.3, 'static_h': 128, 'rnn_h': 128, 'cw_power': 0.5}",0.12000000000000001,0.5429886224189198,0.7486666666666666
H2,hyb7,3,2,"{'epochs': 10, 'lr': 0.0018911834341345602, 'weight_decay': 0.00018586441937946838, 'batch_size': 1024, 'dropout': 0.2, 'static_h': 128, 'rnn_h': 32, 'cw_power': 0.5}",0.13999999999999999,0.5798473826621536,0.7593114095713589
H2,hyb7,3,3,"{'epochs': 20, 'lr': 0.0011582407348389551, 'weight_decay': 0.02804672344570423, 'batch_size': 1024, 'dropout': 0.1, 'static_h': 128, 'rnn_h': 128, 'cw_power': 0.5}",0.1,0.5835743534882312,0.7567042504667189
H2,hyb7,3,4,"{'epochs': 10, 'lr': 0.0006960769700989585, 'weight_decay': 0.07559611337406164, 'batch_size': 1024, 'dropout': 0.2, 'static_h': 256, 'rnn_h': 64, 'cw_power': 0.0}",0.11,0.5648663687191442,0.7545648285572935
H2,hyb7,3,5,"{'epochs': 15, 'lr': 0.0006863718003460536, 'weight_decay': 0.06998721311724763, 'batch_size': 1024, 'dropout': 0.2, 'static_h': 64, 'rnn_h': 64, 'cw_power': 0.0}",0.12000000000000001,0.5850839794890195,0.7573333333333334
H2,hyb7,4,0,"{'epochs': 15, 'lr': 0.001, 'weight_decay': 0.01, 'batch_size': 512, 'dropout': 0.2, 'static_h': 128, 'rnn_h': 64, 'cw_power': 1.0}",0.1,0.542720917254435,0.7443070148217109
H2,hyb7,4,1,"{'epochs': 15, 'lr': 0.0018286137855386343, 'weight_decay': 0.00015697069514127482, 'batch_size': 1024, 'dropout': 0.1, 'static_h': 256, 'rnn_h': 128, 'cw_power': 0.5}",0.13,0.5200393041232221,0.7346698531970653
H2,hyb7,4,2,"{'epochs': 20, 'lr': 0.002040847374687001, 'weight_decay': 0.0048996494247973265, 'batch_size': 1024, 'dropout': 0.5, 'static_h': 256, 'rnn_h': 32, 'cw_power': 1.0}",0.11,0.5391535484151957,0.7366061574761198
H2,hyb7,4,3,"{'epochs': 15, 'lr': 0.0004887256606494452, 'weight_decay': 0.015906762854333376, 'batch_size': 512, 'dropout': 0.1, 'static_h': 128, 'rnn_h': 32, 'cw_power': 1.0}",0.1,0.5212679337474806,0.731909779176703
H2,hyb7,4,4,"{'epochs': 10, 'lr': 0.0026160764004410733, 'weight_decay': 0.0025508191800568316, 'batch_size': 1024, 'dropout': 0.1, 'static_h': 256, 'rnn_h': 64, 'cw_power': 0.0}",0.12000000000000001,0.5093993680661345,0.7342222222222222
H2,hyb7,4,5,"{'epochs': 10, 'lr': 0.0003344114497273684, 'weight_decay': 0.04493863496729619, 'batch_size': 512, 'dropout': 0.2, 'static_h': 128, 'rnn_h': 64, 'cw_power': 0.5}",0.11,0.4923646191453423,0.7216405982418084
H2,hyb7,5,0,"{'epochs': 15, 'lr': 0.001, 'weight_decay': 0.01, 'batch_size': 512, 'dropout': 0.2, 'static_h': 128, 'rnn_h': 64, 'cw_power': 1.0}",0.16,0.49554941356104837,0.7104828947251067
H2,hyb7,5,1,"{'epochs': 15, 'lr': 0.0018463909450124555, 'weight_decay': 0.001180139323039861, 'batch_size': 1024, 'dropout': 0.5, 'static_h': 128, 'rnn_h': 32, 'cw_power': 0.0}",0.15,0.5018801292496592,0.7254476048266745
H2,hyb7,5,2,"{'epochs': 20, 'lr': 0.0004679616208470562, 'weight_decay': 0.052469684462378485, 'batch_size': 512, 'dropout': 0.1, 'static_h': 256, 'rnn_h': 128, 'cw_power': 0.0}",0.16999999999999998,0.5111229625917727,0.7135998738891407
H2,hyb7,5,3,"{'epochs': 15, 'lr': 0.0021905453228913433, 'weight_decay': 0.005647891391005714, 'batch_size': 512, 'dropout': 0.3, 'static_h': 64, 'rnn_h': 64, 'cw_power': 1.0}",0.19,0.5005101655228662,0.7079710144927536
H2,hyb7,5,4,"{'epochs': 10, 'lr': 0.0011990713593314664, 'weight_decay': 0.00011835367583561403, 'batch_size': 1024, 'dropout': 0.1, 'static_h': 128, 'rnn_h': 64, 'cw_power': 0.0}",0.16999999999999998,0.4838855081785761,0.7160795286606633
H2,hyb7,5,5,"{'epochs': 15, 'lr': 0.0007036225720377072, 'weight_decay': 0.0004771286113965471, 'batch_size': 1024, 'dropout': 0.1, 'static_h': 128, 'rnn_h': 128, 'cw_power': 0.0}",0.16,0.48611138769448725,0.7155845177255453
H1,static_mlp,1,0,"{'epochs': 15, 'lr': 0.001, 'weight_decay': 0.01, 'batch_size': 512, 'dropout': 0.2, 'static_h': 128, 'rnn_h': 64, 'cw_power': 1.0}",0.13,0.4013525957165359,0.6697478210445706
H1,static_mlp,1,1,"{'epochs': 10, 'lr': 0.0020151466982117005, 'weight_decay': 0.006096527905851073, 'batch_size': 512, 'dropout': 0.3, 'static_h': 64, 'rnn_h': 32, 'cw_power': 0.0}",0.09000000000000001,0.41489470263305134,0.6753313591340754
H1,static_mlp,1,2,"{'epochs': 15, 'lr': 0.002212838933145014, 'weight_decay': 0.0003386375541634431, 'batch_size': 1024, 'dropout': 0.2, 'static_h': 256, 'rnn_h': 128, 'cw_power': 0.0}",0.1,0.4103283194095842,0.6722804288301454
H1,static_mlp,1,3,"{'epochs': 15, 'lr': 0.0003380200096737044, 'weight_decay': 0.06769555114879179, 'batch_size': 1024, 'dropout': 0.5, 'static_h': 64, 'rnn_h': 64, 'cw_power': 1.0}",0.12000000000000001,0.32458599124142384,0.6440241103074953
H1,static_mlp,1,4,"{'epochs': 10, 'lr': 0.001083602618729513, 'weight_decay': 0.0004385782297181742, 'batch_size': 512, 'dropout': 0.2, 'static_h': 128, 'rnn_h': 128, 'cw_power': 1.0}",0.11,0.3992090535591268,0.6782319337656586
H1,static_mlp,1,5,"{'epochs': 10, 'lr': 0.001937870030664788, 'weight_decay': 0.006786314008702136, 'batch_size': 1024, 'dropout': 0.5, 'static_h': 128, 'rnn_h': 64, 'cw_power': 0.5}",0.12000000000000001,0.4116206490794473,0.6901424441947833
H1,static_mlp,2,0,"{'epochs': 15, 'lr': 0.001, 'weight_decay': 0.01, 'batch_size': 512, 'dropout': 0.2, 'static_h': 128, 'rnn_h': 64, 'cw_power': 1.0}",0.11,0.3506496825563717,0.640826578376527
H1,static_mlp,2,1,"{'epochs': 10, 'lr': 0.0023930212662491733, 'weight_decay': 0.007837586241204142, 'batch_size': 512, 'dropout': 0.5, 'static_h': 256, 'rnn_h': 32, 'cw_power': 1.0}",0.1,0.382169409831044,0.6575263653066552
H1,static_mlp,2,2,"{'epochs': 20, 'lr': 0.00047549214493645313, 'weight_decay': 0.018423171831620833, 'batch_size': 512, 'dropout': 0.2, 'static_h': 128, 'rnn_h': 32, 'cw_power': 0.0}",0.08,0.3849168429745035,0.6557542256084737
H1,static_mlp,2,3,"{'epochs': 10, 'lr': 0.0005286835948811423, 'weight_decay': 0.00031136808657903844, 'batch_size': 1024, 'dropout': 0.3, 'static_h': 256, 'rnn_h': 64, 'cw_power': 1.0}",0.1,0.3516282892099764,0.6482284385728992
H1,static_mlp,2,4,"{'epochs': 10, 'lr': 0.000867585737849672, 'weight_decay': 0.00010753850838939774, 'batch_size': 1024, 'dropout': 0.3, 'static_h': 64, 'rnn_h': 128, 'cw_power': 0.0}",0.11,0.3246701922024207,0.6438196902233893
H1,static_mlp,2,5,"{'epochs': 15, 'lr': 0.00037985825133326427, 'weight_decay': 0.0036727182762718346, 'batch_size': 1024, 'dropout': 0.5, 'static_h': 64, 'rnn_h': 64, 'cw_power': 1.0}",0.13,0.29904479604777773,0.6313307433896066
H1,static_mlp,3,0,"{'epochs': 15, 'lr': 0.001, 'weight_decay': 0.01, 'batch_size': 512, 'dropout': 0.2, 'static_h': 128, 'rnn_h': 64, 'cw_power': 1.0}",0.13999999999999999,0.35723343348913406,0.6457280298185168
H1,static_mlp,3,1,"{'epochs': 10, 'lr': 0.00047722539952988196, 'weight_decay': 0.012373013278527184, 'batch_size': 512, 'dropout': 0.3, 'static_h': 256, 'rnn_h': 128, 'cw_power': 0.0}",0.19,0.33942395295706373,0.6326086956521739
H1,static_mlp,3,2,"{'epochs': 20, 'lr': 0.00033711826231049377, 'weight_decay': 0.00014795389916408367, 'batch_size': 512, 'dropout': 0.2, 'static_h': 128, 'rnn_h': 128, 'cw_power': 0.5}",0.18,0.3537418957591196,0.6349843250553233
H1,static_mlp,3,3,"{'epochs': 10, 'lr': 0.0014625696725532834, 'weight_decay': 0.013949288664430433, 'batch_size': 1024, 'dropout': 0.3, 'static_h': 64, 'rnn_h': 64, 'cw_power': 1.0}",0.11,0.37014578423736494,0.6438196902233893
H1,static_mlp,3,4,"{'epochs': 20, 'lr': 0.000493602311529792, 'weight_decay': 0.007211799221037409, 'batch_size': 1024, 'dropout': 0.1, 'static_h': 128, 'rnn_h': 128, 'cw_power': 1.0}",0.16999999999999998,0.35530311541336496,0.6441695402865081
H1,static_mlp,3,5,"{'epochs': 10, 'lr': 0.0018952226872334683, 'weight_decay': 0.0001403064928106341, 'batch_size': 1024, 'dropout': 0.5, 'static_h': 256, 'rnn_h': 32, 'cw_power': 1.0}",0.09000000000000001,0.358168093484413,0.6406516191621601
H1,static_mlp,4,0,"{'epochs': 15, 'lr': 0.001, 'weight_decay': 0.01, 'batch_size': 512, 'dropout': 0.2, 'static_h': 128, 'rnn_h': 64, 'cw_power': 1.0}",0.1,0.4004922663502569,0.6513277474841512
H1,static_mlp,4,1,"{'epochs': 10, 'lr': 0.002561957751652235, 'weight_decay': 0.0032426405774710833, 'batch_size': 1024, 'dropout': 0.3, 'static_h': 128, 'rnn_h': 64, 'cw_power': 1.0}",0.1,0.41054156153935595,0.6544270563954032
H1,static_mlp,4,2,"{'epochs': 15, 'lr': 0.001118371376843322, 'weight_decay': 0.0005811995290901617, 'batch_size': 1024, 'dropout': 0.3, 'static_h': 64, 'rnn_h': 64, 'cw_power': 0.0}",0.12000000000000001,0.38311250355612747,0.662
H1,static_mlp,4,3,"{'epochs': 20, 'lr': 0.0012003814699486194, 'weight_decay': 0.00040602615431386044, 'batch_size': 512, 'dropout': 0.3, 'static_h': 128, 'rnn_h': 64, 'cw_power': 0.0}",0.11,0.394186103301809,0.6438196902233893
H1,static_mlp,4,4,"{'epochs': 10, 'lr': 0.00296813519868274, 'weight_decay': 0.05460210934427547, 'batch_size': 512, 'dropout': 0.2, 'static_h': 256, 'rnn_h': 64, 'cw_power': 1.0}",0.07,0.4068187800242964,0.6431773905153318
H1,static_mlp,4,5,"{'epochs': 15, 'lr': 0.002194612108816589, 'weight_decay': 0.0002097591975511373, 'batch_size': 512, 'dropout': 0.5, 'static_h': 128, 'rnn_h': 32, 'cw_power': 0.0}",0.13999999999999999,0.40245790971316786,0.6511367621876998
H1,static_mlp,5,0,"{'epochs': 15, 'lr': 0.001, 'weight_decay': 0.01, 'batch_size': 512, 'dropout': 0.2, 'static_h': 128, 'rnn_h': 64, 'cw_power': 1.0}",0.1,0.3474539095153158,0.6327318940166393
H1,static_mlp,5,1,"{'epochs': 15, 'lr': 0.00034215970762679795, 'weight_decay': 0.000525823519525431, 'batch_size': 1024, 'dropout': 0.1, 'static_h': 64, 'rnn_h': 32, 'cw_power': 1.0}",0.13,0.3034229617997486,0.6257448455621765
H1,static_mlp,5,2,"{'epochs': 20, 'lr': 0.0015963308919047768, 'weight_decay': 0.033881816038709905, 'batch_size': 512, 'dropout': 0.3, 'static_h': 64, 'rnn_h': 128, 'cw_power': 0.0}",0.16,0.3457107006211064,0.6314077382183076
H1,static_mlp,5,3,"{'epochs': 15, 'lr': 0.001328667454072522, 'weight_decay': 0.0008183729889345062, 'batch_size': 512, 'dropout': 0.5, 'static_h': 256, 'rnn_h': 32, 'cw_power': 0.5}",0.06,0.35092531494449614,0.6337124281629269
H1,static_mlp,5,4,"{'epochs': 10, 'lr': 0.0018558174946262176, 'weight_decay': 0.005979921832928067, 'batch_size': 1024, 'dropout': 0.1, 'static_h': 128, 'rnn_h': 128, 'cw_power': 1.0}",0.12000000000000001,0.34027433403133445,0.6417777777777778
H1,static_mlp,5,5,"{'epochs': 20, 'lr': 0.0010716551381253923, 'weight_decay': 0.003957893023465128, 'batch_size': 512, 'dropout': 0.1, 'static_h': 256, 'rnn_h': 64, 'cw_power': 0.5}",0.1,0.33269425598816277,0.6327318940166393
H1,lstm,1,0,"{'epochs': 15, 'lr': 0.001, 'weight_decay': 0.01, 'batch_size': 512, 'dropout': 0.2, 'static_h': 128, 'rnn_h': 64, 'cw_power': 1.0}",0.02,0.13214739517153748,0.11672278338945005
H1,lstm,1,1,"{'epochs': 15, 'lr': 0.0022649658967700335, 'weight_decay': 0.03614172361383393, 'batch_size': 1024, 'dropout': 0.5, 'static_h': 128, 'rnn_h': 128, 'cw_power': 0.0}",0.02,0.13214739517153748,0.11672278338945005
H1,lstm,1,2,"{'epochs': 20, 'lr': 0.0024081597905588645, 'weight_decay': 0.0004050572746318157, 'batch_size': 512, 'dropout': 0.5, 'static_h': 256, 'rnn_h': 64, 'cw_power': 0.0}",0.02,0.13214739517153748,0.11672278338945005
H1,lstm,1,3,"{'epochs': 20, 'lr': 0.0005003052298640881, 'weight_decay': 0.022889670538028335, 'batch_size': 512, 'dropout': 0.5, 'static_h': 128, 'rnn_h': 128, 'cw_power': 0.0}",0.02,0.13214739517153748,0.11672278338945005
H1,lstm,1,4,"{'epochs': 20, 'lr': 0.0006300630668062461, 'weight_decay': 0.0016176370847060095, 'batch_size': 1024, 'dropout': 0.2, 'static_h': 256, 'rnn_h': 32, 'cw_power': 0.0}",0.02,0.13214739517153748,0.11672278338945005
H1,lstm,1,5,"{'epochs': 15, 'lr': 0.0004905555145409876, 'weight_decay': 0.06553979279347327, 'batch_size': 1024, 'dropout': 0.1, 'static_h': 64, 'rnn_h': 128, 'cw_power': 0.5}",0.02,0.13214739517153748,0.11672278338945005
H1,lstm,2,0,"{'epochs': 15, 'lr': 0.001, 'weight_decay': 0.01, 'batch_size': 512, 'dropout': 0.2, 'static_h': 128, 'rnn_h': 64, 'cw_power': 1.0}",0.02,0.13159567705022251,0.11629213483146067
H1,lstm,2,1,"{'epochs': 20, 'lr': 0.0011885432080689564, 'weight_decay': 0.005385427268198346, 'batch_size': 512, 'dropout': 0.5, 'static_h': 256, 'rnn_h': 128, 'cw_power': 1.0}",0.02,0.13159567705022251,0.11629213483146067
H1,lstm,2,2,"{'epochs': 15, 'lr': 0.0006734280040476639, 'weight_decay': 0.0024141772729975013, 'batch_size': 512, 'dropout': 0.3, 'static_h': 128, 'rnn_h': 64, 'cw_power': 0.0}",0.02,0.13159567705022251,0.11629213483146067
H1,lstm,2,3,"{'epochs': 10, 'lr': 0.002891463378602011, 'weight_decay': 0.00022966947508738683, 'batch_size': 1024, 'dropout': 0.5, 'static_h': 256, 'rnn_h': 32, 'cw_power': 1.0}",0.02,0.13159567705022251,0.11629213483146067
H1,lstm,2,4,"{'epochs': 15, 'lr': 0.00033818684914402455, 'weight_decay': 0.002876444082264827, 'batch_size': 512, 'dropout': 0.5, 'static_h': 64, 'rnn_h': 128, 'cw_power': 0.0}",0.02,0.13159567705022251,0.11629213483146067
H1,lstm,2,5,"{'epochs': 10, 'lr': 0.0016920046517732111, 'weight_decay': 0.005312114518102216, 'batch_size': 1024, 'dropout': 0.2, 'static_h': 256, 'rnn_h': 64, 'cw_power': 0.0}",0.02,0.13159567705022251,0.11629213483146067
H1,lstm,3,0,"{'epochs': 15, 'lr': 0.001, 'weight_decay': 0.01, 'batch_size': 512, 'dropout': 0.2, 'static_h': 128, 'rnn_h': 64, 'cw_power': 1.0}",0.02,0.13159567705022251,0.11629213483146067
H1,lstm,3,1,"{'epochs': 15, 'lr': 0.0008525000078800287, 'weight_decay': 0.005858116609723789, 'batch_size': 512, 'dropout': 0.1, 'static_h': 256, 'rnn_h': 128, 'cw_power': 0.5}",0.02,0.13159567705022251,0.11629213483146067
H1,lstm,3,2,"{'epochs': 15, 'lr': 0.0006067613097826038, 'weight_decay': 0.0028689407464799754, 'batch_size': 512, 'dropout': 0.1, 'static_h': 128, 'rnn_h': 32, 'cw_power': 0.5}",0.02,0.13159567705022251,0.11629213483146067
H1,lstm,3,3,"{'epochs': 15, 'lr': 0.0010156322153765894, 'weight_decay': 0.007277440510916602, 'batch_size': 512, 'dropout': 0.5, 'static_h': 256, 'rnn_h': 128, 'cw_power': 1.0}",0.02,0.13159567705022251,0.11629213483146067
H1,lstm,3,4,"{'epochs': 20, 'lr': 0.0005129308283313143, 'weight_decay': 0.008707219084737048, 'batch_size': 1024, 'dropout': 0.5, 'static_h': 64, 'rnn_h': 64, 'cw_power': 1.0}",0.02,0.13159567705022251,0.11629213483146067
H1,lstm,3,5,"{'epochs': 20, 'lr': 0.0019481102079823458, 'weight_decay': 0.06748525418476034, 'batch_size': 1024, 'dropout': 0.2, 'static_h': 64, 'rnn_h': 128, 'cw_power': 1.0}",0.02,0.13159567705022251,0.11629213483146067
H1,lstm,4,0,"{'epochs': 15, 'lr': 0.001, 'weight_decay': 0.01, 'batch_size': 512, 'dropout': 0.2, 'static_h': 128, 'rnn_h': 64, 'cw_power': 1.0}",0.02,0.13159567705022251,0.11629213483146067
H1,lstm,4,1,"{'epochs': 15, 'lr': 0.0009421523655025821, 'weight_decay': 0.00018198104670908252, 'batch_size': 512, 'dropout': 0.2, 'static_h': 128, 'rnn_h': 128, 'cw_power': 0.0}",0.02,0.13159567705022251,0.11629213483146067
H1,lstm,4,2,"{'epochs': 10, 'lr': 0.001074117120329062, 'weight_decay': 0.003697971018325772, 'batch_size': 1024, 'dropout': 0.1, 'static_h': 256, 'rnn_h': 128, 'cw_power': 0.0}",0.02,0.13159567705022251,0.11629213483146067
H1,lstm,4,3,"{'epochs': 20, 'lr': 0.0008035366438018203, 'weight_decay': 0.018987127341596997, 'batch_size': 1024, 'dropout': 0.3, 'static_h': 256, 'rnn_h': 128, 'cw_power': 0.5}",0.02,0.13159567705022251,0.11629213483146067
H1,lstm,4,4,"{'epochs': 20, 'lr': 0.0010466767706177832, 'weight_decay': 0.04286682142434824, 'batch_size': 1024, 'dropout': 0.1, 'static_h': 64, 'rnn_h': 64, 'cw_power': 1.0}",0.02,0.13159567705022251,0.11629213483146067
H1,lstm,4,5,"{'epochs': 10, 'lr': 0.0011299987287163177, 'weight_decay': 0.0008063856368584905, 'batch_size': 1024, 'dropout': 0.2, 'static_h': 128, 'rnn_h': 64, 'cw_power': 0.0}",0.02,0.13159567705022251,0.11629213483146067
H1,lstm,5,0,"{'epochs': 15, 'lr': 0.001, 'weight_decay': 0.01, 'batch_size': 512, 'dropout': 0.2, 'static_h': 128, 'rnn_h': 64, 'cw_power': 1.0}",0.02,0.13159567705022251,0.11629213483146067
H1,lstm,5,1,"{'epochs': 15, 'lr': 0.00043003202588333893, 'weight_decay': 0.0009528737553985019, 'batch_size': 1024, 'dropout': 0.5, 'static_h': 128, 'rnn_h': 32, 'cw_power': 0.5}",0.02,0.13159567705022251,0.11629213483146067
H1,lstm,5,2,"{'epochs': 15, 'lr': 0.0004387852238948741, 'weight_decay': 0.004888614253799796, 'batch_size': 1024, 'dropout': 0.5, 'static_h': 64, 'rnn_h': 32, 'cw_power': 0.0}",0.02,0.13159567705022251,0.11629213483146067
H1,lstm,5,3,"{'epochs': 20, 'lr': 0.0003795567390548246, 'weight_decay': 0.016160873113258978, 'batch_size': 1024, 'dropout': 0.2, 'static_h': 128, 'rnn_h': 32, 'cw_power': 0.0}",0.02,0.13159567705022251,0.11629213483146067
H1,lstm,5,4,"{'epochs': 20, 'lr': 0.002070901419412679, 'weight_decay': 0.00019566005148359547, 'batch_size': 1024, 'dropout': 0.1, 'static_h': 256, 'rnn_h': 64, 'cw_power': 0.5}",0.02,0.13159567705022251,0.11629213483146067
H1,lstm,5,5,"{'epochs': 20, 'lr': 0.0003398782466706422, 'weight_decay': 0.004214997031089447, 'batch_size': 1024, 'dropout': 0.1, 'static_h': 128, 'rnn_h': 32, 'cw_power': 0.0}",0.02,0.13159567705022251,0.11629213483146067
H1,hyb1,1,0,"{'epochs': 15, 'lr': 0.001, 'weight_decay': 0.01, 'batch_size': 512, 'dropout': 0.2, 'static_h': 128, 'rnn_h': 64, 'cw_power': 1.0}",0.15,0.4086098941079475,0.6617523588677435
H1,hyb1,1,1,"{'epochs': 10, 'lr': 0.000848420288116931, 'weight_decay': 0.009710117260066578, 'batch_size': 1024, 'dropout': 0.2, 'static_h': 64, 'rnn_h': 32, 'cw_power': 1.0}",0.1,0.3700234237537462,0.6722804288301454
H1,hyb1,1,2,"{'epochs': 15, 'lr': 0.0012567951301354846, 'weight_decay': 0.000175193309270971, 'batch_size': 512, 'dropout': 0.2, 'static_h': 256, 'rnn_h': 128, 'cw_power': 0.0}",0.1,0.39985589144963396,0.6599136525595848
H1,hyb1,1,3,"{'epochs': 20, 'lr': 0.0005529359227310435, 'weight_decay': 0.011467112763709228, 'batch_size': 512, 'dropout': 0.2, 'static_h': 64, 'rnn_h': 128, 'cw_power': 0.0}",0.13999999999999999,0.39524072064010884,0.6747964552304383
H1,hyb1,1,4,"{'epochs': 20, 'lr': 0.00044550731218294, 'weight_decay': 0.008738332879580915, 'batch_size': 1024, 'dropout': 0.3, 'static_h': 128, 'rnn_h': 128, 'cw_power': 1.0}",0.11,0.40139810045667373,0.6931286034987298
H1,hyb1,1,5,"{'epochs': 20, 'lr': 0.0005048594406668127, 'weight_decay': 0.033125786730569, 'batch_size': 1024, 'dropout': 0.1, 'static_h': 64, 'rnn_h': 32, 'cw_power': 0.5}",0.1,0.4000496386877655,0.6753721228977855
H1,hyb1,2,0,"{'epochs': 15, 'lr': 0.001, 'weight_decay': 0.01, 'batch_size': 512, 'dropout': 0.2, 'static_h': 128, 'rnn_h': 64, 'cw_power': 1.0}",0.07,0.38074983791916583,0.6466756513926325
H1,hyb1,2,1,"{'epochs': 10, 'lr': 0.0007973040571479706, 'weight_decay': 0.023385188538678176, 'batch_size': 512, 'dropout': 0.3, 'static_h': 64, 'rnn_h': 64, 'cw_power': 0.0}",0.1,0.3546603494148649,0.6482284385728992
H1,hyb1,2,2,"{'epochs': 20, 'lr': 0.0006193634907944465, 'weight_decay': 0.00017514417524104752, 'batch_size': 1024, 'dropout': 0.5, 'static_h': 64, 'rnn_h': 64, 'cw_power': 0.5}",0.12000000000000001,0.3296003126687373,0.6388888888888888
H1,hyb1,2,3,"{'epochs': 20, 'lr': 0.0006060411537741015, 'weight_decay': 0.0001837708639634841, 'batch_size': 512, 'dropout': 0.3, 'static_h': 64, 'rnn_h': 128, 'cw_power': 0.5}",0.12000000000000001,0.3844535746589816,0.6562222222222223
H1,hyb1,2,4,"{'epochs': 20, 'lr': 0.0003901773435194183, 'weight_decay': 0.0007673981976704914, 'batch_size': 512, 'dropout': 0.5, 'static_h': 64, 'rnn_h': 32, 'cw_power': 1.0}",0.13,0.3376849825667462,0.6480884368718972
H1,hyb1,2,5,"{'epochs': 10, 'lr': 0.0003818967615838206, 'weight_decay': 0.0005798457323702247, 'batch_size': 512, 'dropout': 0.3, 'static_h': 64, 'rnn_h': 64, 'cw_power': 1.0}",0.1,0.35262719677308524,0.6575263653066552
H1,hyb1,3,0,"{'epochs': 15, 'lr': 0.001, 'weight_decay': 0.01, 'batch_size': 512, 'dropout': 0.2, 'static_h': 128, 'rnn_h': 64, 'cw_power': 1.0}",0.18,0.33489438070390953,0.6325670027046963
H1,hyb1,3,1,"{'epochs': 15, 'lr': 0.0006912680362635707, 'weight_decay': 0.003350452275172322, 'batch_size': 1024, 'dropout': 0.2, 'static_h': 256, 'rnn_h': 128, 'cw_power': 0.5}",0.15,0.34137308821137285,0.6413741441037423
H1,hyb1,3,2,"{'epochs': 10, 'lr': 0.000587597581136265, 'weight_decay': 0.0011255965487405118, 'batch_size': 1024, 'dropout': 0.2, 'static_h': 256, 'rnn_h': 128, 'cw_power': 0.0}",0.15,0.2917735499015794,0.6256103702181925
H1,hyb1,3,3,"{'epochs': 20, 'lr': 0.002548504515097095, 'weight_decay': 0.03397301983473852, 'batch_size': 1024, 'dropout': 0.2, 'static_h': 64, 'rnn_h': 64, 'cw_power': 1.0}",0.1,0.3394861813910812,0.6358312029278913
H1,hyb1,3,4,"{'epochs': 20, 'lr': 0.0008829512547898578, 'weight_decay': 0.012304784302385572, 'batch_size': 512, 'dropout': 0.3, 'static_h': 64, 'rnn_h': 32, 'cw_power': 0.0}",0.16,0.3349055479064089,0.6365093612187462
H1,hyb1,3,5,"{'epochs': 10, 'lr': 0.00039118928877988175, 'weight_decay': 0.0020457774149758123, 'batch_size': 1024, 'dropout': 0.3, 'static_h': 256, 'rnn_h': 128, 'cw_power': 0.5}",0.18,0.300401129452841,0.6325670027046963
H1,hyb1,4,0,"{'epochs': 15, 'lr': 0.001, 'weight_decay': 0.01, 'batch_size': 512, 'dropout': 0.2, 'static_h': 128, 'rnn_h': 64, 'cw_power': 1.0}",0.15,0.3985513015112231,0.6440014397513338
H1,hyb1,4,1,"{'epochs': 15, 'lr': 0.0004498417552320247, 'weight_decay': 0.00020949954441921984, 'batch_size': 512, 'dropout': 0.2, 'static_h': 128, 'rnn_h': 128, 'cw_power': 0.5}",0.1,0.3886351176676745,0.6575263653066552
H1,hyb1,4,2,"{'epochs': 10, 'lr': 0.0003231555795578293, 'weight_decay': 0.007397352237006692, 'batch_size': 512, 'dropout': 0.1, 'static_h': 256, 'rnn_h': 128, 'cw_power': 0.0}",0.13999999999999999,0.33691463653846,0.6565454945568828
H1,hyb1,4,3,"{'epochs': 10, 'lr': 0.002282894037259291, 'weight_decay': 0.0001140099697795282, 'batch_size': 512, 'dropout': 0.2, 'static_h': 256, 'rnn_h': 128, 'cw_power': 0.0}",0.11,0.38767523084129024,0.6348403546828025
H1,hyb1,4,4,"{'epochs': 20, 'lr': 0.00038383161315312436, 'weight_decay': 0.00021885992294220504, 'batch_size': 1024, 'dropout': 0.2, 'static_h': 256, 'rnn_h': 32, 'cw_power': 1.0}",0.07,0.38280545656073744,0.6536721731472339
H1,hyb1,4,5,"{'epochs': 20, 'lr': 0.0005456023723831589, 'weight_decay': 0.014193240467275405, 'batch_size': 512, 'dropout': 0.5, 'static_h': 256, 'rnn_h': 32, 'cw_power': 1.0}",0.09000000000000001,0.3997434453791839,0.6567658963297762
H1,hyb1,5,0,"{'epochs': 15, 'lr': 0.001, 'weight_decay': 0.01, 'batch_size': 512, 'dropout': 0.2, 'static_h': 128, 'rnn_h': 64, 'cw_power': 1.0}",0.13,0.3300839199154461,0.6285377944758915
H1,hyb1,5,1,"{'epochs': 20, 'lr': 0.0012135931335289496, 'weight_decay': 0.029815376300425894, 'batch_size': 1024, 'dropout': 0.3, 'static_h': 128, 'rnn_h': 128, 'cw_power': 0.0}",0.13,0.3221949359881194,0.6341236923033217
H1,hyb1,5,2,"{'epochs': 10, 'lr': 0.0031477578139783996, 'weight_decay': 0.03858645532136391, 'batch_size': 512, 'dropout': 0.5, 'static_h': 64, 'rnn_h': 64, 'cw_power': 0.0}",0.13,0.3294644623356799,0.6397095901307519
H1,hyb1,5,3,"{'epochs': 10, 'lr': 0.0005388942579866976, 'weight_decay': 0.013646166021612885, 'batch_size': 512, 'dropout': 0.1, 'static_h': 256, 'rnn_h': 32, 'cw_power': 0.5}",0.11,0.3311350862995362,0.640826578376527
H1,hyb1,5,4,"{'epochs': 15, 'lr': 0.002636684762944243, 'weight_decay': 0.0009130324610510494, 'batch_size': 512, 'dropout': 0.5, 'static_h': 256, 'rnn_h': 64, 'cw_power': 0.0}",0.15,0.34223508305254224,0.6282376658657841
H1,hyb1,5,5,"{'epochs': 20, 'lr': 0.001991724364132053, 'weight_decay': 0.029167608697872133, 'batch_size': 1024, 'dropout': 0.2, 'static_h': 64, 'rnn_h': 32, 'cw_power': 1.0}",0.18,0.34026446442552827,0.6301496803540694
H1,hyb2,1,0,"{'epochs': 15, 'lr': 0.001, 'weight_decay': 0.01, 'batch_size': 512, 'dropout': 0.2, 'static_h': 128, 'rnn_h': 64, 'cw_power': 1.0}",0.12000000000000001,0.40598728090546665,0.6843776524588723
H1,hyb2,1,1,"{'epochs': 15, 'lr': 0.0005402323608213159, 'weight_decay': 0.0002815454456108823, 'batch_size': 1024, 'dropout': 0.5, 'static_h': 64, 'rnn_h': 128, 'cw_power': 0.5}",0.16999999999999998,0.3275092694349338,0.6460618678609169
H1,hyb2,1,2,"{'epochs': 10, 'lr': 0.0014193602344099443, 'weight_decay': 0.0981567695309685, 'batch_size': 512, 'dropout': 0.1, 'static_h': 64, 'rnn_h': 64, 'cw_power': 0.0}",0.12000000000000001,0.40334057556021147,0.6814952565909168
H1,hyb2,1,3,"{'epochs': 20, 'lr': 0.00284905496251617, 'weight_decay': 0.00044983035491840366, 'batch_size': 512, 'dropout': 0.5, 'static_h': 64, 'rnn_h': 64, 'cw_power': 0.5}",0.15,0.42663727140403296,0.6827289567674183
H1,hyb2,1,4,"{'epochs': 10, 'lr': 0.002193674036274553, 'weight_decay': 0.07697930875122161, 'batch_size': 512, 'dropout': 0.3, 'static_h': 256, 'rnn_h': 128, 'cw_power': 0.5}",0.13,0.41093466760955033,0.6697478210445706
H1,hyb2,1,5,"{'epochs': 10, 'lr': 0.0003768276500269277, 'weight_decay': 0.024979169284806802, 'batch_size': 512, 'dropout': 0.3, 'static_h': 128, 'rnn_h': 32, 'cw_power': 0.5}",0.11,0.3546658606729055,0.6692939319258158
H1,hyb2,2,0,"{'epochs': 15, 'lr': 0.001, 'weight_decay': 0.01, 'batch_size': 512, 'dropout': 0.2, 'static_h': 128, 'rnn_h': 64, 'cw_power': 1.0}",0.08,0.374433255459491,0.6423202441688044
H1,hyb2,2,1,"{'epochs': 20, 'lr': 0.0004605458818906837, 'weight_decay': 0.00015089090008140976, 'batch_size': 1024, 'dropout': 0.3, 'static_h': 64, 'rnn_h': 128, 'cw_power': 1.0}",0.1,0.3581756009777567,0.6513277474841512
H1,hyb2,2,2,"{'epochs': 15, 'lr': 0.0021131526693813694, 'weight_decay': 0.002490076506473684, 'batch_size': 512, 'dropout': 0.5, 'static_h': 128, 'rnn_h': 64, 'cw_power': 0.0}",0.09000000000000001,0.36372397488338404,0.6503201854627297
H1,hyb2,2,3,"{'epochs': 10, 'lr': 0.0024242067722023827, 'weight_decay': 0.002441872840631783, 'batch_size': 1024, 'dropout': 0.2, 'static_h': 128, 'rnn_h': 64, 'cw_power': 0.5}",0.09000000000000001,0.34910937563619077,0.6535430408962529
H1,hyb2,2,4,"{'epochs': 15, 'lr': 0.0006827131480133998, 'weight_decay': 0.058002472325590644, 'batch_size': 512, 'dropout': 0.1, 'static_h': 64, 'rnn_h': 32, 'cw_power': 1.0}",0.11,0.3577314340525109,0.6378334665296648
H1,hyb2,2,5,"{'epochs': 20, 'lr': 0.0020710052263800743, 'weight_decay': 0.04697971770896875, 'batch_size': 512, 'dropout': 0.1, 'static_h': 64, 'rnn_h': 128, 'cw_power': 1.0}",0.11,0.36121808364357244,0.6348403546828025
H1,hyb2,3,0,"{'epochs': 15, 'lr': 0.001, 'weight_decay': 0.01, 'batch_size': 512, 'dropout': 0.2, 'static_h': 128, 'rnn_h': 64, 'cw_power': 1.0}",0.15,0.34590562644645784,0.6387468484561507
H1,hyb2,3,1,"{'epochs': 20, 'lr': 0.0028101106209892862, 'weight_decay': 0.008774415256327476, 'batch_size': 1024, 'dropout': 0.2, 'static_h': 64, 'rnn_h': 32, 'cw_power': 1.0}",0.16999999999999998,0.31998957985257914,0.614413683028237
H1,hyb2,3,2,"{'epochs': 10, 'lr': 0.0031127300604301576, 'weight_decay': 0.07367634421543627, 'batch_size': 1024, 'dropout': 0.3, 'static_h': 64, 'rnn_h': 32, 'cw_power': 0.5}",0.13,0.3317641456039561,0.642502539044467
H1,hyb2,3,3,"{'epochs': 10, 'lr': 0.0007932926303426756, 'weight_decay': 0.00020305252728809302, 'batch_size': 1024, 'dropout': 0.1, 'static_h': 128, 'rnn_h': 128, 'cw_power': 0.0}",0.12000000000000001,0.32443992304328595,0.6273333333333333
H1,hyb2,3,4,"{'epochs': 20, 'lr': 0.0004759613910229846, 'weight_decay': 0.0006242244619080183, 'batch_size': 512, 'dropout': 0.5, 'static_h': 128, 'rnn_h': 128, 'cw_power': 0.5}",0.08,0.3623325158961158,0.6456787395287218
H1,hyb2,3,5,"{'epochs': 15, 'lr': 0.0006134761599181687, 'weight_decay': 0.00042434083968625845, 'batch_size': 1024, 'dropout': 0.2, 'static_h': 64, 'rnn_h': 64, 'cw_power': 0.0}",0.13999999999999999,0.3265449313865275,0.6240931003417851
H1,hyb2,4,0,"{'epochs': 15, 'lr': 0.001, 'weight_decay': 0.01, 'batch_size': 512, 'dropout': 0.2, 'static_h': 128, 'rnn_h': 64, 'cw_power': 1.0}",0.18,0.4066585151958102,0.6398189697565774
H1,hyb2,4,1,"{'epochs': 10, 'lr': 0.0012683829899967317, 'weight_decay': 0.000690170009462045, 'batch_size': 1024, 'dropout': 0.2, 'static_h': 64, 'rnn_h': 64, 'cw_power': 1.0}",0.09000000000000001,0.3513263877128591,0.6503201854627297
H1,hyb2,4,2,"{'epochs': 20, 'lr': 0.000720607390206063, 'weight_decay': 0.052763954031317166, 'batch_size': 512, 'dropout': 0.2, 'static_h': 256, 'rnn_h': 128, 'cw_power': 1.0}",0.08,0.3911691443748054,0.6356032534489697
H1,hyb2,4,3,"{'epochs': 15, 'lr': 0.0013684785325249966, 'weight_decay': 0.00034391114689644593, 'batch_size': 1024, 'dropout': 0.3, 'static_h': 256, 'rnn_h': 128, 'cw_power': 1.0}",0.08,0.40767416061600553,0.6456787395287218
H1,hyb2,4,4,"{'epochs': 15, 'lr': 0.0013558936571936742, 'weight_decay': 0.010583480628973655, 'batch_size': 512, 'dropout': 0.5, 'static_h': 64, 'rnn_h': 64, 'cw_power': 1.0}",0.09000000000000001,0.4029703516759817,0.6567658963297762
H1,hyb2,4,5,"{'epochs': 15, 'lr': 0.00040840502056612885, 'weight_decay': 0.0036206290262442596, 'batch_size': 1024, 'dropout': 0.5, 'static_h': 64, 'rnn_h': 128, 'cw_power': 0.0}",0.12000000000000001,0.289235545122204,0.6244444444444444
H1,hyb2,5,0,"{'epochs': 15, 'lr': 0.001, 'weight_decay': 0.01, 'batch_size': 512, 'dropout': 0.2, 'static_h': 128, 'rnn_h': 64, 'cw_power': 1.0}",0.1,0.3388968651685513,0.6327318940166393
H1,hyb2,5,1,"{'epochs': 10, 'lr': 0.00039049005542632484, 'weight_decay': 0.00016497897215308392, 'batch_size': 512, 'dropout': 0.5, 'static_h': 256, 'rnn_h': 32, 'cw_power': 0.0}",0.15,0.2879807084847341,0.6282376658657841
H1,hyb2,5,2,"{'epochs': 20, 'lr': 0.0007792023395914522, 'weight_decay': 0.009709779739789474, 'batch_size': 1024, 'dropout': 0.1, 'static_h': 64, 'rnn_h': 128, 'cw_power': 0.5}",0.13,0.32196003180520494,0.6397095901307519
H1,hyb2,5,3,"{'epochs': 15, 'lr': 0.00296767300312186, 'weight_decay': 0.012582919339934022, 'batch_size': 1024, 'dropout': 0.5, 'static_h': 64, 'rnn_h': 64, 'cw_power': 0.5}",0.08,0.32996103569377166,0.6389617488088871
H1,hyb2,5,4,"{'epochs': 10, 'lr': 0.0012986120863311033, 'weight_decay': 0.00123929468250214, 'batch_size': 1024, 'dropout': 0.5, 'static_h': 64, 'rnn_h': 32, 'cw_power': 0.5}",0.15,0.2921133493485909,0.6256103702181925
H1,hyb2,5,5,"{'epochs': 10, 'lr': 0.0023140082336009817, 'weight_decay': 0.018288197355594435, 'batch_size': 1024, 'dropout': 0.2, 'static_h': 128, 'rnn_h': 64, 'cw_power': 1.0}",0.09000000000000001,0.33572770359244847,0.6374287637286368
H1,hyb3,1,0,"{'epochs': 15, 'lr': 0.001, 'weight_decay': 0.01, 'batch_size': 512, 'dropout': 0.2, 'static_h': 128, 'rnn_h': 64, 'cw_power': 1.0}",0.09000000000000001,0.4044237376853274,0.6817604411314204
H1,hyb3,1,1,"{'epochs': 20, 'lr': 0.002532704723889016, 'weight_decay': 0.0023994158792079723, 'batch_size': 1024, 'dropout': 0.3, 'static_h': 64, 'rnn_h': 64, 'cw_power': 0.0}",0.11,0.3983245975161346,0.6663145979792015
H1,hyb3,1,2,"{'epochs': 20, 'lr': 0.0012847690332791007, 'weight_decay': 0.0016622010756072482, 'batch_size': 1024, 'dropout': 0.2, 'static_h': 256, 'rnn_h': 32, 'cw_power': 0.0}",0.08,0.40565888207869044,0.6684115776974835
H1,hyb3,1,3,"{'epochs': 10, 'lr': 0.000599352849357316, 'weight_decay': 0.0005190102818943104, 'batch_size': 512, 'dropout': 0.5, 'static_h': 128, 'rnn_h': 64, 'cw_power': 1.0}",0.12000000000000001,0.38746657423118763,0.6872600483268279
H1,hyb3,1,4,"{'epochs': 20, 'lr': 0.0017260796908401316, 'weight_decay': 0.00861203319858377, 'batch_size': 512, 'dropout': 0.3, 'static_h': 256, 'rnn_h': 64, 'cw_power': 0.5}",0.1,0.4019596440719691,0.6506385703566644
H1,hyb3,1,5,"{'epochs': 20, 'lr': 0.0014802877073276798, 'weight_decay': 0.023031158267881408, 'batch_size': 512, 'dropout': 0.5, 'static_h': 64, 'rnn_h': 32, 'cw_power': 0.5}",0.12000000000000001,0.408257170286712,0.6872600483268279
H1,hyb3,2,0,"{'epochs': 15, 'lr': 0.001, 'weight_decay': 0.01, 'batch_size': 512, 'dropout': 0.2, 'static_h': 128, 'rnn_h': 64, 'cw_power': 1.0}",0.12000000000000001,0.3644683192118653,0.6475555555555556
H1,hyb3,2,1,"{'epochs': 10, 'lr': 0.003086392707143972, 'weight_decay': 0.0002757391452251768, 'batch_size': 1024, 'dropout': 0.3, 'static_h': 128, 'rnn_h': 32, 'cw_power': 0.5}",0.1,0.3694034953907283,0.6513277474841512
H1,hyb3,2,2,"{'epochs': 20, 'lr': 0.0014535284388359595, 'weight_decay': 0.0005773749508283698, 'batch_size': 1024, 'dropout': 0.2, 'static_h': 128, 'rnn_h': 128, 'cw_power': 1.0}",0.09000000000000001,0.3404100455271954,0.6438744745956833
H1,hyb3,2,3,"{'epochs': 15, 'lr': 0.002207804787649148, 'weight_decay': 0.028970229135881733, 'batch_size': 512, 'dropout': 0.2, 'static_h': 64, 'rnn_h': 32, 'cw_power': 0.0}",0.13999999999999999,0.3716889671759546,0.6511367621876998
H1,hyb3,2,4,"{'epochs': 10, 'lr': 0.0004445504614346934, 'weight_decay': 0.03529669320422203, 'batch_size': 512, 'dropout': 0.2, 'static_h': 64, 'rnn_h': 32, 'cw_power': 0.5}",0.11,0.33682758627527754,0.640826578376527
H1,hyb3,2,5,"{'epochs': 10, 'lr': 0.00051706397738657, 'weight_decay': 0.011596643953470147, 'batch_size': 1024, 'dropout': 0.5, 'static_h': 128, 'rnn_h': 128, 'cw_power': 1.0}",0.08,0.31466126355368096,0.6288862627291352
H1,hyb3,3,0,"{'epochs': 15, 'lr': 0.001, 'weight_decay': 0.01, 'batch_size': 512, 'dropout': 0.2, 'static_h': 128, 'rnn_h': 64, 'cw_power': 1.0}",0.15,0.3352075534800967,0.6413741441037423
H1,hyb3,3,1,"{'epochs': 20, 'lr': 0.0004232857489016665, 'weight_decay': 0.019822553958630702, 'batch_size': 1024, 'dropout': 0.2, 'static_h': 256, 'rnn_h': 32, 'cw_power': 0.5}",0.11,0.34291934899616283,0.6348403546828025
H1,hyb3,3,2,"{'epochs': 20, 'lr': 0.0018364237831158385, 'weight_decay': 0.030139546309492775, 'batch_size': 1024, 'dropout': 0.5, 'static_h': 128, 'rnn_h': 64, 'cw_power': 1.0}",0.18,0.347394121558771,0.6422362921072042
H1,hyb3,3,3,"{'epochs': 15, 'lr': 0.0011399282998564668, 'weight_decay': 0.005177516068356585, 'batch_size': 512, 'dropout': 0.1, 'static_h': 64, 'rnn_h': 128, 'cw_power': 0.0}",0.18,0.3316962362658921,0.6301496803540694
H1,hyb3,3,4,"{'epochs': 10, 'lr': 0.0008701623076771269, 'weight_decay': 0.0005328756757295605, 'batch_size': 1024, 'dropout': 0.5, 'static_h': 64, 'rnn_h': 32, 'cw_power': 1.0}",0.16999999999999998,0.3106557887375875,0.6292916116573726
H1,hyb3,3,5,"{'epochs': 15, 'lr': 0.0021531604122726395, 'weight_decay': 0.0006049724009640788, 'batch_size': 512, 'dropout': 0.2, 'static_h': 64, 'rnn_h': 128, 'cw_power': 1.0}",0.15,0.334143603375352,0.6413741441037423
H1,hyb3,4,0,"{'epochs': 15, 'lr': 0.001, 'weight_decay': 0.01, 'batch_size': 512, 'dropout': 0.2, 'static_h': 128, 'rnn_h': 64, 'cw_power': 1.0}",0.12000000000000001,0.39376036784044005,0.6388888888888888
H1,hyb3,4,1,"{'epochs': 15, 'lr': 0.0014259760203087222, 'weight_decay': 0.0001715716306981417, 'batch_size': 512, 'dropout': 0.1, 'static_h': 128, 'rnn_h': 128, 'cw_power': 1.0}",0.13999999999999999,0.365259889483737,0.6240931003417851
H1,hyb3,4,2,"{'epochs': 20, 'lr': 0.0003409364429366275, 'weight_decay': 0.016618654891671775, 'batch_size': 512, 'dropout': 0.5, 'static_h': 256, 'rnn_h': 32, 'cw_power': 0.0}",0.11,0.36781450801756455,0.6587852494577007
H1,hyb3,4,3,"{'epochs': 20, 'lr': 0.0003407815151702424, 'weight_decay': 0.0005479737434825055, 'batch_size': 1024, 'dropout': 0.3, 'static_h': 64, 'rnn_h': 128, 'cw_power': 0.0}",0.11,0.32091067380447447,0.6468128020702516
H1,hyb3,4,4,"{'epochs': 15, 'lr': 0.0020557080291018883, 'weight_decay': 0.00014447831197132843, 'batch_size': 1024, 'dropout': 0.3, 'static_h': 64, 'rnn_h': 32, 'cw_power': 1.0}",0.08,0.39804795504067253,0.6523957302485563
H1,hyb3,4,5,"{'epochs': 20, 'lr': 0.0024371186155736154, 'weight_decay': 0.0008512945424351314, 'batch_size': 1024, 'dropout': 0.2, 'static_h': 128, 'rnn_h': 64, 'cw_power': 1.0}",0.11,0.3675258937104434,0.6348403546828025
H1,hyb3,5,0,"{'epochs': 15, 'lr': 0.001, 'weight_decay': 0.01, 'batch_size': 512, 'dropout': 0.2, 'static_h': 128, 'rnn_h': 64, 'cw_power': 1.0}",0.11,0.33524773731029045,0.6348403546828025
H1,hyb3,5,1,"{'epochs': 15, 'lr': 0.0005863206173763267, 'weight_decay': 0.00023081023600438706, 'batch_size': 512, 'dropout': 0.5, 'static_h': 128, 'rnn_h': 32, 'cw_power': 0.0}",0.15,0.3054654852365782,0.6308649615133757
H1,hyb3,5,2,"{'epochs': 10, 'lr': 0.0006553824854252119, 'weight_decay': 0.003443582790416381, 'batch_size': 512, 'dropout': 0.3, 'static_h': 256, 'rnn_h': 128, 'cw_power': 0.0}",0.11,0.32212792834804654,0.6378334665296648
H1,hyb3,5,3,"{'epochs': 15, 'lr': 0.0008256519621504876, 'weight_decay': 0.05766035998259002, 'batch_size': 1024, 'dropout': 0.3, 'static_h': 64, 'rnn_h': 32, 'cw_power': 0.0}",0.13999999999999999,0.2876081178713617,0.6186843679726022
H1,hyb3,5,4,"{'epochs': 15, 'lr': 0.002670834897684835, 'weight_decay': 0.026792937838993464, 'batch_size': 1024, 'dropout': 0.5, 'static_h': 64, 'rnn_h': 64, 'cw_power': 0.5}",0.09000000000000001,0.32104108586864316,0.6342059082951136
H1,hyb3,5,5,"{'epochs': 10, 'lr': 0.0004537182066139322, 'weight_decay': 0.006765512464144779, 'batch_size': 512, 'dropout': 0.5, 'static_h': 128, 'rnn_h': 32, 'cw_power': 1.0}",0.16,0.2973756384248012,0.6314077382183076
H1,hyb4,1,0,"{'epochs': 15, 'lr': 0.001, 'weight_decay': 0.01, 'batch_size': 512, 'dropout': 0.2, 'static_h': 128, 'rnn_h': 64, 'cw_power': 1.0}",0.12000000000000001,0.39254075380198983,0.6757304648550058
H1,hyb4,1,1,"{'epochs': 15, 'lr': 0.00046066896059490355, 'weight_decay': 0.03873807320016655, 'batch_size': 512, 'dropout': 0.3, 'static_h': 64, 'rnn_h': 64, 'cw_power': 0.0}",0.11,0.36261671164223436,0.6782319337656586
H1,hyb4,1,2,"{'epochs': 15, 'lr': 0.0022504431179464508, 'weight_decay': 0.07123777261888603, 'batch_size': 1024, 'dropout': 0.1, 'static_h': 64, 'rnn_h': 128, 'cw_power': 0.0}",0.08,0.42486690058898213,0.6717609557005392
H1,hyb4,1,3,"{'epochs': 15, 'lr': 0.0012063189327496079, 'weight_decay': 0.00013308186699095132, 'batch_size': 1024, 'dropout': 0.5, 'static_h': 128, 'rnn_h': 32, 'cw_power': 0.5}",0.12000000000000001,0.4168302757838478,0.6901424441947833
H1,hyb4,1,4,"{'epochs': 10, 'lr': 0.0010464318400192035, 'weight_decay': 0.004953768009866863, 'batch_size': 512, 'dropout': 0.5, 'static_h': 128, 'rnn_h': 64, 'cw_power': 0.0}",0.13999999999999999,0.3996711653685334,0.6747964552304383
H1,hyb4,1,5,"{'epochs': 10, 'lr': 0.0005650128731868619, 'weight_decay': 0.0006606289515972809, 'batch_size': 512, 'dropout': 0.5, 'static_h': 256, 'rnn_h': 32, 'cw_power': 1.0}",0.11,0.38649949635061526,0.6812112677122728
H1,hyb4,2,0,"{'epochs': 15, 'lr': 0.001, 'weight_decay': 0.01, 'batch_size': 512, 'dropout': 0.2, 'static_h': 128, 'rnn_h': 64, 'cw_power': 1.0}",0.13,0.3761557630000195,0.6536743346993275
H1,hyb4,2,1,"{'epochs': 20, 'lr': 0.002796792083314302, 'weight_decay': 0.00011436715012073177, 'batch_size': 1024, 'dropout': 0.2, 'static_h': 256, 'rnn_h': 64, 'cw_power': 1.0}",0.16999999999999998,0.37551324916667295,0.639210230743463
H1,hyb4,2,2,"{'epochs': 15, 'lr': 0.0009432816050210362, 'weight_decay': 0.00010203918997282784, 'batch_size': 1024, 'dropout': 0.5, 'static_h': 64, 'rnn_h': 64, 'cw_power': 1.0}",0.11,0.3576977431292648,0.6498059139171137
H1,hyb4,2,3,"{'epochs': 10, 'lr': 0.002227513345684222, 'weight_decay': 0.00518326124442101, 'batch_size': 1024, 'dropout': 0.5, 'static_h': 128, 'rnn_h': 128, 'cw_power': 0.5}",0.11,0.3481751608039987,0.6557921376108384
H1,hyb4,2,4,"{'epochs': 10, 'lr': 0.0011669633947457266, 'weight_decay': 0.01951994785851026, 'batch_size': 512, 'dropout': 0.5, 'static_h': 256, 'rnn_h': 128, 'cw_power': 1.0}",0.1,0.3661931769155218,0.6544270563954032
H1,hyb4,2,5,"{'epochs': 10, 'lr': 0.0004480803877401542, 'weight_decay': 0.005296402127239998, 'batch_size': 1024, 'dropout': 0.5, 'static_h': 256, 'rnn_h': 64, 'cw_power': 1.0}",0.12000000000000001,0.3154421186102699,0.6388888888888888
H1,hyb4,3,0,"{'epochs': 15, 'lr': 0.001, 'weight_decay': 0.01, 'batch_size': 512, 'dropout': 0.2, 'static_h': 128, 'rnn_h': 64, 'cw_power': 1.0}",0.13999999999999999,0.35007568563052616,0.6484323960031084
H1,hyb4,3,1,"{'epochs': 20, 'lr': 0.0007683298280986656, 'weight_decay': 0.08456519583011265, 'batch_size': 512, 'dropout': 0.5, 'static_h': 64, 'rnn_h': 32, 'cw_power': 1.0}",0.18,0.365527297396267,0.6422362921072042
H1,hyb4,3,2,"{'epochs': 15, 'lr': 0.0015351714024042908, 'weight_decay': 0.0002539729706311292, 'batch_size': 1024, 'dropout': 0.2, 'static_h': 256, 'rnn_h': 128, 'cw_power': 0.0}",0.15,0.3217051669570036,0.6282376658657841
H1,hyb4,3,3,"{'epochs': 20, 'lr': 0.0016880082326090706, 'weight_decay': 0.00037240029829923086, 'batch_size': 1024, 'dropout': 0.5, 'static_h': 128, 'rnn_h': 64, 'cw_power': 0.0}",0.19999999999999998,0.34082900729615917,0.6348077866554528
H1,hyb4,3,4,"{'epochs': 15, 'lr': 0.00039178716450571737, 'weight_decay': 0.015514064658236688, 'batch_size': 512, 'dropout': 0.1, 'static_h': 128, 'rnn_h': 32, 'cw_power': 0.5}",0.16999999999999998,0.35262950159690315,0.6441695402865081
H1,hyb4,3,5,"{'epochs': 20, 'lr': 0.000962163425831288, 'weight_decay': 0.0017795871483967302, 'batch_size': 512, 'dropout': 0.3, 'static_h': 256, 'rnn_h': 128, 'cw_power': 1.0}",0.13,0.3285843202589355,0.6341236923033217
H1,hyb4,4,0,"{'epochs': 15, 'lr': 0.001, 'weight_decay': 0.01, 'batch_size': 512, 'dropout': 0.2, 'static_h': 128, 'rnn_h': 64, 'cw_power': 1.0}",0.06,0.40855624840451693,0.6556896824731513
H1,hyb4,4,1,"{'epochs': 15, 'lr': 0.0009622073298222075, 'weight_decay': 0.0008298967964595193, 'batch_size': 512, 'dropout': 0.3, 'static_h': 256, 'rnn_h': 32, 'cw_power': 0.0}",0.13999999999999999,0.4021359686870592,0.6403192974493339
H1,hyb4,4,2,"{'epochs': 10, 'lr': 0.0003448991320798309, 'weight_decay': 0.00027494425355239826, 'batch_size': 1024, 'dropout': 0.3, 'static_h': 256, 'rnn_h': 128, 'cw_power': 1.0}",0.16,0.31020434895117904,0.6441617957194042
H1,hyb4,4,3,"{'epochs': 15, 'lr': 0.0007384877823952612, 'weight_decay': 0.02704291592350227, 'batch_size': 1024, 'dropout': 0.1, 'static_h': 128, 'rnn_h': 128, 'cw_power': 0.5}",0.1,0.367793004642507,0.6575263653066552
H1,hyb4,4,4,"{'epochs': 10, 'lr': 0.0007121504327298503, 'weight_decay': 0.06953369412148765, 'batch_size': 512, 'dropout': 0.1, 'static_h': 128, 'rnn_h': 64, 'cw_power': 1.0}",0.08,0.4006091918876346,0.6557542256084737
H1,hyb4,4,5,"{'epochs': 20, 'lr': 0.00042315023526990725, 'weight_decay': 0.0002217249707822326, 'batch_size': 1024, 'dropout': 0.3, 'static_h': 64, 'rnn_h': 128, 'cw_power': 1.0}",0.11,0.3543954057406086,0.6617783613045629
H1,hyb4,5,0,"{'epochs': 15, 'lr': 0.001, 'weight_decay': 0.01, 'batch_size': 512, 'dropout': 0.2, 'static_h': 128, 'rnn_h': 64, 'cw_power': 1.0}",0.16,0.31739425101309043,0.6263061152178689
H1,hyb4,5,1,"{'epochs': 15, 'lr': 0.0024515536506981863, 'weight_decay': 0.0006136073441802221, 'batch_size': 512, 'dropout': 0.3, 'static_h': 64, 'rnn_h': 128, 'cw_power': 0.0}",0.09000000000000001,0.3498322932868393,0.6374287637286368
H1,hyb4,5,2,"{'epochs': 15, 'lr': 0.0013418982928765488, 'weight_decay': 0.030443657052231492, 'batch_size': 512, 'dropout': 0.5, 'static_h': 128, 'rnn_h': 64, 'cw_power': 1.0}",0.1,0.3382492610924087,0.6389305118391433
H1,hyb4,5,3,"{'epochs': 20, 'lr': 0.0011058734063182861, 'weight_decay': 0.0014686288802763044, 'batch_size': 512, 'dropout': 0.3, 'static_h': 128, 'rnn_h': 32, 'cw_power': 0.5}",0.09000000000000001,0.33057325380183544,0.6309830528615903
H1,hyb4,5,4,"{'epochs': 20, 'lr': 0.0009029720251053482, 'weight_decay': 0.01966155999146912, 'batch_size': 1024, 'dropout': 0.5, 'static_h': 256, 'rnn_h': 32, 'cw_power': 1.0}",0.1,0.34114412857015597,0.6482284385728992
H1,hyb4,5,5,"{'epochs': 15, 'lr': 0.0005246422430796777, 'weight_decay': 0.01805825367759412, 'batch_size': 1024, 'dropout': 0.3, 'static_h': 64, 'rnn_h': 64, 'cw_power': 1.0}",0.11,0.3118636753995523,0.6318472428359402
H1,proposed,1,0,"{'epochs': 15, 'lr': 0.001, 'weight_decay': 0.01, 'batch_size': 512, 'dropout': 0.2, 'static_h': 128, 'rnn_h': 64, 'cw_power': 1.0}",0.11,0.4151442062405685,0.6752525998190443
H1,proposed,1,1,"{'epochs': 15, 'lr': 0.000754644912136363, 'weight_decay': 0.0031112024189041765, 'batch_size': 512, 'dropout': 0.2, 'static_h': 256, 'rnn_h': 64, 'cw_power': 0.0}",0.13999999999999999,0.41897074695232617,0.6747964552304383
H1,proposed,1,2,"{'epochs': 15, 'lr': 0.0009977848181671706, 'weight_decay': 0.0004556262740175452, 'batch_size': 1024, 'dropout': 0.2, 'static_h': 256, 'rnn_h': 128, 'cw_power': 0.0}",0.13,0.41831277092894986,0.6892563885778028
H1,proposed,1,3,"{'epochs': 10, 'lr': 0.0005534156242688908, 'weight_decay': 0.0006318696517967689, 'batch_size': 512, 'dropout': 0.3, 'static_h': 64, 'rnn_h': 128, 'cw_power': 0.0}",0.19,0.3456455286390994,0.6649780767102295
H1,proposed,1,4,"{'epochs': 10, 'lr': 0.0012816209007890681, 'weight_decay': 0.005778203180671309, 'batch_size': 1024, 'dropout': 0.1, 'static_h': 256, 'rnn_h': 64, 'cw_power': 1.0}",0.12000000000000001,0.41049337475761977,0.6901424441947833
H1,proposed,1,5,"{'epochs': 15, 'lr': 0.0008054637181259785, 'weight_decay': 0.08310198998120429, 'batch_size': 512, 'dropout': 0.3, 'static_h': 128, 'rnn_h': 128, 'cw_power': 0.5}",0.13,0.4169192301227347,0.6864694503587696
H1,proposed,2,0,"{'epochs': 15, 'lr': 0.001, 'weight_decay': 0.01, 'batch_size': 512, 'dropout': 0.2, 'static_h': 128, 'rnn_h': 64, 'cw_power': 1.0}",0.07,0.3646548100662086,0.6361808687607305
H1,proposed,2,1,"{'epochs': 20, 'lr': 0.0012760390614010443, 'weight_decay': 0.003508530374244322, 'batch_size': 1024, 'dropout': 0.3, 'static_h': 64, 'rnn_h': 128, 'cw_power': 0.0}",0.13,0.35957856982422554,0.6536743346993275
H1,proposed,2,2,"{'epochs': 20, 'lr': 0.0006127125642517781, 'weight_decay': 0.0001540719539718152, 'batch_size': 512, 'dropout': 0.1, 'static_h': 256, 'rnn_h': 32, 'cw_power': 0.5}",0.1,0.3722382615848183,0.6451291296616473
H1,proposed,2,3,"{'epochs': 15, 'lr': 0.0028359784345681964, 'weight_decay': 0.04258030830026439, 'batch_size': 1024, 'dropout': 0.3, 'static_h': 256, 'rnn_h': 32, 'cw_power': 0.0}",0.09000000000000001,0.3390597504499373,0.6503201854627297
H1,proposed,2,4,"{'epochs': 10, 'lr': 0.00036210017494559395, 'weight_decay': 0.0020445463705765434, 'batch_size': 1024, 'dropout': 0.3, 'static_h': 64, 'rnn_h': 64, 'cw_power': 0.5}",0.19,0.2559066131425249,0.6019927536231884
H1,proposed,2,5,"{'epochs': 20, 'lr': 0.0015330480424084185, 'weight_decay': 0.0032745466516908043, 'batch_size': 512, 'dropout': 0.2, 'static_h': 256, 'rnn_h': 128, 'cw_power': 1.0}",0.16999999999999998,0.3586276839046429,0.6367305759719403
H1,proposed,3,0,"{'epochs': 15, 'lr': 0.001, 'weight_decay': 0.01, 'batch_size': 512, 'dropout': 0.2, 'static_h': 128, 'rnn_h': 64, 'cw_power': 1.0}",0.13999999999999999,0.34811061257252407,0.6484323960031084
H1,proposed,3,1,"{'epochs': 20, 'lr': 0.0007649143910672003, 'weight_decay': 0.00018402534205455988, 'batch_size': 1024, 'dropout': 0.3, 'static_h': 128, 'rnn_h': 32, 'cw_power': 0.0}",0.19,0.34849868348070656,0.6302536231884058
H1,proposed,3,2,"{'epochs': 15, 'lr': 0.0005318332835607132, 'weight_decay': 0.009281372984990445, 'batch_size': 1024, 'dropout': 0.1, 'static_h': 256, 'rnn_h': 64, 'cw_power': 0.0}",0.1,0.34071706024567605,0.6358312029278913
H1,proposed,3,3,"{'epochs': 15, 'lr': 0.0027179412978514477, 'weight_decay': 0.08181110553769635, 'batch_size': 512, 'dropout': 0.2, 'static_h': 128, 'rnn_h': 64, 'cw_power': 0.5}",0.12000000000000001,0.3156754856451528,0.6186666666666667
H1,proposed,3,4,"{'epochs': 10, 'lr': 0.0025154490991273057, 'weight_decay': 0.014780817983220134, 'batch_size': 1024, 'dropout': 0.3, 'static_h': 64, 'rnn_h': 64, 'cw_power': 0.5}",0.13,0.3490267612307563,0.6397095901307519
H1,proposed,3,5,"{'epochs': 15, 'lr': 0.0006328566286147571, 'weight_decay': 0.057101648359758964, 'batch_size': 512, 'dropout': 0.5, 'static_h': 128, 'rnn_h': 128, 'cw_power': 0.5}",0.15,0.3343685014098133,0.6387468484561507
H1,proposed,4,0,"{'epochs': 15, 'lr': 0.001, 'weight_decay': 0.01, 'batch_size': 512, 'dropout': 0.2, 'static_h': 128, 'rnn_h': 64, 'cw_power': 1.0}",0.07,0.39848811986997534,0.6396791296380312
H1,proposed,4,1,"{'epochs': 20, 'lr': 0.0016277290668202462, 'weight_decay': 0.035826434390309705, 'batch_size': 1024, 'dropout': 0.3, 'static_h': 128, 'rnn_h': 128, 'cw_power': 0.0}",0.09000000000000001,0.37633552654516284,0.6470973300292064
H1,proposed,4,2,"{'epochs': 20, 'lr': 0.0016217255784586545, 'weight_decay': 0.05734313828736786, 'batch_size': 512, 'dropout': 0.2, 'static_h': 128, 'rnn_h': 64, 'cw_power': 1.0}",0.13999999999999999,0.40088079861277304,0.634910565080151
H1,proposed,4,3,"{'epochs': 10, 'lr': 0.000651799840577921, 'weight_decay': 0.0021851881025394732, 'batch_size': 512, 'dropout': 0.2, 'static_h': 128, 'rnn_h': 32, 'cw_power': 1.0}",0.09000000000000001,0.3969814846991743,0.6632116071968226
H1,proposed,4,4,"{'epochs': 10, 'lr': 0.0012027972244880764, 'weight_decay': 0.017912855434797776, 'batch_size': 512, 'dropout': 0.5, 'static_h': 256, 'rnn_h': 32, 'cw_power': 1.0}",0.09000000000000001,0.40212468704325555,0.6599887517632994
H1,proposed,4,5,"{'epochs': 10, 'lr': 0.0007983875534022634, 'weight_decay': 0.0007970955157879512, 'batch_size': 512, 'dropout': 0.2, 'static_h': 64, 'rnn_h': 32, 'cw_power': 0.5}",0.09000000000000001,0.3735298250018049,0.6599887517632994
H1,proposed,5,0,"{'epochs': 15, 'lr': 0.001, 'weight_decay': 0.01, 'batch_size': 512, 'dropout': 0.2, 'static_h': 128, 'rnn_h': 64, 'cw_power': 1.0}",0.07,0.35308364577965334,0.6361808687607305
H1,proposed,5,1,"{'epochs': 10, 'lr': 0.0024647205592036887, 'weight_decay': 0.04552938767919346, 'batch_size': 512, 'dropout': 0.5, 'static_h': 64, 'rnn_h': 64, 'cw_power': 0.0}",0.13,0.3318639493450937,0.642502539044467
H1,proposed,5,2,"{'epochs': 20, 'lr': 0.003004058522493695, 'weight_decay': 0.06985591716059306, 'batch_size': 512, 'dropout': 0.1, 'static_h': 128, 'rnn_h': 32, 'cw_power': 0.5}",0.1,0.2999293014139781,0.6172353494603794
H1,proposed,5,3,"{'epochs': 10, 'lr': 0.0018250914526143855, 'weight_decay': 0.029610349555649722, 'batch_size': 512, 'dropout': 0.5, 'static_h': 256, 'rnn_h': 32, 'cw_power': 0.0}",0.1,0.334806837769927,0.6358312029278913
H1,proposed,5,4,"{'epochs': 20, 'lr': 0.0010887708174024276, 'weight_decay': 0.0866536749295425, 'batch_size': 512, 'dropout': 0.2, 'static_h': 64, 'rnn_h': 128, 'cw_power': 0.0}",0.12000000000000001,0.34701142414289804,0.6302222222222222
H1,proposed,5,5,"{'epochs': 15, 'lr': 0.0006639778068570548, 'weight_decay': 0.00040102200169256873, 'batch_size': 1024, 'dropout': 0.5, 'static_h': 128, 'rnn_h': 64, 'cw_power': 0.5}",0.11,0.3165973573241715,0.6378334665296648
H1,hyb5,1,0,"{'epochs': 15, 'lr': 0.001, 'weight_decay': 0.01, 'batch_size': 512, 'dropout': 0.2, 'static_h': 128, 'rnn_h': 64, 'cw_power': 1.0}",0.15,0.4046739503921845,0.6643744336052029
H1,hyb5,1,1,"{'epochs': 10, 'lr': 0.0029334783547608156, 'weight_decay': 0.0008868524520712396, 'batch_size': 1024, 'dropout': 0.1, 'static_h': 64, 'rnn_h': 32, 'cw_power': 0.0}",0.1,0.4146440673357118,0.6877388991683461
H1,hyb5,1,2,"{'epochs': 20, 'lr': 0.0014508412320379074, 'weight_decay': 0.005347443193761574, 'batch_size': 1024, 'dropout': 0.3, 'static_h': 256, 'rnn_h': 128, 'cw_power': 1.0}",0.12000000000000001,0.4056795963786549,0.6699656731190947
H1,hyb5,1,3,"{'epochs': 15, 'lr': 0.00047576506642742536, 'weight_decay': 0.0361749745548059, 'batch_size': 1024, 'dropout': 0.3, 'static_h': 128, 'rnn_h': 32, 'cw_power': 0.0}",0.16,0.3596479496830442,0.6639363354037267
H1,hyb5,1,4,"{'epochs': 20, 'lr': 0.0006386407963492825, 'weight_decay': 0.00018891419473413923, 'batch_size': 512, 'dropout': 0.2, 'static_h': 256, 'rnn_h': 64, 'cw_power': 0.5}",0.08,0.40424340180626045,0.6650621996944278
H1,hyb5,1,5,"{'epochs': 10, 'lr': 0.00041574989281970904, 'weight_decay': 0.08524933636854187, 'batch_size': 512, 'dropout': 0.2, 'static_h': 64, 'rnn_h': 64, 'cw_power': 1.0}",0.12000000000000001,0.374651586363109,0.6757304648550058
H1,hyb5,2,0,"{'epochs': 15, 'lr': 0.001, 'weight_decay': 0.01, 'batch_size': 512, 'dropout': 0.2, 'static_h': 128, 'rnn_h': 64, 'cw_power': 1.0}",0.12000000000000001,0.35498121452811504,0.6475555555555556
H1,hyb5,2,1,"{'epochs': 15, 'lr': 0.0009574396193178692, 'weight_decay': 0.0012524139459331822, 'batch_size': 1024, 'dropout': 0.2, 'static_h': 256, 'rnn_h': 128, 'cw_power': 1.0}",0.1,0.36065830164493523,0.6513277474841512
H1,hyb5,2,2,"{'epochs': 15, 'lr': 0.0003440241173860106, 'weight_decay': 0.00027910376792034987, 'batch_size': 512, 'dropout': 0.1, 'static_h': 256, 'rnn_h': 64, 'cw_power': 0.0}",0.11,0.3623208966231944,0.6557921376108384
H1,hyb5,2,3,"{'epochs': 15, 'lr': 0.0026715093539091584, 'weight_decay': 0.0004012277286117016, 'batch_size': 1024, 'dropout': 0.5, 'static_h': 256, 'rnn_h': 128, 'cw_power': 1.0}",0.08,0.3837936797638836,0.6591127209683911
H1,hyb5,2,4,"{'epochs': 10, 'lr': 0.0013892041862413162, 'weight_decay': 0.00017590779062171127, 'batch_size': 512, 'dropout': 0.5, 'static_h': 64, 'rnn_h': 64, 'cw_power': 0.0}",0.1,0.3570723811687645,0.6606256742179073
H1,hyb5,2,5,"{'epochs': 10, 'lr': 0.00047054175319890726, 'weight_decay': 0.009067023871641839, 'batch_size': 1024, 'dropout': 0.5, 'static_h': 256, 'rnn_h': 64, 'cw_power': 0.0}",0.15,0.28551944169309784,0.6256103702181925
H1,hyb5,3,0,"{'epochs': 15, 'lr': 0.001, 'weight_decay': 0.01, 'batch_size': 512, 'dropout': 0.2, 'static_h': 128, 'rnn_h': 64, 'cw_power': 1.0}",0.19,0.33477820216356513,0.6326086956521739
H1,hyb5,3,1,"{'epochs': 20, 'lr': 0.002186025582922262, 'weight_decay': 0.0720051387791121, 'batch_size': 512, 'dropout': 0.5, 'static_h': 128, 'rnn_h': 32, 'cw_power': 0.5}",0.16999999999999998,0.3375238641506046,0.6342509212004177
H1,hyb5,3,2,"{'epochs': 15, 'lr': 0.0003728639087047791, 'weight_decay': 0.000959853282718434, 'batch_size': 512, 'dropout': 0.5, 'static_h': 64, 'rnn_h': 32, 'cw_power': 0.0}",0.22,0.3009608892816613,0.6237338110882756
H1,hyb5,3,3,"{'epochs': 10, 'lr': 0.00172599514294447, 'weight_decay': 0.00038830758757335353, 'batch_size': 512, 'dropout': 0.3, 'static_h': 256, 'rnn_h': 32, 'cw_power': 0.0}",0.12000000000000001,0.35275971411361645,0.6417777777777778
H1,hyb5,3,4,"{'epochs': 20, 'lr': 0.0015084284182309276, 'weight_decay': 0.06086735924660547, 'batch_size': 512, 'dropout': 0.5, 'static_h': 256, 'rnn_h': 32, 'cw_power': 0.0}",0.19999999999999998,0.3363112880019974,0.6325109802822166
H1,hyb5,3,5,"{'epochs': 10, 'lr': 0.0023895621537809142, 'weight_decay': 0.004120667527618973, 'batch_size': 1024, 'dropout': 0.3, 'static_h': 64, 'rnn_h': 64, 'cw_power': 1.0}",0.11,0.35733690761311226,0.6438196902233893
H1,hyb5,4,0,"{'epochs': 15, 'lr': 0.001, 'weight_decay': 0.01, 'batch_size': 512, 'dropout': 0.2, 'static_h': 128, 'rnn_h': 64, 'cw_power': 1.0}",0.06,0.39289730737928696,0.6447010553180391
H1,hyb5,4,1,"{'epochs': 15, 'lr': 0.0018933850398515518, 'weight_decay': 0.0007784531382644598, 'batch_size': 1024, 'dropout': 0.3, 'static_h': 128, 'rnn_h': 128, 'cw_power': 0.5}",0.11,0.4081042102537677,0.6677645849982875
H1,hyb5,4,2,"{'epochs': 20, 'lr': 0.0027261022082618186, 'weight_decay': 0.00022820171155992056, 'batch_size': 512, 'dropout': 0.5, 'static_h': 256, 'rnn_h': 128, 'cw_power': 0.5}",0.13,0.39381022113104736,0.6341236923033217
H1,hyb5,4,3,"{'epochs': 15, 'lr': 0.0004808388333655375, 'weight_decay': 0.023078140022557075, 'batch_size': 1024, 'dropout': 0.3, 'static_h': 64, 'rnn_h': 128, 'cw_power': 1.0}",0.1,0.3255302523279461,0.6606256742179073
H1,hyb5,4,4,"{'epochs': 20, 'lr': 0.0005411282669870435, 'weight_decay': 0.0012231111052309175, 'batch_size': 1024, 'dropout': 0.1, 'static_h': 256, 'rnn_h': 128, 'cw_power': 0.0}",0.12000000000000001,0.37327162381619794,0.6562222222222223
H1,hyb5,4,5,"{'epochs': 10, 'lr': 0.0026470330194752457, 'weight_decay': 0.00016937888864504771, 'batch_size': 512, 'dropout': 0.2, 'static_h': 128, 'rnn_h': 128, 'cw_power': 1.0}",0.09000000000000001,0.39724077908911376,0.6535430408962529
H1,hyb5,5,0,"{'epochs': 15, 'lr': 0.001, 'weight_decay': 0.01, 'batch_size': 512, 'dropout': 0.2, 'static_h': 128, 'rnn_h': 64, 'cw_power': 1.0}",0.09000000000000001,0.34677778622084504,0.6374287637286368
H1,hyb5,5,1,"{'epochs': 15, 'lr': 0.0007497546467388451, 'weight_decay': 0.059623057968447725, 'batch_size': 512, 'dropout': 0.3, 'static_h': 128, 'rnn_h': 32, 'cw_power': 0.5}",0.12000000000000001,0.34316304738278275,0.6331111111111112
H1,hyb5,5,2,"{'epochs': 20, 'lr': 0.0011683660176640405, 'weight_decay': 0.00010021632537722792, 'batch_size': 1024, 'dropout': 0.2, 'static_h': 256, 'rnn_h': 128, 'cw_power': 0.0}",0.1,0.3421344805813527,0.6358312029278913
H1,hyb5,5,3,"{'epochs': 20, 'lr': 0.0003298161685069537, 'weight_decay': 0.00021530470801326874, 'batch_size': 1024, 'dropout': 0.1, 'static_h': 64, 'rnn_h': 128, 'cw_power': 0.0}",0.16999999999999998,0.27769724231705595,0.6193729925712822
H1,hyb5,5,4,"{'epochs': 10, 'lr': 0.0008642926526212572, 'weight_decay': 0.05267553300462814, 'batch_size': 1024, 'dropout': 0.1, 'static_h': 128, 'rnn_h': 32, 'cw_power': 1.0}",0.1,0.32894702677557675,0.6451291296616473
H1,hyb5,5,5,"{'epochs': 20, 'lr': 0.001937928342693628, 'weight_decay': 0.0037528084869110074, 'batch_size': 512, 'dropout': 0.1, 'static_h': 256, 'rnn_h': 64, 'cw_power': 0.0}",0.09000000000000001,0.3156316872519579,0.6277601974280671
H1,hyb6,1,0,"{'epochs': 15, 'lr': 0.001, 'weight_decay': 0.01, 'batch_size': 512, 'dropout': 0.2, 'static_h': 128, 'rnn_h': 64, 'cw_power': 1.0}",0.13,0.41764417637022133,0.6697478210445706
H1,hyb6,1,1,"{'epochs': 15, 'lr': 0.0017245348472202076, 'weight_decay': 0.07791383538882157, 'batch_size': 1024, 'dropout': 0.2, 'static_h': 128, 'rnn_h': 32, 'cw_power': 1.0}",0.15,0.40268098825650955,0.680106882029959
H1,hyb6,1,2,"{'epochs': 10, 'lr': 0.0017070853280018962, 'weight_decay': 0.044237007707446895, 'batch_size': 1024, 'dropout': 0.3, 'static_h': 64, 'rnn_h': 128, 'cw_power': 0.0}",0.12000000000000001,0.3932839191925964,0.6786128607229613
H1,hyb6,1,3,"{'epochs': 15, 'lr': 0.0013077163354401036, 'weight_decay': 0.0002263024359170015, 'batch_size': 512, 'dropout': 0.5, 'static_h': 128, 'rnn_h': 32, 'cw_power': 0.5}",0.1,0.4035597711913332,0.684647205100706
H1,hyb6,1,4,"{'epochs': 10, 'lr': 0.0019167926220482585, 'weight_decay': 0.00021072853747033232, 'batch_size': 512, 'dropout': 0.3, 'static_h': 128, 'rnn_h': 64, 'cw_power': 1.0}",0.13,0.42200519598666353,0.6836825121397364
H1,hyb6,1,5,"{'epochs': 10, 'lr': 0.0013010977228000023, 'weight_decay': 0.0023321019361947364, 'batch_size': 512, 'dropout': 0.5, 'static_h': 64, 'rnn_h': 32, 'cw_power': 0.5}",0.1,0.3997962293623078,0.6815555110330658
H1,hyb6,2,0,"{'epochs': 15, 'lr': 0.001, 'weight_decay': 0.01, 'batch_size': 512, 'dropout': 0.2, 'static_h': 128, 'rnn_h': 64, 'cw_power': 1.0}",0.07,0.3611396814092149,0.6431773905153318
H1,hyb6,2,1,"{'epochs': 20, 'lr': 0.0023175935931682434, 'weight_decay': 0.02864132883186464, 'batch_size': 512, 'dropout': 0.2, 'static_h': 64, 'rnn_h': 64, 'cw_power': 1.0}",0.07,0.3743912319112511,0.6431773905153318
H1,hyb6,2,2,"{'epochs': 20, 'lr': 0.00034600158856834025, 'weight_decay': 0.05948116218877137, 'batch_size': 1024, 'dropout': 0.5, 'static_h': 256, 'rnn_h': 32, 'cw_power': 0.0}",0.15,0.32376953951615467,0.6413741441037423
H1,hyb6,2,3,"{'epochs': 10, 'lr': 0.0010026510472602478, 'weight_decay': 0.0009645124604527968, 'batch_size': 1024, 'dropout': 0.5, 'static_h': 64, 'rnn_h': 64, 'cw_power': 0.0}",0.1,0.29987893010235217,0.6451291296616473
H1,hyb6,2,4,"{'epochs': 15, 'lr': 0.002960539132958357, 'weight_decay': 0.010263551088824083, 'batch_size': 512, 'dropout': 0.1, 'static_h': 64, 'rnn_h': 32, 'cw_power': 1.0}",0.12000000000000001,0.3628692091482352,0.6504444444444445
H1,hyb6,2,5,"{'epochs': 20, 'lr': 0.002584904235032028, 'weight_decay': 0.0022896650174678668, 'batch_size': 1024, 'dropout': 0.2, 'static_h': 256, 'rnn_h': 128, 'cw_power': 1.0}",0.13999999999999999,0.3464007309785881,0.6376149312647424
H1,hyb6,3,0,"{'epochs': 15, 'lr': 0.001, 'weight_decay': 0.01, 'batch_size': 512, 'dropout': 0.2, 'static_h': 128, 'rnn_h': 64, 'cw_power': 1.0}",0.16,0.3382058613499767,0.6339585497185269
H1,hyb6,3,1,"{'epochs': 20, 'lr': 0.00228246221309313, 'weight_decay': 0.02719092826849588, 'batch_size': 1024, 'dropout': 0.2, 'static_h': 256, 'rnn_h': 32, 'cw_power': 0.0}",0.12000000000000001,0.3256970228645467,0.6186666666666667
H1,hyb6,3,2,"{'epochs': 15, 'lr': 0.000353196321783851, 'weight_decay': 0.0011147586510432388, 'batch_size': 512, 'dropout': 0.5, 'static_h': 64, 'rnn_h': 32, 'cw_power': 0.5}",0.13,0.3197674650343347,0.6313307433896066
H1,hyb6,3,3,"{'epochs': 20, 'lr': 0.0011880174185396554, 'weight_decay': 0.00010465491715191057, 'batch_size': 1024, 'dropout': 0.2, 'static_h': 64, 'rnn_h': 32, 'cw_power': 0.5}",0.18,0.3361605277206801,0.6398189697565774
H1,hyb6,3,4,"{'epochs': 20, 'lr': 0.0012855081177397807, 'weight_decay': 0.00014687114616719987, 'batch_size': 512, 'dropout': 0.1, 'static_h': 64, 'rnn_h': 64, 'cw_power': 0.5}",0.13,0.32598777916568256,0.6201589477347462
H1,hyb6,3,5,"{'epochs': 15, 'lr': 0.0006871724228213992, 'weight_decay': 0.00018650310958935563, 'batch_size': 512, 'dropout': 0.3, 'static_h': 64, 'rnn_h': 32, 'cw_power': 0.0}",0.12000000000000001,0.33180668787155576,0.6388888888888888
H1,hyb6,4,0,"{'epochs': 15, 'lr': 0.001, 'weight_decay': 0.01, 'batch_size': 512, 'dropout': 0.2, 'static_h': 128, 'rnn_h': 64, 'cw_power': 1.0}",0.09000000000000001,0.4032716631292409,0.6406516191621601
H1,hyb6,4,1,"{'epochs': 15, 'lr': 0.002143663455594782, 'weight_decay': 0.0079744915828886, 'batch_size': 1024, 'dropout': 0.3, 'static_h': 256, 'rnn_h': 64, 'cw_power': 0.0}",0.09000000000000001,0.39667417284459,0.6438744745956833
H1,hyb6,4,2,"{'epochs': 20, 'lr': 0.002216956995237049, 'weight_decay': 0.0025062259412422364, 'batch_size': 512, 'dropout': 0.3, 'static_h': 256, 'rnn_h': 64, 'cw_power': 1.0}",0.07,0.3964146137809622,0.6466756513926325
H1,hyb6,4,3,"{'epochs': 20, 'lr': 0.0009440071173805843, 'weight_decay': 0.00038868556145969785, 'batch_size': 512, 'dropout': 0.5, 'static_h': 128, 'rnn_h': 32, 'cw_power': 1.0}",0.11,0.4039941077915797,0.6587852494577007
H1,hyb6,4,4,"{'epochs': 10, 'lr': 0.0008332597954884368, 'weight_decay': 0.009346770646804994, 'batch_size': 512, 'dropout': 0.1, 'static_h': 64, 'rnn_h': 64, 'cw_power': 1.0}",0.07,0.3863281030908218,0.6536721731472339
H1,hyb6,4,5,"{'epochs': 20, 'lr': 0.00268530241203989, 'weight_decay': 0.03816137677241228, 'batch_size': 1024, 'dropout': 0.2, 'static_h': 128, 'rnn_h': 64, 'cw_power': 0.0}",0.13,0.3858465986621185,0.6285377944758915
H1,hyb6,5,0,"{'epochs': 15, 'lr': 0.001, 'weight_decay': 0.01, 'batch_size': 512, 'dropout': 0.2, 'static_h': 128, 'rnn_h': 64, 'cw_power': 1.0}",0.08,0.3437571421100988,0.6389617488088871
H1,hyb6,5,1,"{'epochs': 10, 'lr': 0.0015813651444794537, 'weight_decay': 0.009858782666843233, 'batch_size': 1024, 'dropout': 0.5, 'static_h': 64, 'rnn_h': 32, 'cw_power': 0.5}",0.12000000000000001,0.3000187397742873,0.6302222222222222
H1,hyb6,5,2,"{'epochs': 20, 'lr': 0.0004413469180938716, 'weight_decay': 0.0001360123804582771, 'batch_size': 512, 'dropout': 0.2, 'static_h': 128, 'rnn_h': 32, 'cw_power': 0.0}",0.13999999999999999,0.329325996856782,0.6322061988955595
H1,hyb6,5,3,"{'epochs': 15, 'lr': 0.002018152995048862, 'weight_decay': 0.058605211770521616, 'batch_size': 1024, 'dropout': 0.5, 'static_h': 128, 'rnn_h': 64, 'cw_power': 0.5}",0.11,0.35225273031817267,0.6498059139171137
H1,hyb6,5,4,"{'epochs': 10, 'lr': 0.0005186511219123949, 'weight_decay': 0.01321706693733992, 'batch_size': 1024, 'dropout': 0.3, 'static_h': 64, 'rnn_h': 128, 'cw_power': 1.0}",0.11,0.29114871446997637,0.6318472428359402
H1,hyb6,5,5,"{'epochs': 20, 'lr': 0.000694650228238187, 'weight_decay': 0.0044367449742223584, 'batch_size': 512, 'dropout': 0.5, 'static_h': 256, 'rnn_h': 64, 'cw_power': 0.0}",0.09000000000000001,0.33843058824279754,0.6374287637286368
H1,hyb7,1,0,"{'epochs': 15, 'lr': 0.001, 'weight_decay': 0.01, 'batch_size': 512, 'dropout': 0.2, 'static_h': 128, 'rnn_h': 64, 'cw_power': 1.0}",0.12000000000000001,0.40108765542848496,0.6757304648550058
H1,hyb7,1,1,"{'epochs': 20, 'lr': 0.0010770237436773364, 'weight_decay': 0.0141195913701331, 'batch_size': 512, 'dropout': 0.5, 'static_h': 256, 'rnn_h': 64, 'cw_power': 1.0}",0.12000000000000001,0.4184966972611803,0.6757304648550058
H1,hyb7,1,2,"{'epochs': 15, 'lr': 0.0012927649650551513, 'weight_decay': 0.0272259681622992, 'batch_size': 1024, 'dropout': 0.2, 'static_h': 128, 'rnn_h': 32, 'cw_power': 1.0}",0.09000000000000001,0.41339425100415095,0.6817604411314204
H1,hyb7,1,3,"{'epochs': 10, 'lr': 0.000852499700671456, 'weight_decay': 0.00015254707981035275, 'batch_size': 1024, 'dropout': 0.2, 'static_h': 256, 'rnn_h': 64, 'cw_power': 1.0}",0.13,0.41717268376246003,0.6948302650158691
H1,hyb7,1,4,"{'epochs': 10, 'lr': 0.0021196583225276725, 'weight_decay': 0.0008377272022674218, 'batch_size': 512, 'dropout': 0.2, 'static_h': 256, 'rnn_h': 128, 'cw_power': 0.0}",0.16,0.3990490636919708,0.6639363354037267
H1,hyb7,1,5,"{'epochs': 15, 'lr': 0.0014180053262729626, 'weight_decay': 0.004346591422761801, 'batch_size': 1024, 'dropout': 0.5, 'static_h': 64, 'rnn_h': 128, 'cw_power': 1.0}",0.1,0.41098486741694534,0.6939222873036264
H1,hyb7,2,0,"{'epochs': 15, 'lr': 0.001, 'weight_decay': 0.01, 'batch_size': 512, 'dropout': 0.2, 'static_h': 128, 'rnn_h': 64, 'cw_power': 1.0}",0.12000000000000001,0.35395617917382227,0.6446666666666667
H1,hyb7,2,1,"{'epochs': 20, 'lr': 0.0003671776356413987, 'weight_decay': 0.0006827423938630807, 'batch_size': 512, 'dropout': 0.2, 'static_h': 256, 'rnn_h': 32, 'cw_power': 1.0}",0.1,0.3760459866779003,0.6575263653066552
H1,hyb7,2,2,"{'epochs': 15, 'lr': 0.0011398495933531002, 'weight_decay': 0.008057203933863749, 'batch_size': 512, 'dropout': 0.1, 'static_h': 128, 'rnn_h': 32, 'cw_power': 1.0}",0.11,0.3599154226567425,0.6438196902233893
H1,hyb7,2,3,"{'epochs': 10, 'lr': 0.0021154355956655175, 'weight_decay': 0.000133110235621972, 'batch_size': 512, 'dropout': 0.5, 'static_h': 256, 'rnn_h': 64, 'cw_power': 0.5}",0.15,0.37461639668769664,0.657137917989292
H1,hyb7,2,4,"{'epochs': 20, 'lr': 0.0012704014269480464, 'weight_decay': 0.0043090929103593205, 'batch_size': 1024, 'dropout': 0.2, 'static_h': 128, 'rnn_h': 32, 'cw_power': 0.0}",0.12000000000000001,0.368682884199976,0.6504444444444445
H1,hyb7,2,5,"{'epochs': 15, 'lr': 0.002182635646773306, 'weight_decay': 0.0036595343316947614, 'batch_size': 512, 'dropout': 0.2, 'static_h': 64, 'rnn_h': 64, 'cw_power': 0.5}",0.11,0.37216006379953126,0.640826578376527
H1,hyb7,3,0,"{'epochs': 15, 'lr': 0.001, 'weight_decay': 0.01, 'batch_size': 512, 'dropout': 0.2, 'static_h': 128, 'rnn_h': 64, 'cw_power': 1.0}",0.18,0.33468686915859813,0.6446536144578313
H1,hyb7,3,1,"{'epochs': 20, 'lr': 0.0012316193163398495, 'weight_decay': 0.0003507252338129043, 'batch_size': 512, 'dropout': 0.3, 'static_h': 64, 'rnn_h': 64, 'cw_power': 1.0}",0.18,0.33137097317875,0.6374016474059503
H1,hyb7,3,2,"{'epochs': 10, 'lr': 0.00037273789434862597, 'weight_decay': 0.0001677334729536493, 'batch_size': 512, 'dropout': 0.3, 'static_h': 64, 'rnn_h': 128, 'cw_power': 0.0}",0.19,0.2858956825308261,0.6326086956521739
H1,hyb7,3,3,"{'epochs': 20, 'lr': 0.0017907702031802898, 'weight_decay': 0.000527098883260938, 'batch_size': 512, 'dropout': 0.2, 'static_h': 64, 'rnn_h': 32, 'cw_power': 0.0}",0.16999999999999998,0.32844446483764017,0.6193729925712822
H1,hyb7,3,4,"{'epochs': 10, 'lr': 0.000987180018525397, 'weight_decay': 0.06471854194315117, 'batch_size': 1024, 'dropout': 0.1, 'static_h': 256, 'rnn_h': 64, 'cw_power': 1.0}",0.09000000000000001,0.3602594535769989,0.6470973300292064
H1,hyb7,3,5,"{'epochs': 10, 'lr': 0.0007644461474240184, 'weight_decay': 0.0003679509000897599, 'batch_size': 1024, 'dropout': 0.5, 'static_h': 64, 'rnn_h': 32, 'cw_power': 1.0}",0.15,0.3245089101467301,0.6282376658657841
H1,hyb7,4,0,"{'epochs': 15, 'lr': 0.001, 'weight_decay': 0.01, 'batch_size': 512, 'dropout': 0.2, 'static_h': 128, 'rnn_h': 64, 'cw_power': 1.0}",0.1,0.3997348603650163,0.6513277474841512
H1,hyb7,4,1,"{'epochs': 10, 'lr': 0.0003214685376108249, 'weight_decay': 0.001683494852970967, 'batch_size': 512, 'dropout': 0.1, 'static_h': 128, 'rnn_h': 32, 'cw_power': 0.5}",0.09000000000000001,0.35831448302051716,0.6728801734973923
H1,hyb7,4,2,"{'epochs': 20, 'lr': 0.000559599789824825, 'weight_decay': 0.00017129944109193406, 'batch_size': 1024, 'dropout': 0.1, 'static_h': 64, 'rnn_h': 64, 'cw_power': 1.0}",0.1,0.37799670352132925,0.6513277474841512
H1,hyb7,4,3,"{'epochs': 20, 'lr': 0.0027758311927447463, 'weight_decay': 0.00046025501283342087, 'batch_size': 512, 'dropout': 0.2, 'static_h': 64, 'rnn_h': 32, 'cw_power': 0.0}",0.13,0.3653045771116727,0.6229518966484613
H1,hyb7,4,4,"{'epochs': 20, 'lr': 0.00033240261280536324, 'weight_decay': 0.0028198275345225738, 'batch_size': 1024, 'dropout': 0.3, 'static_h': 128, 'rnn_h': 32, 'cw_power': 0.5}",0.12000000000000001,0.3570852905832315,0.6648888888888889
H1,hyb7,4,5,"{'epochs': 10, 'lr': 0.0008313182307830378, 'weight_decay': 0.0001250778435335202, 'batch_size': 1024, 'dropout': 0.2, 'static_h': 256, 'rnn_h': 64, 'cw_power': 0.5}",0.09000000000000001,0.3499175761213585,0.6632116071968226
H1,hyb7,5,0,"{'epochs': 15, 'lr': 0.001, 'weight_decay': 0.01, 'batch_size': 512, 'dropout': 0.2, 'static_h': 128, 'rnn_h': 64, 'cw_power': 1.0}",0.09000000000000001,0.3366201208641906,0.6374287637286368
H1,hyb7,5,1,"{'epochs': 20, 'lr': 0.00037482280755809735, 'weight_decay': 0.00474397981730387, 'batch_size': 1024, 'dropout': 0.2, 'static_h': 64, 'rnn_h': 64, 'cw_power': 0.0}",0.13,0.3211458515833027,0.6369166412170368
H1,hyb7,5,2,"{'epochs': 20, 'lr': 0.001141433600577719, 'weight_decay': 0.00010651027402284137, 'batch_size': 512, 'dropout': 0.1, 'static_h': 256, 'rnn_h': 128, 'cw_power': 0.0}",0.08,0.3157528352686161,0.6255277673692178
H1,hyb7,5,3,"{'epochs': 15, 'lr': 0.0008695927882598298, 'weight_decay': 0.00044422059102092756, 'batch_size': 1024, 'dropout': 0.1, 'static_h': 128, 'rnn_h': 32, 'cw_power': 0.5}",0.1,0.3248480406307937,0.6389305118391433
H1,hyb7,5,4,"{'epochs': 20, 'lr': 0.0014208225099527107, 'weight_decay': 0.0014382531513708456, 'batch_size': 512, 'dropout': 0.2, 'static_h': 64, 'rnn_h': 64, 'cw_power': 1.0}",0.16,0.35183053159447997,0.6314077382183076
H1,hyb7,5,5,"{'epochs': 20, 'lr': 0.001364443407656672, 'weight_decay': 0.0022641259739209726, 'batch_size': 1024, 'dropout': 0.3, 'static_h': 128, 'rnn_h': 32, 'cw_power': 0.5}",0.18,0.35085818658482076,0.6325670027046963
H2,hgb,1,0,"{'learning_rate': 0.1, 'max_iter': 100, 'max_leaf_nodes': 31, 'l2_regularization': 0.0, 'min_samples_leaf': 20, 'cw_power': 1.0}",0.15,0.5282058764902346,0.7325483767791461
H2,hgb,1,1,"{'learning_rate': 0.22123609278352113, 'max_iter': 300, 'max_leaf_nodes': 63, 'l2_regularization': 3.220636538803698, 'min_samples_leaf': 50, 'cw_power': 1.0}",0.13,0.4765460716563933,0.7254865854252339
H2,hgb,1,2,"{'learning_rate': 0.09261051783648204, 'max_iter': 300, 'max_leaf_nodes': 63, 'l2_regularization': 0.6681477554837341, 'min_samples_leaf': 20, 'cw_power': 1.0}",0.11,0.5122198344206518,0.7288806108581012
H2,hgb,1,3,"{'learning_rate': 0.04980649412695866, 'max_iter': 100, 'max_leaf_nodes': 63, 'l2_regularization': 0.002947628439057839, 'min_samples_leaf': 20, 'cw_power': 1.0}",0.09000000000000001,0.5285696925155134,0.7331930971101808
H2,hgb,1,4,"{'learning_rate': 0.2566267273266374, 'max_iter': 200, 'max_leaf_nodes': 63, 'l2_regularization': 0.009229660600362639, 'min_samples_leaf': 20, 'cw_power': 1.0}",0.15,0.4902023000603218,0.7194380030918492
H2,hgb,1,5,"{'learning_rate': 0.03646506145732665, 'max_iter': 100, 'max_leaf_nodes': 63, 'l2_regularization': 4.140808166755296, 'min_samples_leaf': 20, 'cw_power': 0.0}",0.13,0.515073856972028,0.7338474000823333
H2,hgb,2,0,"{'learning_rate': 0.1, 'max_iter': 100, 'max_leaf_nodes': 31, 'l2_regularization': 0.0, 'min_samples_leaf': 20, 'cw_power': 1.0}",0.13,0.5308678402691495,0.7346698531970653
H2,hgb,2,1,"{'learning_rate': 0.03955281987968679, 'max_iter': 100, 'max_leaf_nodes': 63, 'l2_regularization': 0.05486127708212165, 'min_samples_leaf': 10, 'cw_power': 0.0}",0.13,0.5332882619243378,0.7318769042833502
H2,hgb,2,2,"{'learning_rate': 0.08355074509768567, 'max_iter': 300, 'max_leaf_nodes': 63, 'l2_regularization': 0.15153943423502853, 'min_samples_leaf': 10, 'cw_power': 1.0}",0.13999999999999999,0.5060493223212266,0.7295633815408527
H2,hgb,2,3,"{'learning_rate': 0.1836982080592914, 'max_iter': 200, 'max_leaf_nodes': 31, 'l2_regularization': 0.0021464874469209368, 'min_samples_leaf': 20, 'cw_power': 1.0}",0.12000000000000001,0.49988670397170903,0.7255555555555555
H2,hgb,2,4,"{'learning_rate': 0.04786824967640431, 'max_iter': 200, 'max_leaf_nodes': 31, 'l2_regularization': 7.0098493731166895, 'min_samples_leaf': 20, 'cw_power': 0.0}",0.11,0.5295676272751688,0.7336130456292576
H2,hgb,2,5,"{'learning_rate': 0.14421706507076687, 'max_iter': 100, 'max_leaf_nodes': 63, 'l2_regularization': 0.007595420331432939, 'min_samples_leaf': 10, 'cw_power': 1.0}",0.13,0.5265296542959463,0.7318769042833502
H2,hgb,3,0,"{'learning_rate': 0.1, 'max_iter': 100, 'max_leaf_nodes': 31, 'l2_regularization': 0.0, 'min_samples_leaf': 20, 'cw_power': 1.0}",0.13,0.554587236147349,0.7486345977656408
H2,hgb,3,1,"{'learning_rate': 0.21302595424103188, 'max_iter': 200, 'max_leaf_nodes': 63, 'l2_regularization': 0.003561688192485284, 'min_samples_leaf': 50, 'cw_power': 1.0}",0.12000000000000001,0.5472953820349356,0.7428888888888889
H2,hgb,3,2,"{'learning_rate': 0.04896002678801046, 'max_iter': 200, 'max_leaf_nodes': 63, 'l2_regularization': 0.04400905847898114, 'min_samples_leaf': 50, 'cw_power': 1.0}",0.13,0.5896020597795028,0.751427546679356
H2,hgb,3,3,"{'learning_rate': 0.19061619246225447, 'max_iter': 300, 'max_leaf_nodes': 15, 'l2_regularization': 3.0364613144089505, 'min_samples_leaf': 50, 'cw_power': 1.0}",0.09000000000000001,0.5588448245669931,0.7470058484684265
H2,hgb,3,4,"{'learning_rate': 0.14272460107831977, 'max_iter': 200, 'max_leaf_nodes': 63, 'l2_regularization': 0.13958644613716464, 'min_samples_leaf': 10, 'cw_power': 0.0}",0.12000000000000001,0.5500898198964835,0.7515555555555555
H2,hgb,3,5,"{'learning_rate': 0.21408747623715363, 'max_iter': 200, 'max_leaf_nodes': 15, 'l2_regularization': 4.0258792621799415, 'min_samples_leaf': 10, 'cw_power': 0.5}",0.11,0.575634370308687,0.7575579404041557
H2,hgb,4,0,"{'learning_rate': 0.1, 'max_iter': 100, 'max_leaf_nodes': 31, 'l2_regularization': 0.0, 'min_samples_leaf': 20, 'cw_power': 1.0}",0.09000000000000001,0.5549262853568799,0.724445860433764
H2,hgb,4,1,"{'learning_rate': 0.2357175389105581, 'max_iter': 300, 'max_leaf_nodes': 63, 'l2_regularization': 0.07274525068095268, 'min_samples_leaf': 20, 'cw_power': 0.0}",0.11,0.5154138004943133,0.7216405982418084
H2,hgb,4,2,"{'learning_rate': 0.03621736083318256, 'max_iter': 300, 'max_leaf_nodes': 63, 'l2_regularization': 0.005429358454896478, 'min_samples_leaf': 10, 'cw_power': 0.5}",0.11,0.5364022943583945,0.7306199337823953
H2,hgb,4,3,"{'learning_rate': 0.0554128626209467, 'max_iter': 200, 'max_leaf_nodes': 63, 'l2_regularization': 0.040750703167284894, 'min_samples_leaf': 10, 'cw_power': 0.0}",0.08,0.5295257006315044,0.7128486467270684
H2,hgb,4,4,"{'learning_rate': 0.13445423029610645, 'max_iter': 300, 'max_leaf_nodes': 31, 'l2_regularization': 0.008578637814324918, 'min_samples_leaf': 10, 'cw_power': 0.5}",0.11,0.5225064014634607,0.7126612627012217
H2,hgb,4,5,"{'learning_rate': 0.12994716610902288, 'max_iter': 300, 'max_leaf_nodes': 63, 'l2_regularization': 0.013249260809807015, 'min_samples_leaf': 10, 'cw_power': 0.0}",0.12000000000000001,0.5180187739543952,0.714
H2,hgb,5,0,"{'learning_rate': 0.1, 'max_iter': 100, 'max_leaf_nodes': 31, 'l2_regularization': 0.0, 'min_samples_leaf': 20, 'cw_power': 1.0}",0.09000000000000001,0.4771945435704189,0.7083315832661479
H2,hgb,5,1,"{'learning_rate': 0.04903619026084036, 'max_iter': 200, 'max_leaf_nodes': 63, 'l2_regularization': 0.9920400709168964, 'min_samples_leaf': 50, 'cw_power': 1.0}",0.13,0.49694243320625775,0.723498057542205
H2,hgb,5,2,"{'learning_rate': 0.18044243041844935, 'max_iter': 300, 'max_leaf_nodes': 15, 'l2_regularization': 0.6574020310336425, 'min_samples_leaf': 50, 'cw_power': 0.5}",0.1,0.4817343216041453,0.7040159989754351
H2,hgb,5,3,"{'learning_rate': 0.053709080992388504, 'max_iter': 300, 'max_leaf_nodes': 63, 'l2_regularization': 0.9187071024277683, 'min_samples_leaf': 10, 'cw_power': 0.5}",0.12000000000000001,0.49222597952040825,0.7255555555555555
H2,hgb,5,4,"{'learning_rate': 0.061667480748034985, 'max_iter': 100, 'max_leaf_nodes': 31, 'l2_regularization': 0.0707823106358984, 'min_samples_leaf': 50, 'cw_power': 0.0}",0.13999999999999999,0.510199995964126,0.7349721139100356
H2,hgb,5,5,"{'learning_rate': 0.10819380094540394, 'max_iter': 200, 'max_leaf_nodes': 15, 'l2_regularization': 0.02675704801816948, 'min_samples_leaf': 50, 'cw_power': 0.5}",0.12000000000000001,0.4980153845844132,0.7197777777777777
H1,hgb,1,0,"{'learning_rate': 0.1, 'max_iter': 100, 'max_leaf_nodes': 31, 'l2_regularization': 0.0, 'min_samples_leaf': 20, 'cw_power': 1.0}",0.11,0.37826810485328555,0.6543972621927443
H1,hgb,1,1,"{'learning_rate': 0.0938200960990959, 'max_iter': 300, 'max_leaf_nodes': 15, 'l2_regularization': 0.052138496807908524, 'min_samples_leaf': 20, 'cw_power': 0.5}",0.09000000000000001,0.3796066884217082,0.6431859491473502
H1,hgb,1,2,"{'learning_rate': 0.0634480830350562, 'max_iter': 300, 'max_leaf_nodes': 31, 'l2_regularization': 0.3490750174373617, 'min_samples_leaf': 20, 'cw_power': 1.0}",0.1,0.3714768223375329,0.6537302644243046
H1,hgb,1,3,"{'learning_rate': 0.15355804844033066, 'max_iter': 200, 'max_leaf_nodes': 15, 'l2_regularization': 0.9219980442517313, 'min_samples_leaf': 10, 'cw_power': 0.0}",0.12000000000000001,0.3816968931965789,0.6555536937793173
H1,hgb,1,4,"{'learning_rate': 0.250909231256517, 'max_iter': 100, 'max_leaf_nodes': 63, 'l2_regularization': 0.0012723763500684558, 'min_samples_leaf': 20, 'cw_power': 1.0}",0.16999999999999998,0.33056922475023615,0.618835857696372
H1,hgb,1,5,"{'learning_rate': 0.17557932506335444, 'max_iter': 300, 'max_leaf_nodes': 15, 'l2_regularization': 0.007783960329048805, 'min_samples_leaf': 50, 'cw_power': 0.0}",0.16,0.35912765265159297,0.6410229037267081
H1,hgb,2,0,"{'learning_rate': 0.1, 'max_iter': 100, 'max_leaf_nodes': 31, 'l2_regularization': 0.0, 'min_samples_leaf': 20, 'cw_power': 1.0}",0.08,0.3468895812379299,0.6456787395287218
H1,hgb,2,1,"{'learning_rate': 0.2216403278905824, 'max_iter': 100, 'max_leaf_nodes': 63, 'l2_regularization': 0.0026189047650965205, 'min_samples_leaf': 20, 'cw_power': 0.0}",0.1,0.3207520650144672,0.6203346583716314
H1,hgb,2,2,"{'learning_rate': 0.1137824853105796, 'max_iter': 300, 'max_leaf_nodes': 31, 'l2_regularization': 1.560803869248152, 'min_samples_leaf': 20, 'cw_power': 1.0}",0.07,0.35209212733139067,0.6291843470061291
H1,hgb,2,3,"{'learning_rate': 0.11013457720177539, 'max_iter': 200, 'max_leaf_nodes': 31, 'l2_regularization': 0.35399735063085563, 'min_samples_leaf': 20, 'cw_power': 0.5}",0.16,0.36917483486467195,0.6416109842191849
H1,hgb,2,4,"{'learning_rate': 0.04948236599197647, 'max_iter': 300, 'max_leaf_nodes': 15, 'l2_regularization': 0.0012221507489517506, 'min_samples_leaf': 20, 'cw_power': 0.5}",0.07,0.3791182851731167,0.6571704340245346
H1,hgb,2,5,"{'learning_rate': 0.14389232581432834, 'max_iter': 200, 'max_leaf_nodes': 15, 'l2_regularization': 0.06748449773498592, 'min_samples_leaf': 10, 'cw_power': 0.5}",0.13,0.37554578699891794,0.6536743346993275
H1,hgb,3,0,"{'learning_rate': 0.1, 'max_iter': 100, 'max_leaf_nodes': 31, 'l2_regularization': 0.0, 'min_samples_leaf': 20, 'cw_power': 1.0}",0.15,0.31251437793654413,0.6045920050374594
H1,hgb,3,1,"{'learning_rate': 0.23457789631738915, 'max_iter': 300, 'max_leaf_nodes': 15, 'l2_regularization': 0.18813309478780532, 'min_samples_leaf': 20, 'cw_power': 0.5}",0.11,0.27701893607806166,0.5959299006735929
H1,hgb,3,2,"{'learning_rate': 0.05950950184473431, 'max_iter': 100, 'max_leaf_nodes': 31, 'l2_regularization': 0.023183687064865753, 'min_samples_leaf': 20, 'cw_power': 0.0}",0.16,0.3116235398760478,0.6084504347163338
H1,hgb,3,3,"{'learning_rate': 0.10443966402841987, 'max_iter': 200, 'max_leaf_nodes': 31, 'l2_regularization': 0.4201130879367474, 'min_samples_leaf': 10, 'cw_power': 0.5}",0.13999999999999999,0.30302606324786896,0.6051625370496448
H1,hgb,3,4,"{'learning_rate': 0.03179833534346689, 'max_iter': 200, 'max_leaf_nodes': 63, 'l2_regularization': 0.002210621110693181, 'min_samples_leaf': 20, 'cw_power': 1.0}",0.13999999999999999,0.2969865303273332,0.6051625370496448
H1,hgb,3,5,"{'learning_rate': 0.10648155423784768, 'max_iter': 300, 'max_leaf_nodes': 63, 'l2_regularization': 0.01356364017086184, 'min_samples_leaf': 20, 'cw_power': 1.0}",0.11,0.25699226455724244,0.586950565133006
H1,hgb,4,0,"{'learning_rate': 0.1, 'max_iter': 100, 'max_leaf_nodes': 31, 'l2_regularization': 0.0, 'min_samples_leaf': 20, 'cw_power': 1.0}",0.08,0.4005294062445565,0.6490372348886391
H1,hgb,4,1,"{'learning_rate': 0.04108344301974878, 'max_iter': 100, 'max_leaf_nodes': 63, 'l2_regularization': 0.0031634545578693414, 'min_samples_leaf': 50, 'cw_power': 0.5}",0.11,0.3902930657670223,0.6498059139171137
H1,hgb,4,2,"{'learning_rate': 0.09383244030705302, 'max_iter': 300, 'max_leaf_nodes': 31, 'l2_regularization': 7.416269868656244, 'min_samples_leaf': 10, 'cw_power': 1.0}",0.1,0.37562096103842735,0.6327318940166393
H1,hgb,4,3,"{'learning_rate': 0.17785952037844033, 'max_iter': 200, 'max_leaf_nodes': 31, 'l2_regularization': 0.007958611627981936, 'min_samples_leaf': 10, 'cw_power': 0.5}",0.11,0.32788869413296073,0.6228679072953534
H1,hgb,4,4,"{'learning_rate': 0.046281035005961084, 'max_iter': 100, 'max_leaf_nodes': 15, 'l2_regularization': 9.941346403770648, 'min_samples_leaf': 20, 'cw_power': 0.0}",0.09000000000000001,0.4146856906739723,0.6599887517632994
H1,hgb,4,5,"{'learning_rate': 0.037740035370659716, 'max_iter': 200, 'max_leaf_nodes': 63, 'l2_regularization': 4.912988555500539, 'min_samples_leaf': 10, 'cw_power': 1.0}",0.12000000000000001,0.3974977492322779,0.6446666666666667
H1,hgb,5,0,"{'learning_rate': 0.1, 'max_iter': 100, 'max_leaf_nodes': 31, 'l2_regularization': 0.0, 'min_samples_leaf': 20, 'cw_power': 1.0}",0.11,0.3474192755783871,0.6228679072953534
H1,hgb,5,1,"{'learning_rate': 0.17933390600390237, 'max_iter': 200, 'max_leaf_nodes': 63, 'l2_regularization': 0.0020307540495256445, 'min_samples_leaf': 20, 'cw_power': 0.5}",0.1,0.2922153828629761,0.5955401870816155
H1,hgb,5,2,"{'learning_rate': 0.04086164874087302, 'max_iter': 100, 'max_leaf_nodes': 15, 'l2_regularization': 0.6800887185182438, 'min_samples_leaf': 50, 'cw_power': 0.5}",0.11,0.3370310520352319,0.6228679072953534
H1,hgb,5,3,"{'learning_rate': 0.0498285785037767, 'max_iter': 300, 'max_leaf_nodes': 63, 'l2_regularization': 0.9409704030694157, 'min_samples_leaf': 10, 'cw_power': 0.0}",0.13,0.3270659396278705,0.6117801009936009
H1,hgb,5,4,"{'learning_rate': 0.15926035694481133, 'max_iter': 100, 'max_leaf_nodes': 31, 'l2_regularization': 0.7057607845793625, 'min_samples_leaf': 50, 'cw_power': 0.0}",0.12000000000000001,0.324119878849751,0.6186666666666667
H1,hgb,5,5,"{'learning_rate': 0.18462968367714647, 'max_iter': 300, 'max_leaf_nodes': 15, 'l2_regularization': 0.13649696996674449, 'min_samples_leaf': 50, 'cw_power': 0.0}",0.08,0.2952539659179567,0.6087352905696312
H2,logreg,1,0,"{'C': 1.0, 'cw_power': 1.0}",0.16,0.5262900067170395,0.7301306935817805
H2,logreg,1,1,"{'C': 5.607768313481287, 'cw_power': 0.5}",0.13999999999999999,0.5316400175222633,0.7314709319122706
H2,logreg,1,2,"{'C': 0.01450506876702946, 'cw_power': 0.5}",0.16999999999999998,0.48643830152407996,0.7079391636894279
H2,logreg,1,3,"{'C': 0.07963756492600689, 'cw_power': 0.5}",0.16,0.512951057147481,0.7224928830227744
H2,logreg,1,4,"{'C': 0.6356954692501539, 'cw_power': 0.0}",0.15,0.5384052135854758,0.7299263020416866
H2,logreg,1,5,"{'C': 0.09141811553551184, 'cw_power': 0.0}",0.13999999999999999,0.5188573855371962,0.7233745781005803
H2,logreg,2,0,"{'C': 1.0, 'cw_power': 1.0}",0.13999999999999999,0.5124080611180053,0.7187459168024867
H2,logreg,2,1,"{'C': 0.001398699273478031, 'cw_power': 0.5}",0.16,0.45164325413045375,0.6824239682226941
H2,logreg,2,2,"{'C': 0.015714897176173838, 'cw_power': 1.0}",0.16,0.49536808309929947,0.7028304602244487
H2,logreg,2,3,"{'C': 0.00328802616287836, 'cw_power': 0.5}",0.16999999999999998,0.46916805610747675,0.6888033261739147
H2,logreg,2,4,"{'C': 2.532464698994718, 'cw_power': 1.0}",0.13,0.5124520816931,0.7151192108010597
H2,logreg,2,5,"{'C': 0.0032364122604890367, 'cw_power': 1.0}",0.1,0.4718190835961637,0.6885194544191752
H2,logreg,3,0,"{'C': 1.0, 'cw_power': 1.0}",0.13,0.589063593894978,0.7542204955930711
H2,logreg,3,1,"{'C': 0.001049418164674611, 'cw_power': 0.0}",0.09000000000000001,0.5383783575509173,0.724445860433764
H2,logreg,3,2,"{'C': 1.611310906165071, 'cw_power': 1.0}",0.13,0.5862138512304861,0.7542204955930711
H2,logreg,3,3,"{'C': 0.10140540478828729, 'cw_power': 1.0}",0.12000000000000001,0.5971461432239269,0.7573333333333334
H2,logreg,3,4,"{'C': 0.2618321286070727, 'cw_power': 0.0}",0.11,0.6033638534960958,0.7605510522510179
H2,logreg,3,5,"{'C': 0.06493166800643363, 'cw_power': 0.5}",0.11,0.6014338043878723,0.7545648285572935
H2,logreg,4,0,"{'C': 1.0, 'cw_power': 1.0}",0.1,0.5344571593618782,0.7102146167979391
H2,logreg,4,1,"{'C': 0.03705222905848923, 'cw_power': 0.0}",0.12000000000000001,0.49926965224869857,0.7053333333333334
H2,logreg,4,2,"{'C': 4.273215208570783, 'cw_power': 1.0}",0.13999999999999999,0.5414812072540437,0.7106328182487123
H2,logreg,4,3,"{'C': 0.011964455944382977, 'cw_power': 1.0}",0.13999999999999999,0.4868580129578852,0.6971109873257549
H2,logreg,4,4,"{'C': 0.07917537465253476, 'cw_power': 1.0}",0.13999999999999999,0.5143326835432667,0.7106328182487123
H2,logreg,4,5,"{'C': 8.77227558051532, 'cw_power': 1.0}",0.13,0.5426232320412057,0.7123262618873445
H2,logreg,5,0,"{'C': 1.0, 'cw_power': 1.0}",0.13,0.49191260197984216,0.723498057542205
H2,logreg,5,1,"{'C': 1.5542480775703242, 'cw_power': 0.0}",0.15,0.49232184095227155,0.7228203091790828
H2,logreg,5,2,"{'C': 9.593795937027707, 'cw_power': 0.5}",0.15,0.495384599862609,0.7280749004742662
H2,logreg,5,3,"{'C': 0.0016403604383191442, 'cw_power': 0.5}",0.1,0.44621239795891326,0.6916187633304272
H2,logreg,5,4,"{'C': 0.004279912497404217, 'cw_power': 0.5}",0.12000000000000001,0.4602284416607081,0.6908888888888889
H2,logreg,5,5,"{'C': 0.010712586041923768, 'cw_power': 0.0}",0.12000000000000001,0.4639369308872166,0.6966666666666667
H1,logreg,1,0,"{'C': 1.0, 'cw_power': 1.0}",0.13,0.38517159674010987,0.675321697482637
H1,logreg,1,1,"{'C': 3.4145542592297895, 'cw_power': 1.0}",0.13,0.38485253780487944,0.6725347592636038
H1,logreg,1,2,"{'C': 2.069316894887086, 'cw_power': 1.0}",0.13,0.3857700567818249,0.675321697482637
H1,logreg,1,3,"{'C': 0.8179385804660421, 'cw_power': 0.5}",0.13999999999999999,0.3869931210437203,0.6747964552304383
H1,logreg,1,4,"{'C': 0.06651603182841057, 'cw_power': 0.0}",0.13999999999999999,0.3736585650038259,0.6801940244382318
H1,logreg,1,5,"{'C': 2.3328625391925035, 'cw_power': 0.0}",0.1,0.3896829066593154,0.6753721228977855
H1,logreg,2,0,"{'C': 1.0, 'cw_power': 1.0}",0.12000000000000001,0.3455451294312841,0.6417777777777778
H1,logreg,2,1,"{'C': 2.1083503077635255, 'cw_power': 0.0}",0.16,0.36206313086705116,0.6390601727189656
H1,logreg,2,2,"{'C': 2.360964977705824, 'cw_power': 0.0}",0.16,0.3618888852940939,0.6390601727189656
H1,logreg,2,3,"{'C': 1.9412468731800399, 'cw_power': 0.0}",0.09000000000000001,0.3614579538393878,0.6406516191621601
H1,logreg,2,4,"{'C': 0.003978349892259139, 'cw_power': 0.0}",0.18,0.285790660284945,0.6156457462503073
H1,logreg,2,5,"{'C': 1.3206519379268176, 'cw_power': 1.0}",0.12000000000000001,0.34588863499348416,0.6417777777777778
H1,logreg,3,0,"{'C': 1.0, 'cw_power': 1.0}",0.1,0.3546527401838844,0.6389305118391433
H1,logreg,3,1,"{'C': 0.0010373545468284767, 'cw_power': 0.5}",0.15,0.28499484909517775,0.6045920050374594
H1,logreg,3,2,"{'C': 0.22762411351666037, 'cw_power': 0.0}",0.1,0.35336663112237043,0.6389305118391433
H1,logreg,3,3,"{'C': 9.984601194514088, 'cw_power': 0.0}",0.09000000000000001,0.34435455177725177,0.6342059082951136
H1,logreg,3,4,"{'C': 0.05235505309227224, 'cw_power': 0.5}",0.19999999999999998,0.35256177312430864,0.6394013994019251
H1,logreg,3,5,"{'C': 0.2011979787376576, 'cw_power': 0.0}",0.11,0.354714888456528,0.640826578376527
H1,logreg,4,0,"{'C': 1.0, 'cw_power': 1.0}",0.1,0.36774110818691624,0.6482284385728992
H1,logreg,4,1,"{'C': 0.018990430234071702, 'cw_power': 0.5}",0.13999999999999999,0.3186558953277231,0.6457280298185168
H1,logreg,4,2,"{'C': 0.0014654818420330763, 'cw_power': 1.0}",0.19999999999999998,0.26281641353501106,0.6164333356695636
H1,logreg,4,3,"{'C': 0.008956227632791733, 'cw_power': 0.0}",0.19,0.2890033775403332,0.6373188405797101
H1,logreg,4,4,"{'C': 0.2586388950565338, 'cw_power': 0.0}",0.12000000000000001,0.36860599865012317,0.6504444444444445
H1,logreg,4,5,"{'C': 0.0028974192095129383, 'cw_power': 0.5}",0.18,0.2722364256007677,0.6277323580034424
H1,logreg,5,0,"{'C': 1.0, 'cw_power': 1.0}",0.16999999999999998,0.3212072010570775,0.639210230743463
H1,logreg,5,1,"{'C': 0.01069325534847673, 'cw_power': 1.0}",0.12000000000000001,0.27920575516658014,0.6186666666666667
H1,logreg,5,2,"{'C': 0.6966596873370492, 'cw_power': 0.0}",0.13,0.3203951671906461,0.6369166412170368
H1,logreg,5,3,"{'C': 0.009598684990028968, 'cw_power': 0.0}",0.13999999999999999,0.26953022545079663,0.6240931003417851
H1,logreg,5,4,"{'C': 8.4011194060757, 'cw_power': 0.5}",0.18,0.33409899803132753,0.6374016474059503
H1,logreg,5,5,"{'C': 0.039019954799163994, 'cw_power': 0.0}",0.16999999999999998,0.295350525902998,0.6317712664288951
