task,model,fold,trial,cfg,inner_accuracy,inner_macro_f1,inner_bal_acc,inner_top3
program,hgb,1,0,"{""learning_rate"": 0.1, ""max_iter"": 100, ""max_leaf_nodes"": 31, ""l2_regularization"": 0.0, ""min_samples_leaf"": 20, ""cw_power"": 1.0}",34.13897280966767,0.07675613340664993,7.903097941822135,76.68680765357503
program,hgb,1,1,"{""learning_rate"": 0.040932078360990956, ""max_iter"": 300, ""max_leaf_nodes"": 63, ""l2_regularization"": 1.251771389206452, ""min_samples_leaf"": 20, ""cw_power"": 0.5}",39.92950654582075,0.06271927490228288,6.52277428670653,78.85196374622356
program,hgb,1,2,"{""learning_rate"": 0.0687968181623602, ""max_iter"": 300, ""max_leaf_nodes"": 31, ""l2_regularization"": 0.0011341006149565, ""min_samples_leaf"": 20, ""cw_power"": 0.0}",41.44008056394763,0.05966854289300435,6.368424106125037,79.8086606243706
program,hgb,1,3,"{""learning_rate"": 0.032306849993093016, ""max_iter"": 300, ""max_leaf_nodes"": 31, ""l2_regularization"": 0.01600966720955339, ""min_samples_leaf"": 10, ""cw_power"": 0.0}",43.65558912386707,0.06108009116947985,6.596856173805228,80.76535750251762
program,hgb,1,4,"{""learning_rate"": 0.03141604783643677, ""max_iter"": 300, ""max_leaf_nodes"": 31, ""l2_regularization"": 0.028278197833524706, ""min_samples_leaf"": 50, ""cw_power"": 0.0}",41.74219536757301,0.05966603444900722,6.375415477159787,80.26183282980867
program,hgb,1,5,"{""learning_rate"": 0.23228802625773334, ""max_iter"": 300, ""max_leaf_nodes"": 63, ""l2_regularization"": 2.140926852899865, ""min_samples_leaf"": 20, ""cw_power"": 0.0}",40.433031218529706,0.06033324981170278,6.342749804339001,78.04632426988923
program,hgb,1,6,"{""learning_rate"": 0.07958849783451397, ""max_iter"": 200, ""max_leaf_nodes"": 15, ""l2_regularization"": 0.03144204896386074, ""min_samples_leaf"": 10, ""cw_power"": 1.0}",33.33333333333333,0.09059088570310114,9.137463584672563,74.32024169184291
program,hgb,1,7,"{""learning_rate"": 0.08340144229843252, ""max_iter"": 300, ""max_leaf_nodes"": 31, ""l2_regularization"": 0.2189790971989986, ""min_samples_leaf"": 20, ""cw_power"": 0.0}",40.735146022155085,0.05907528454322135,6.281460398057698,79.35548841893252
program,hgb,2,0,"{""learning_rate"": 0.1, ""max_iter"": 100, ""max_leaf_nodes"": 31, ""l2_regularization"": 0.0, ""min_samples_leaf"": 20, ""cw_power"": 1.0}",33.8368580060423,0.07098283606952437,7.423258682000861,76.68680765357503
program,hgb,2,1,"{""learning_rate"": 0.11612138247011618, ""max_iter"": 300, ""max_leaf_nodes"": 31, ""l2_regularization"": 0.016965773639309203, ""min_samples_leaf"": 50, ""cw_power"": 1.0}",40.03021148036254,0.07122570502840467,7.235123344279108,79.60725075528701
program,hgb,2,2,"{""learning_rate"": 0.05124307415004227, ""max_iter"": 200, ""max_leaf_nodes"": 63, ""l2_regularization"": 5.4437068721001545, ""min_samples_leaf"": 10, ""cw_power"": 1.0}",34.239677744209466,0.07430415103976006,7.684214425417442,76.63645518630413
program,hgb,2,3,"{""learning_rate"": 0.1625084513087502, ""max_iter"": 200, ""max_leaf_nodes"": 31, ""l2_regularization"": 0.14391193004905573, ""min_samples_leaf"": 10, ""cw_power"": 0.5}",40.33232628398791,0.06445888790969308,6.6307955466849355,79.95971802618328
program,hgb,2,4,"{""learning_rate"": 0.13531410275054037, ""max_iter"": 300, ""max_leaf_nodes"": 31, ""l2_regularization"": 9.007677111880936, ""min_samples_leaf"": 50, ""cw_power"": 1.0}",35.04531722054381,0.09546962310597985,8.828907053171505,77.69385699899296
program,hgb,2,5,"{""learning_rate"": 0.0935953806236703, ""max_iter"": 300, ""max_leaf_nodes"": 15, ""l2_regularization"": 0.08672566694493344, ""min_samples_leaf"": 10, ""cw_power"": 1.0}",34.843907351460224,0.07162672044695435,7.343682715226661,77.99597180261833
program,hgb,2,6,"{""learning_rate"": 0.06389727987328515, ""max_iter"": 300, ""max_leaf_nodes"": 15, ""l2_regularization"": 0.04617201476265939, ""min_samples_leaf"": 10, ""cw_power"": 1.0}",32.67875125881169,0.07114394279852487,7.579296495415398,76.23363544813697
program,hgb,2,7,"{""learning_rate"": 0.10036063022690846, ""max_iter"": 200, ""max_leaf_nodes"": 31, ""l2_regularization"": 9.293275439732081, ""min_samples_leaf"": 20, ""cw_power"": 1.0}",32.779456193353475,0.10287725336751946,9.85030177703923,76.18328298086607
program,hgb,3,0,"{""learning_rate"": 0.1, ""max_iter"": 100, ""max_leaf_nodes"": 31, ""l2_regularization"": 0.0, ""min_samples_leaf"": 20, ""cw_power"": 1.0}",35.59919436052367,0.07049266289466316,7.7487826385698675,77.99597180261833
program,hgb,3,1,"{""learning_rate"": 0.1315477743075535, ""max_iter"": 100, ""max_leaf_nodes"": 31, ""l2_regularization"": 0.007924411170803971, ""min_samples_leaf"": 20, ""cw_power"": 1.0}",37.41188318227593,0.07605097416656065,7.994265132185056,78.4491440080564
program,hgb,3,2,"{""learning_rate"": 0.06153497269258438, ""max_iter"": 300, ""max_leaf_nodes"": 31, ""l2_regularization"": 0.039445867348475515, ""min_samples_leaf"": 50, ""cw_power"": 0.0}",42.95065458207452,0.06915134488584807,7.0478202275588595,82.02416918429003
program,hgb,3,3,"{""learning_rate"": 0.14347133579924948, ""max_iter"": 200, ""max_leaf_nodes"": 63, ""l2_regularization"": 0.3271527377204789, ""min_samples_leaf"": 50, ""cw_power"": 1.0}",40.03021148036254,0.0676994001870659,7.18929117348858,80.46324269889224
program,hgb,3,4,"{""learning_rate"": 0.1684771457533296, ""max_iter"": 300, ""max_leaf_nodes"": 63, ""l2_regularization"": 0.008561078866987966, ""min_samples_leaf"": 10, ""cw_power"": 1.0}",41.289023162134946,0.06322207784596652,6.8635277898264295,79.60725075528701
program,hgb,3,5,"{""learning_rate"": 0.1468354128066526, ""max_iter"": 200, ""max_leaf_nodes"": 63, ""l2_regularization"": 0.03112088196143598, ""min_samples_leaf"": 50, ""cw_power"": 0.5}",41.08761329305136,0.0669322874522339,6.8786205393267625,80.96676737160121
program,hgb,3,6,"{""learning_rate"": 0.16537267683453621, ""max_iter"": 300, ""max_leaf_nodes"": 31, ""l2_regularization"": 0.7180655584759071, ""min_samples_leaf"": 10, ""cw_power"": 0.0}",42.09466263846928,0.06479472578997196,6.7103939396787675,81.2185297079557
program,hgb,3,7,"{""learning_rate"": 0.07887668385362219, ""max_iter"": 100, ""max_leaf_nodes"": 15, ""l2_regularization"": 1.2341109602685865, ""min_samples_leaf"": 20, ""cw_power"": 0.0}",43.957703927492446,0.06146005366323868,6.590217980823435,82.07452165156093
program,hgb,4,0,"{""learning_rate"": 0.1, ""max_iter"": 100, ""max_leaf_nodes"": 31, ""l2_regularization"": 0.0, ""min_samples_leaf"": 20, ""cw_power"": 1.0}",37.00906344410876,0.0803166514311014,8.253194309648682,77.0896273917422
program,hgb,4,1,"{""learning_rate"": 0.04629307373120376, ""max_iter"": 100, ""max_leaf_nodes"": 15, ""l2_regularization"": 0.48192253059073764, ""min_samples_leaf"": 50, ""cw_power"": 0.5}",41.037260825780464,0.10021511777688936,9.63590128589681,79.20443101711983
program,hgb,4,2,"{""learning_rate"": 0.06922111437304947, ""max_iter"": 300, ""max_leaf_nodes"": 63, ""l2_regularization"": 1.2267225910942863, ""min_samples_leaf"": 20, ""cw_power"": 0.5}",42.497482376636455,0.08433202685628664,8.153094762719798,80.26183282980867
program,hgb,4,3,"{""learning_rate"": 0.26202246862614, ""max_iter"": 300, ""max_leaf_nodes"": 63, ""l2_regularization"": 0.015739349900967967, ""min_samples_leaf"": 20, ""cw_power"": 1.0}",39.72809667673716,0.0657417642251305,6.738498896832161,77.59315206445116
program,hgb,4,4,"{""learning_rate"": 0.14586679252915855, ""max_iter"": 300, ""max_leaf_nodes"": 63, ""l2_regularization"": 0.005317832769659873, ""min_samples_leaf"": 50, ""cw_power"": 0.5}",40.130916414904334,0.03489357797555738,5.174989264256285,40.6344410876133
program,hgb,4,5,"{""learning_rate"": 0.2741950014073737, ""max_iter"": 100, ""max_leaf_nodes"": 31, ""l2_regularization"": 0.011318024119912843, ""min_samples_leaf"": 20, ""cw_power"": 0.0}",27.291037260825778,0.05551018622094589,6.385347813445481,47.83484390735146
program,hgb,4,6,"{""learning_rate"": 0.04046915329612495, ""max_iter"": 200, ""max_leaf_nodes"": 15, ""l2_regularization"": 6.995759278642674, ""min_samples_leaf"": 50, ""cw_power"": 0.0}",44.15911379657603,0.06343160244003661,6.744564463114775,81.1681772406848
program,hgb,4,7,"{""learning_rate"": 0.08834565620887984, ""max_iter"": 100, ""max_leaf_nodes"": 31, ""l2_regularization"": 1.0280471270965479, ""min_samples_leaf"": 20, ""cw_power"": 0.5}",40.98690835850957,0.07615687207438944,7.685463200124143,79.15407854984893
program,hgb,5,0,"{""learning_rate"": 0.1, ""max_iter"": 100, ""max_leaf_nodes"": 31, ""l2_regularization"": 0.0, ""min_samples_leaf"": 20, ""cw_power"": 1.0}",35.85095669687814,0.08349715653725744,8.770208806683673,78.24773413897282
program,hgb,5,1,"{""learning_rate"": 0.2707388509717283, ""max_iter"": 200, ""max_leaf_nodes"": 15, ""l2_regularization"": 0.3368841897771094, ""min_samples_leaf"": 20, ""cw_power"": 0.0}",40.38267875125881,0.07082195509916114,7.221143885856665,80.21148036253777
program,hgb,5,2,"{""learning_rate"": 0.07475649891843644, ""max_iter"": 200, ""max_leaf_nodes"": 63, ""l2_regularization"": 6.727391616023603, ""min_samples_leaf"": 20, ""cw_power"": 1.0}",37.26082578046324,0.08566536321691776,8.782489835350196,78.85196374622356
program,hgb,5,3,"{""learning_rate"": 0.07028954713576777, ""max_iter"": 300, ""max_leaf_nodes"": 63, ""l2_regularization"": 2.099681826419013, ""min_samples_leaf"": 20, ""cw_power"": 0.0}",42.799597180261834,0.0729909087441636,7.43347185256606,81.2185297079557
program,hgb,5,4,"{""learning_rate"": 0.11241731496674562, ""max_iter"": 100, ""max_leaf_nodes"": 63, ""l2_regularization"": 0.0018561199159587045, ""min_samples_leaf"": 10, ""cw_power"": 1.0}",38.82175226586103,0.07923344534053071,7.929853418602645,80.01007049345418
program,hgb,5,5,"{""learning_rate"": 0.03618001323067694, ""max_iter"": 100, ""max_leaf_nodes"": 31, ""l2_regularization"": 0.060190820840689316, ""min_samples_leaf"": 20, ""cw_power"": 1.0}",31.62134944612286,0.08685453576397427,10.51422894360741,72.30614300100704
program,hgb,5,6,"{""learning_rate"": 0.0406232932385568, ""max_iter"": 200, ""max_leaf_nodes"": 31, ""l2_regularization"": 0.680596700167045, ""min_samples_leaf"": 20, ""cw_power"": 0.0}",43.75629405840886,0.07366167085396279,7.483416438587051,81.82275931520645
program,hgb,5,7,"{""learning_rate"": 0.1865286735080479, ""max_iter"": 100, ""max_leaf_nodes"": 63, ""l2_regularization"": 0.06504987096805219, ""min_samples_leaf"": 50, ""cw_power"": 1.0}",38.46928499496475,0.07139281728074649,7.521404506417745,79.15407854984893
program,rf,1,0,"{""n_estimators"": 100, ""max_depth"": null, ""min_samples_leaf"": 1, ""max_features"": ""sqrt"", ""cw_power"": 1.0}",30.76535750251762,0.08669763692653285,8.959994922992125,70.44310171198389
program,rf,1,1,"{""n_estimators"": 100, ""max_depth"": 20, ""min_samples_leaf"": 5, ""max_features"": ""sqrt"", ""cw_power"": 0.5}",41.49043303121853,0.06689504045687263,6.916913412312913,79.8590130916415
program,rf,1,2,"{""n_estimators"": 300, ""max_depth"": null, ""min_samples_leaf"": 10, ""max_features"": 0.3, ""cw_power"": 0.0}",44.15911379657603,0.049468672737481824,6.017459746403729,81.0171198388721
program,rf,1,3,"{""n_estimators"": 100, ""max_depth"": 30, ""min_samples_leaf"": 10, ""max_features"": 0.5, ""cw_power"": 0.0}",44.259818731117825,0.05179218395047858,6.144375903903794,80.31218529707955
program,rf,1,4,"{""n_estimators"": 300, ""max_depth"": null, ""min_samples_leaf"": 5, ""max_features"": ""sqrt"", ""cw_power"": 0.0}",44.864048338368576,0.04832530322878653,6.0216973539150915,81.1681772406848
program,rf,1,5,"{""n_estimators"": 200, ""max_depth"": null, ""min_samples_leaf"": 5, ""max_features"": 0.5, ""cw_power"": 0.5}",41.339375629405836,0.09443274290940537,9.188315266029056,78.75125881168177
program,rf,1,6,"{""n_estimators"": 100, ""max_depth"": null, ""min_samples_leaf"": 1, ""max_features"": 0.5, ""cw_power"": 1.0}",30.412890231621347,0.11069763031198307,12.770149406524723,67.17019133937563
program,rf,1,7,"{""n_estimators"": 200, ""max_depth"": 30, ""min_samples_leaf"": 10, ""max_features"": 0.3, ""cw_power"": 0.5}",41.389728096676734,0.09878509818960944,9.379072149729764,79.30513595166163
program,rf,2,0,"{""n_estimators"": 100, ""max_depth"": null, ""min_samples_leaf"": 1, ""max_features"": ""sqrt"", ""cw_power"": 1.0}",32.124874118831826,0.10469894547190202,10.475601694322727,70.69486404833837
program,rf,2,1,"{""n_estimators"": 300, ""max_depth"": null, ""min_samples_leaf"": 5, ""max_features"": ""sqrt"", ""cw_power"": 0.5}",42.04431017119839,0.07183934039821065,7.1896036309753715,81.2185297079557
program,rf,2,2,"{""n_estimators"": 300, ""max_depth"": 10, ""min_samples_leaf"": 5, ""max_features"": ""sqrt"", ""cw_power"": 1.0}",12.185297079556898,0.04220808802710849,10.773664873729121,38.972809667673715
program,rf,2,3,"{""n_estimators"": 300, ""max_depth"": 10, ""min_samples_leaf"": 10, ""max_features"": 0.5, ""cw_power"": 0.5}",40.433031218529706,0.0702324774675095,7.547490585520375,80.11077542799597
program,rf,2,4,"{""n_estimators"": 300, ""max_depth"": 30, ""min_samples_leaf"": 1, ""max_features"": 0.3, ""cw_power"": 0.0}",43.101711983887206,0.054014265568934836,6.143229202443912,82.02416918429003
program,rf,2,5,"{""n_estimators"": 300, ""max_depth"": 30, ""min_samples_leaf"": 5, ""max_features"": 0.5, ""cw_power"": 0.0}",44.15911379657603,0.05605091481081114,6.327391331014702,82.57804632426989
program,rf,2,6,"{""n_estimators"": 300, ""max_depth"": null, ""min_samples_leaf"": 2, ""max_features"": 0.3, ""cw_power"": 0.0}",44.058408862034234,0.0551177469310666,6.266918857471909,82.02416918429003
program,rf,2,7,"{""n_estimators"": 300, ""max_depth"": 10, ""min_samples_leaf"": 5, ""max_features"": ""sqrt"", ""cw_power"": 0.0}",44.76334340382679,0.045090584236510176,5.841043604900459,82.527693856999
program,rf,3,0,"{""n_estimators"": 100, ""max_depth"": null, ""min_samples_leaf"": 1, ""max_features"": ""sqrt"", ""cw_power"": 1.0}",32.07452165156093,0.0722839714186068,8.064670503523681,71.5508559919436
program,rf,3,1,"{""n_estimators"": 200, ""max_depth"": 30, ""min_samples_leaf"": 10, ""max_features"": 0.5, ""cw_power"": 0.0}",44.914400805639474,0.053696122479699,6.283916112465604,83.08157099697885
program,rf,3,2,"{""n_estimators"": 200, ""max_depth"": 10, ""min_samples_leaf"": 5, ""max_features"": 0.3, ""cw_power"": 1.0}",14.249748237663646,0.039839524608971257,12.139705439662162,39.577039274924466
program,rf,3,3,"{""n_estimators"": 200, ""max_depth"": 30, ""min_samples_leaf"": 10, ""max_features"": 0.3, ""cw_power"": 0.5}",41.339375629405836,0.07265611086743957,7.629628835819585,80.36253776435045
program,rf,3,4,"{""n_estimators"": 300, ""max_depth"": 30, ""min_samples_leaf"": 2, ""max_features"": 0.5, ""cw_power"": 0.5}",41.842900302114806,0.07114006001857205,7.439311736366277,80.61430010070494
program,rf,3,5,"{""n_estimators"": 300, ""max_depth"": 10, ""min_samples_leaf"": 1, ""max_features"": ""sqrt"", ""cw_power"": 0.5}",43.605236656596176,0.06793721091893984,7.0479496523532585,82.527693856999
program,rf,3,6,"{""n_estimators"": 100, ""max_depth"": null, ""min_samples_leaf"": 1, ""max_features"": 0.3, ""cw_power"": 1.0}",30.664652567975832,0.07636666549546485,9.794662333522421,70.04028197381672
program,rf,3,7,"{""n_estimators"": 200, ""max_depth"": 30, ""min_samples_leaf"": 10, ""max_features"": 0.5, ""cw_power"": 0.5}",40.98690835850957,0.07337008534756131,7.679783264270091,80.26183282980867
program,rf,4,0,"{""n_estimators"": 100, ""max_depth"": null, ""min_samples_leaf"": 1, ""max_features"": ""sqrt"", ""cw_power"": 1.0}",33.7361530715005,0.07732779947654736,8.579362528226783,72.9607250755287
program,rf,4,1,"{""n_estimators"": 300, ""max_depth"": 30, ""min_samples_leaf"": 5, ""max_features"": 0.5, ""cw_power"": 1.0}",20.44310171198389,0.06602827389913335,12.567794250801764,58.91238670694864
program,rf,4,2,"{""n_estimators"": 300, ""max_depth"": null, ""min_samples_leaf"": 2, ""max_features"": ""sqrt"", ""cw_power"": 1.0}",33.28298086606244,0.11775639111347087,13.24054629826521,70.99697885196375
program,rf,4,3,"{""n_estimators"": 100, ""max_depth"": 10, ""min_samples_leaf"": 10, ""max_features"": 0.5, ""cw_power"": 0.0}",44.51158106747231,0.05125439514245497,6.17181858217007,82.17522658610272
program,rf,4,4,"{""n_estimators"": 100, ""max_depth"": null, ""min_samples_leaf"": 1, ""max_features"": 0.5, ""cw_power"": 1.0}",32.527693856998994,0.09579543390231227,10.90656614946534,70.74521651560927
program,rf,4,5,"{""n_estimators"": 300, ""max_depth"": null, ""min_samples_leaf"": 2, ""max_features"": ""sqrt"", ""cw_power"": 1.0}",33.28298086606244,0.11775639111347087,13.24054629826521,70.99697885196375
program,rf,4,6,"{""n_estimators"": 100, ""max_depth"": 10, ""min_samples_leaf"": 10, ""max_features"": 0.5, ""cw_power"": 0.0}",44.51158106747231,0.05125439514245497,6.17181858217007,82.17522658610272
program,rf,4,7,"{""n_estimators"": 200, ""max_depth"": 10, ""min_samples_leaf"": 1, ""max_features"": ""sqrt"", ""cw_power"": 1.0}",22.30614300100705,0.0814271335956459,15.25530615259214,54.884189325276935
program,rf,5,0,"{""n_estimators"": 100, ""max_depth"": null, ""min_samples_leaf"": 1, ""max_features"": ""sqrt"", ""cw_power"": 1.0}",31.1178247734139,0.09435033625375416,11.349474286427636,72.10473313192345
program,rf,5,1,"{""n_estimators"": 200, ""max_depth"": null, ""min_samples_leaf"": 1, ""max_features"": 0.3, ""cw_power"": 0.0}",43.85699899295065,0.06338914331237132,6.88125765906846,82.07452165156093
program,rf,5,2,"{""n_estimators"": 300, ""max_depth"": 10, ""min_samples_leaf"": 2, ""max_features"": ""sqrt"", ""cw_power"": 0.0}",44.46122860020141,0.047322190726990204,6.12122886448795,82.62839879154077
program,rf,5,3,"{""n_estimators"": 100, ""max_depth"": null, ""min_samples_leaf"": 1, ""max_features"": ""sqrt"", ""cw_power"": 0.5}",41.23867069486405,0.09465541332600586,8.768606911381257,81.067472306143
program,rf,5,4,"{""n_estimators"": 300, ""max_depth"": 10, ""min_samples_leaf"": 2, ""max_features"": ""sqrt"", ""cw_power"": 0.5}",43.202416918429,0.07689699728007549,7.739205692616162,82.77945619335347
program,rf,5,5,"{""n_estimators"": 300, ""max_depth"": 30, ""min_samples_leaf"": 2, ""max_features"": 0.5, ""cw_power"": 1.0}",28.650553877139977,0.08136181860770195,11.738877101411184,69.23464249748238
program,rf,5,6,"{""n_estimators"": 300, ""max_depth"": 20, ""min_samples_leaf"": 10, ""max_features"": 0.3, ""cw_power"": 0.0}",44.46122860020141,0.05529623063935594,6.503784951127114,82.2759315206445
program,rf,5,7,"{""n_estimators"": 100, ""max_depth"": null, ""min_samples_leaf"": 5, ""max_features"": 0.3, ""cw_power"": 1.0}",20.745216515609265,0.07144719114869698,12.099574380236705,56.294058408862035
program,static_mlp,1,0,"{""epochs"": 15, ""lr"": 0.001, ""weight_decay"": 0.01, ""batch_size"": 128, ""dropout"": 0.2, ""static_h"": 128, ""rnn_h"": 64, ""cw_power"": 1.0}",12.43705941591138,0.0474269576667231,7.935663836239259,49.546827794561935
program,static_mlp,1,1,"{""epochs"": 40, ""lr"": 0.0007116332015945283, ""weight_decay"": 0.002165317283595542, ""batch_size"": 256, ""dropout"": 0.5, ""static_h"": 256, ""rnn_h"": 64, ""cw_power"": 1.0}",13.343403826787512,0.04652926321004762,7.416092089462442,52.51762336354482
program,static_mlp,1,2,"{""epochs"": 25, ""lr"": 0.0013796782002690117, ""weight_decay"": 0.06594626760646992, ""batch_size"": 256, ""dropout"": 0.2, ""static_h"": 256, ""rnn_h"": 64, ""cw_power"": 0.5}",37.160120845921455,0.06402453300809456,6.908674291971008,75.62940584088619
program,static_mlp,1,3,"{""epochs"": 40, ""lr"": 0.00033721086977835037, ""weight_decay"": 0.0025922136631451606, ""batch_size"": 256, ""dropout"": 0.2, ""static_h"": 128, ""rnn_h"": 64, ""cw_power"": 0.5}",38.670694864048336,0.08822274615956877,8.864021388115297,76.03222557905337
program,static_mlp,1,4,"{""epochs"": 25, ""lr"": 0.0018802490873414987, ""weight_decay"": 0.004540914631830939, ""batch_size"": 128, ""dropout"": 0.5, ""static_h"": 64, ""rnn_h"": 64, ""cw_power"": 0.5}",41.44008056394763,0.05758864330267703,6.260182160064226,79.15407854984893
program,static_mlp,1,5,"{""epochs"": 25, ""lr"": 0.000718830251339106, ""weight_decay"": 0.0010500718763797618, ""batch_size"": 128, ""dropout"": 0.5, ""static_h"": 64, ""rnn_h"": 64, ""cw_power"": 1.0}",11.983887210473315,0.048988252453392736,10.659211446115641,44.259818731117825
program,static_mlp,1,6,"{""epochs"": 15, ""lr"": 0.000332217825338983, ""weight_decay"": 0.09836752265945088, ""batch_size"": 256, ""dropout"": 0.1, ""static_h"": 256, ""rnn_h"": 64, ""cw_power"": 1.0}",6.545820745216516,0.03273108364700595,8.684655691773111,33.28298086606244
program,static_mlp,1,7,"{""epochs"": 25, ""lr"": 0.0006721450825133937, ""weight_decay"": 0.08823599735201078, ""batch_size"": 256, ""dropout"": 0.5, ""static_h"": 128, ""rnn_h"": 32, ""cw_power"": 0.5}",40.483383685800604,0.06367119193194974,6.613030594980063,78.85196374622356
program,lstm,1,0,"{""epochs"": 15, ""lr"": 0.001, ""weight_decay"": 0.01, ""batch_size"": 128, ""dropout"": 0.2, ""static_h"": 128, ""rnn_h"": 64, ""cw_power"": 1.0}",2.8197381671701915,0.01804998368525946,7.309387307371234,25.226586102719033
program,lstm,1,1,"{""epochs"": 15, ""lr"": 0.0016457391419085706, ""weight_decay"": 0.005994902790327624, ""batch_size"": 128, ""dropout"": 0.1, ""static_h"": 256, ""rnn_h"": 64, ""cw_power"": 0.0}",43.101711983887206,0.037144933612348816,5.425010725987792,80.51359516616314
program,lstm,1,2,"{""epochs"": 25, ""lr"": 0.0011575901201491218, ""weight_decay"": 0.004966745206553224, ""batch_size"": 64, ""dropout"": 0.5, ""static_h"": 128, ""rnn_h"": 32, ""cw_power"": 1.0}",13.141993957703926,0.0373198911567196,7.7201864042845525,41.389728096676734
program,lstm,1,3,"{""epochs"": 40, ""lr"": 0.0024462518682993686, ""weight_decay"": 0.009007620100681494, ""batch_size"": 128, ""dropout"": 0.1, ""static_h"": 128, ""rnn_h"": 128, ""cw_power"": 0.0}",43.152064451158104,0.036666870331158466,5.409438888694685,79.40584088620342
program,lstm,1,4,"{""epochs"": 40, ""lr"": 0.00043526627165648335, ""weight_decay"": 0.0025475029123143192, ""batch_size"": 256, ""dropout"": 0.1, ""static_h"": 128, ""rnn_h"": 128, ""cw_power"": 0.0}",43.051359516616316,0.036471206631289554,5.39330495553757,79.60725075528701
program,lstm,1,5,"{""epochs"": 40, ""lr"": 0.0011508051774245288, ""weight_decay"": 0.0005187459486162754, ""batch_size"": 256, ""dropout"": 0.1, ""static_h"": 64, ""rnn_h"": 64, ""cw_power"": 0.0}",42.84994964753273,0.036785074140459506,5.379860011239973,80.06042296072508
program,lstm,1,6,"{""epochs"": 25, ""lr"": 0.0011851918821732703, ""weight_decay"": 0.00016897997322798495, ""batch_size"": 256, ""dropout"": 0.1, ""static_h"": 128, ""rnn_h"": 128, ""cw_power"": 0.0}",42.95065458207452,0.035961249241144196,5.3696418535738015,79.90936555891238
program,lstm,1,7,"{""epochs"": 25, ""lr"": 0.0008787216970617155, ""weight_decay"": 0.00020888845120648923, ""batch_size"": 256, ""dropout"": 0.2, ""static_h"": 64, ""rnn_h"": 32, ""cw_power"": 1.0}",2.8197381671701915,0.015898968093082753,7.752335105023893,23.36354481369587
program,hyb1,1,0,"{""epochs"": 15, ""lr"": 0.001, ""weight_decay"": 0.01, ""batch_size"": 128, ""dropout"": 0.2, ""static_h"": 128, ""rnn_h"": 64, ""cw_power"": 1.0}",12.235649546827794,0.047988719043783476,11.925892921154716,48.539778449144
program,hyb1,1,1,"{""epochs"": 25, ""lr"": 0.0019067449984689767, ""weight_decay"": 0.02949650748229745, ""batch_size"": 256, ""dropout"": 0.2, ""static_h"": 128, ""rnn_h"": 64, ""cw_power"": 1.0}",20.644511581067473,0.062316955338023325,10.135363141920946,59.969788519637454
program,hyb1,1,2,"{""epochs"": 40, ""lr"": 0.0005916419884023108, ""weight_decay"": 0.00015498603418397674, ""batch_size"": 256, ""dropout"": 0.5, ""static_h"": 256, ""rnn_h"": 128, ""cw_power"": 1.0}",13.645518630412889,0.05618396330981264,12.602008648852687,47.53272910372608
program,hyb1,1,3,"{""epochs"": 40, ""lr"": 0.0006706825182225447, ""weight_decay"": 0.002949116799161753, ""batch_size"": 256, ""dropout"": 0.3, ""static_h"": 128, ""rnn_h"": 128, ""cw_power"": 0.0}",42.14501510574018,0.053827107448243094,6.111713531573852,80.16112789526687
program,hyb1,1,4,"{""epochs"": 15, ""lr"": 0.0003396485481524863, ""weight_decay"": 0.00901685183308984, ""batch_size"": 64, ""dropout"": 0.3, ""static_h"": 256, ""rnn_h"": 128, ""cw_power"": 0.0}",42.34642497482376,0.05482943128447169,6.167684862697583,80.61430010070494
program,hyb1,1,5,"{""epochs"": 15, ""lr"": 0.000547615790768176, ""weight_decay"": 0.00033677709862230506, ""batch_size"": 128, ""dropout"": 0.2, ""static_h"": 256, ""rnn_h"": 32, ""cw_power"": 0.5}",34.541792547834845,0.07171215637575182,7.652862885833541,74.26988922457201
program,hyb1,1,6,"{""epochs"": 15, ""lr"": 0.000836806324888122, ""weight_decay"": 0.003089512988960656, ""batch_size"": 256, ""dropout"": 0.1, ""static_h"": 128, ""rnn_h"": 32, ""cw_power"": 0.0}",43.152064451158104,0.054088443846028185,6.160431259223353,80.16112789526687
program,hyb1,1,7,"{""epochs"": 25, ""lr"": 0.0015854100592619536, ""weight_decay"": 0.00381556961126518, ""batch_size"": 256, ""dropout"": 0.2, ""static_h"": 64, ""rnn_h"": 128, ""cw_power"": 1.0}",15.458207452165157,0.05462143615280518,11.196297303885327,53.071500503524675
program,hyb2,1,0,"{""epochs"": 15, ""lr"": 0.001, ""weight_decay"": 0.01, ""batch_size"": 128, ""dropout"": 0.2, ""static_h"": 128, ""rnn_h"": 64, ""cw_power"": 1.0}",10.42296072507553,0.0446372685416445,12.961772510001795,44.259818731117825
program,hyb2,1,1,"{""epochs"": 25, ""lr"": 0.0027437629787319456, ""weight_decay"": 0.00016477827762027808, ""batch_size"": 128, ""dropout"": 0.5, ""static_h"": 128, ""rnn_h"": 64, ""cw_power"": 0.5}",39.97985901309164,0.06346109506289807,7.7241558598436235,77.79456193353475
program,hyb2,1,2,"{""epochs"": 15, ""lr"": 0.000817980250490322, ""weight_decay"": 0.04337503845822465, ""batch_size"": 128, ""dropout"": 0.1, ""static_h"": 256, ""rnn_h"": 128, ""cw_power"": 1.0}",19.335347432024168,0.06580139970674323,10.964345105504599,57.301107754279954
program,hyb2,1,3,"{""epochs"": 25, ""lr"": 0.0012294678561692314, ""weight_decay"": 0.08082915457184024, ""batch_size"": 128, ""dropout"": 0.2, ""static_h"": 256, ""rnn_h"": 128, ""cw_power"": 0.0}",39.72809667673716,0.06128277251623222,6.409264919257467,78.65055387713998
program,hyb2,1,4,"{""epochs"": 25, ""lr"": 0.0011676551084245635, ""weight_decay"": 0.001497584045075882, ""batch_size"": 256, ""dropout"": 0.1, ""static_h"": 128, ""rnn_h"": 32, ""cw_power"": 0.5}",38.62034239677744,0.08197394431461745,8.512636277166335,76.83786505538771
program,hyb2,1,5,"{""epochs"": 25, ""lr"": 0.0003205259773314333, ""weight_decay"": 0.007819950716549649, ""batch_size"": 64, ""dropout"": 0.1, ""static_h"": 64, ""rnn_h"": 32, ""cw_power"": 0.0}",41.893252769385704,0.05681502649639869,6.220700969579108,79.15407854984893
program,hyb2,1,6,"{""epochs"": 15, ""lr"": 0.0011797742868541864, ""weight_decay"": 0.0008139483274193235, ""batch_size"": 128, ""dropout"": 0.5, ""static_h"": 64, ""rnn_h"": 128, ""cw_power"": 1.0}",8.559919436052366,0.04139895353059096,12.137752905456871,31.722054380664655
program,hyb2,1,7,"{""epochs"": 15, ""lr"": 0.00040644213511753193, ""weight_decay"": 0.00027119647921017395, ""batch_size"": 128, ""dropout"": 0.1, ""static_h"": 128, ""rnn_h"": 32, ""cw_power"": 0.5}",38.62034239677744,0.0780616015784306,8.622014738142436,75.88116817724068
program,hyb3,1,0,"{""epochs"": 15, ""lr"": 0.001, ""weight_decay"": 0.01, ""batch_size"": 128, ""dropout"": 0.2, ""static_h"": 128, ""rnn_h"": 64, ""cw_power"": 1.0}",12.83987915407855,0.0460948300343103,11.198307426530292,48.23766364551863
program,hyb3,1,1,"{""epochs"": 40, ""lr"": 0.0018776548821007146, ""weight_decay"": 0.000767503660227397, ""batch_size"": 128, ""dropout"": 0.5, ""static_h"": 128, ""rnn_h"": 32, ""cw_power"": 0.0}",43.101711983887206,0.04633812253405792,5.763432932940732,79.8086606243706
program,hyb3,1,2,"{""epochs"": 15, ""lr"": 0.001808431137108469, ""weight_decay"": 0.03820283443459137, ""batch_size"": 128, ""dropout"": 0.2, ""static_h"": 64, ""rnn_h"": 32, ""cw_power"": 0.0}",41.74219536757301,0.0584451638812907,6.403887924423655,80.21148036253777
program,hyb3,1,3,"{""epochs"": 40, ""lr"": 0.00037273432383212686, ""weight_decay"": 0.0004939840986591268, ""batch_size"": 64, ""dropout"": 0.5, ""static_h"": 64, ""rnn_h"": 64, ""cw_power"": 0.5}",40.684793554884195,0.07633733007032446,8.84560088068324,78.19738167170192
program,hyb3,1,4,"{""epochs"": 15, ""lr"": 0.001093152651740974, ""weight_decay"": 0.004165210937724426, ""batch_size"": 128, ""dropout"": 0.2, ""static_h"": 256, ""rnn_h"": 32, ""cw_power"": 0.5}",34.13897280966767,0.06824813920165869,7.570765923415153,73.71601208459214
program,hyb3,1,5,"{""epochs"": 25, ""lr"": 0.0010616305004833547, ""weight_decay"": 0.002302748308235793, ""batch_size"": 128, ""dropout"": 0.3, ""static_h"": 256, ""rnn_h"": 32, ""cw_power"": 1.0}",21.852970795568982,0.06597644439257519,8.742330372671193,60.37260825780463
program,hyb3,1,6,"{""epochs"": 15, ""lr"": 0.002925874304257009, ""weight_decay"": 0.024366107772164095, ""batch_size"": 256, ""dropout"": 0.2, ""static_h"": 64, ""rnn_h"": 128, ""cw_power"": 0.0}",42.799597180261834,0.057219708386874554,6.364585246470614,79.95971802618328
program,hyb3,1,7,"{""epochs"": 15, ""lr"": 0.0003465388837878909, ""weight_decay"": 0.004059697745511182, ""batch_size"": 64, ""dropout"": 0.1, ""static_h"": 128, ""rnn_h"": 64, ""cw_power"": 1.0}",13.544813695871097,0.05211130519082985,11.23827052949818,43.705941591137965
program,hyb4,1,0,"{""epochs"": 15, ""lr"": 0.001, ""weight_decay"": 0.01, ""batch_size"": 128, ""dropout"": 0.2, ""static_h"": 128, ""rnn_h"": 64, ""cw_power"": 1.0}",14.04833836858006,0.05371492726526257,10.023141323512522,50.50352467270896
program,hyb4,1,1,"{""epochs"": 40, ""lr"": 0.0010951740321458467, ""weight_decay"": 0.034870943345560616, ""batch_size"": 128, ""dropout"": 0.3, ""static_h"": 128, ""rnn_h"": 128, ""cw_power"": 0.5}",37.61329305135951,0.06115765355467668,6.373286740520932,78.14702920443102
program,hyb4,1,2,"{""epochs"": 15, ""lr"": 0.0025827602618748806, ""weight_decay"": 0.0011998547750404788, ""batch_size"": 256, ""dropout"": 0.2, ""static_h"": 128, ""rnn_h"": 64, ""cw_power"": 0.5}",35.29707955689829,0.07478779116121664,7.795939273373248,75.57905337361531
program,hyb4,1,3,"{""epochs"": 25, ""lr"": 0.0018123497025868904, ""weight_decay"": 0.0004884603732308433, ""batch_size"": 128, ""dropout"": 0.3, ""static_h"": 128, ""rnn_h"": 128, ""cw_power"": 0.0}",41.389728096676734,0.058427371928656956,6.344865799606988,79.35548841893252
program,hyb4,1,4,"{""epochs"": 40, ""lr"": 0.0009059672025452453, ""weight_decay"": 0.00036512675072492777, ""batch_size"": 128, ""dropout"": 0.2, ""static_h"": 256, ""rnn_h"": 128, ""cw_power"": 0.5}",37.05941591137966,0.06965050585452365,7.188679649103744,78.19738167170192
program,hyb4,1,5,"{""epochs"": 40, ""lr"": 0.0006841631736214719, ""weight_decay"": 0.023937889096812444, ""batch_size"": 256, ""dropout"": 0.3, ""static_h"": 256, ""rnn_h"": 128, ""cw_power"": 0.0}",40.93655589123867,0.056921593163048505,6.171157005556018,79.05337361530715
program,hyb4,1,6,"{""epochs"": 25, ""lr"": 0.0010715754474374623, ""weight_decay"": 0.004726630004715784, ""batch_size"": 128, ""dropout"": 0.3, ""static_h"": 256, ""rnn_h"": 32, ""cw_power"": 0.0}",40.433031218529706,0.05534135274303094,6.027258061051181,79.05337361530715
program,hyb4,1,7,"{""epochs"": 40, ""lr"": 0.000991244875395869, ""weight_decay"": 0.029216815074671276, ""batch_size"": 256, ""dropout"": 0.1, ""static_h"": 256, ""rnn_h"": 64, ""cw_power"": 0.0}",36.85800604229607,0.06379167215021708,6.455659150015309,76.23363544813697
program,proposed,1,0,"{""epochs"": 15, ""lr"": 0.001, ""weight_decay"": 0.01, ""batch_size"": 128, ""dropout"": 0.2, ""static_h"": 128, ""rnn_h"": 64, ""cw_power"": 1.0}",15.760322255790534,0.05489775056763937,10.740175945530824,51.963746223564954
program,proposed,1,1,"{""epochs"": 15, ""lr"": 0.002349385070243438, ""weight_decay"": 0.0021438922830304182, ""batch_size"": 256, ""dropout"": 0.1, ""static_h"": 256, ""rnn_h"": 64, ""cw_power"": 1.0}",20.090634441087612,0.056877347032917816,8.140555522944416,59.16414904330313
program,proposed,1,2,"{""epochs"": 40, ""lr"": 0.0003224900048987953, ""weight_decay"": 0.005066150567292886, ""batch_size"": 128, ""dropout"": 0.2, ""static_h"": 128, ""rnn_h"": 128, ""cw_power"": 0.0}",42.09466263846928,0.0590256478278975,6.427358605746371,79.50654582074522
program,proposed,1,3,"{""epochs"": 25, ""lr"": 0.0009246910932727538, ""weight_decay"": 0.00011861552371349484, ""batch_size"": 128, ""dropout"": 0.5, ""static_h"": 256, ""rnn_h"": 64, ""cw_power"": 1.0}",17.32124874118832,0.05441148147094656,10.304026669593982,52.215508559919435
program,proposed,1,4,"{""epochs"": 40, ""lr"": 0.002416705011413315, ""weight_decay"": 0.00033037601903499467, ""batch_size"": 64, ""dropout"": 0.5, ""static_h"": 128, ""rnn_h"": 32, ""cw_power"": 1.0}",22.104733131923464,0.05986317236704044,10.040127443661863,60.825780463242694
program,proposed,1,5,"{""epochs"": 40, ""lr"": 0.0010555334613282072, ""weight_decay"": 0.004215071779182107, ""batch_size"": 256, ""dropout"": 0.5, ""static_h"": 64, ""rnn_h"": 64, ""cw_power"": 1.0}",9.566968781470292,0.047560124605782635,13.593507090998749,39.67774420946626
program,proposed,1,6,"{""epochs"": 40, ""lr"": 0.0011242501609811566, ""weight_decay"": 0.00011002155489254163, ""batch_size"": 256, ""dropout"": 0.5, ""static_h"": 64, ""rnn_h"": 128, ""cw_power"": 0.5}",38.56998992950655,0.0845330071046539,9.324845526679553,77.59315206445116
program,proposed,1,7,"{""epochs"": 40, ""lr"": 0.0013079571132985403, ""weight_decay"": 0.0014267715119528326, ""batch_size"": 64, ""dropout"": 0.5, ""static_h"": 128, ""rnn_h"": 64, ""cw_power"": 0.5}",38.56998992950655,0.06328868189253442,7.779389954226633,77.49244712990937
program,hyb5,1,0,"{""epochs"": 15, ""lr"": 0.001, ""weight_decay"": 0.01, ""batch_size"": 128, ""dropout"": 0.2, ""static_h"": 128, ""rnn_h"": 64, ""cw_power"": 1.0}",14.249748237663646,0.05965113394128507,11.900621567126962,51.107754279959714
program,hyb5,1,1,"{""epochs"": 15, ""lr"": 0.00038083825905158556, ""weight_decay"": 0.0008932524416182386, ""batch_size"": 64, ""dropout"": 0.1, ""static_h"": 256, ""rnn_h"": 32, ""cw_power"": 0.0}",41.389728096676734,0.0625216912689306,6.576226943067533,78.4491440080564
program,hyb5,1,2,"{""epochs"": 15, ""lr"": 0.0027515062396320914, ""weight_decay"": 0.0201597345367818, ""batch_size"": 64, ""dropout"": 0.5, ""static_h"": 64, ""rnn_h"": 32, ""cw_power"": 0.5}",40.28197381671702,0.06679821123605677,7.734628176369786,76.48539778449144
program,hyb5,1,3,"{""epochs"": 40, ""lr"": 0.0011580639818032866, ""weight_decay"": 0.0038498835352855578, ""batch_size"": 128, ""dropout"": 0.1, ""static_h"": 256, ""rnn_h"": 128, ""cw_power"": 0.5}",32.62839879154079,0.07606563850551479,7.700630094421322,75.62940584088619
program,hyb5,1,4,"{""epochs"": 25, ""lr"": 0.0003687256014948641, ""weight_decay"": 0.00987675121912027, ""batch_size"": 64, ""dropout"": 0.1, ""static_h"": 64, ""rnn_h"": 128, ""cw_power"": 1.0}",18.982880161127895,0.06257183086214221,9.275186871847005,54.78348439073515
program,hyb5,1,5,"{""epochs"": 15, ""lr"": 0.0011914357371843804, ""weight_decay"": 0.0002612539789814381, ""batch_size"": 256, ""dropout"": 0.5, ""static_h"": 128, ""rnn_h"": 128, ""cw_power"": 0.5}",35.95166163141994,0.07374009012512545,7.797746021408071,76.13293051359517
program,hyb5,1,6,"{""epochs"": 25, ""lr"": 0.0011658424301190951, ""weight_decay"": 0.0003644383778363392, ""batch_size"": 256, ""dropout"": 0.1, ""static_h"": 256, ""rnn_h"": 64, ""cw_power"": 0.5}",37.41188318227593,0.06501946927696753,7.020484780869326,76.53575025176234
program,hyb5,1,7,"{""epochs"": 25, ""lr"": 0.000332334480767549, ""weight_decay"": 0.00032104853899468487, ""batch_size"": 256, ""dropout"": 0.1, ""static_h"": 64, ""rnn_h"": 128, ""cw_power"": 0.0}",43.55488418932528,0.05176471630126398,6.115666175445638,81.2688821752266
program,hyb6,1,0,"{""epochs"": 15, ""lr"": 0.001, ""weight_decay"": 0.01, ""batch_size"": 128, ""dropout"": 0.2, ""static_h"": 128, ""rnn_h"": 64, ""cw_power"": 1.0}",12.94058408862034,0.051402404943173254,12.084750034474867,46.12286002014099
program,hyb6,1,1,"{""epochs"": 40, ""lr"": 0.0015131933476384772, ""weight_decay"": 0.0001585588844219064, ""batch_size"": 128, ""dropout"": 0.2, ""static_h"": 256, ""rnn_h"": 128, ""cw_power"": 0.5}",34.79355488418933,0.0761281193864662,8.228455768224135,74.97482376636455
program,hyb6,1,2,"{""epochs"": 15, ""lr"": 0.002202738536470837, ""weight_decay"": 0.007015839579183938, ""batch_size"": 256, ""dropout"": 0.5, ""static_h"": 256, ""rnn_h"": 128, ""cw_power"": 1.0}",9.566968781470292,0.0410578275459112,9.221951980625969,39.02316213494461
program,hyb6,1,3,"{""epochs"": 40, ""lr"": 0.0007598893766402104, ""weight_decay"": 0.0062466166470156285, ""batch_size"": 64, ""dropout"": 0.1, ""static_h"": 256, ""rnn_h"": 32, ""cw_power"": 0.5}",33.131923464249745,0.07176676527215027,7.64469668456214,75.37764350453172
program,hyb6,1,4,"{""epochs"": 25, ""lr"": 0.0008556829831159001, ""weight_decay"": 0.020661470469212524, ""batch_size"": 64, ""dropout"": 0.1, ""static_h"": 64, ""rnn_h"": 64, ""cw_power"": 1.0}",23.615307150050352,0.07400277092048153,11.14792768545531,61.278952668680766
program,hyb6,1,5,"{""epochs"": 15, ""lr"": 0.00041759352851977467, ""weight_decay"": 0.007118302176669343, ""batch_size"": 64, ""dropout"": 0.5, ""static_h"": 256, ""rnn_h"": 32, ""cw_power"": 0.5}",39.37562940584088,0.07284881968888236,7.4053744029636865,77.89526686807655
program,hyb6,1,6,"{""epochs"": 40, ""lr"": 0.0006373407683783124, ""weight_decay"": 0.0006842656420004456, ""batch_size"": 256, ""dropout"": 0.2, ""static_h"": 64, ""rnn_h"": 64, ""cw_power"": 0.5}",34.69284994964753,0.08630132217373764,10.237951945811574,75.42799597180262
program,hyb6,1,7,"{""epochs"": 40, ""lr"": 0.0003525374017928336, ""weight_decay"": 0.009747085804524575, ""batch_size"": 64, ""dropout"": 0.5, ""static_h"": 64, ""rnn_h"": 128, ""cw_power"": 1.0}",16.61631419939577,0.05574678485679526,13.297263555478365,50.0
program,hyb7,1,0,"{""epochs"": 15, ""lr"": 0.001, ""weight_decay"": 0.01, ""batch_size"": 128, ""dropout"": 0.2, ""static_h"": 128, ""rnn_h"": 64, ""cw_power"": 1.0}",13.444108761329304,0.04894876862963058,8.817187820267476,48.086606243705944
program,hyb7,1,1,"{""epochs"": 15, ""lr"": 0.0013996866784498805, ""weight_decay"": 0.001591773318227456, ""batch_size"": 128, ""dropout"": 0.2, ""static_h"": 64, ""rnn_h"": 32, ""cw_power"": 1.0}",11.278952668680766,0.04636569702208228,12.00114134929566,45.06545820745217
program,hyb7,1,2,"{""epochs"": 25, ""lr"": 0.0024892715529477635, ""weight_decay"": 0.09819203746290482, ""batch_size"": 64, ""dropout"": 0.1, ""static_h"": 64, ""rnn_h"": 64, ""cw_power"": 0.0}",40.83585095669688,0.06426940019320335,6.729810189664614,78.3484390735146
program,hyb7,1,3,"{""epochs"": 25, ""lr"": 0.0003828888333780469, ""weight_decay"": 0.0003612756215707149, ""batch_size"": 256, ""dropout"": 0.5, ""static_h"": 256, ""rnn_h"": 128, ""cw_power"": 0.5}",39.577039274924466,0.07369472571076223,7.545625483278953,79.00302114803625
program,hyb7,1,4,"{""epochs"": 40, ""lr"": 0.000845378991508884, ""weight_decay"": 0.06502713089125949, ""batch_size"": 128, ""dropout"": 0.3, ""static_h"": 256, ""rnn_h"": 64, ""cw_power"": 0.0}",40.03021148036254,0.0692646615515728,6.992556837162679,78.49949647532729
program,hyb7,1,5,"{""epochs"": 15, ""lr"": 0.0017066701625727734, ""weight_decay"": 0.0018202387059629785, ""batch_size"": 128, ""dropout"": 0.3, ""static_h"": 128, ""rnn_h"": 64, ""cw_power"": 0.5}",33.88721047331319,0.07075021569029602,9.42936079572647,73.46424974823766
program,hyb7,1,6,"{""epochs"": 40, ""lr"": 0.0014317306278454841, ""weight_decay"": 0.025829580448683727, ""batch_size"": 64, ""dropout"": 0.3, ""static_h"": 256, ""rnn_h"": 64, ""cw_power"": 0.0}",40.130916414904334,0.06099208071195193,6.419429836089092,78.3484390735146
program,hyb7,1,7,"{""epochs"": 15, ""lr"": 0.0007305112754532671, ""weight_decay"": 0.00046109099328099363, ""batch_size"": 256, ""dropout"": 0.1, ""static_h"": 64, ""rnn_h"": 32, ""cw_power"": 0.5}",36.40483383685801,0.06816096244073114,7.389148864324659,75.07552870090635
program,static_mlp,2,0,"{""epochs"": 15, ""lr"": 0.001, ""weight_decay"": 0.01, ""batch_size"": 128, ""dropout"": 0.2, ""static_h"": 128, ""rnn_h"": 64, ""cw_power"": 1.0}",14.954682779456194,0.05412309669375776,9.242292055607306,50.55387713997986
program,static_mlp,2,1,"{""epochs"": 25, ""lr"": 0.00032542424961970045, ""weight_decay"": 0.00022148509060126472, ""batch_size"": 128, ""dropout"": 0.2, ""static_h"": 64, ""rnn_h"": 64, ""cw_power"": 0.0}",43.85699899295065,0.048479707259957226,5.942145378684662,81.41993957703929
program,static_mlp,2,2,"{""epochs"": 40, ""lr"": 0.0009950859778666747, ""weight_decay"": 0.07749421198896692, ""batch_size"": 64, ""dropout"": 0.3, ""static_h"": 128, ""rnn_h"": 32, ""cw_power"": 1.0}",22.70896273917422,0.05572608013642575,6.85931647131359,67.27089627391743
program,static_mlp,2,3,"{""epochs"": 25, ""lr"": 0.0006721035434020237, ""weight_decay"": 0.043219189293725625, ""batch_size"": 64, ""dropout"": 0.3, ""static_h"": 64, ""rnn_h"": 128, ""cw_power"": 1.0}",14.098690835850958,0.0524827237344507,9.298161913739975,51.309164149043305
program,static_mlp,2,4,"{""epochs"": 25, ""lr"": 0.0006671749435895194, ""weight_decay"": 0.001281836325893491, ""batch_size"": 128, ""dropout"": 0.5, ""static_h"": 64, ""rnn_h"": 64, ""cw_power"": 0.5}",39.12386706948641,0.0615249984761144,6.456024043639619,78.95266868076536
program,static_mlp,2,5,"{""epochs"": 40, ""lr"": 0.0031560689219950525, ""weight_decay"": 0.012581080767199769, ""batch_size"": 256, ""dropout"": 0.2, ""static_h"": 128, ""rnn_h"": 64, ""cw_power"": 0.0}",37.814702920443096,0.060187482221379054,6.257113323642824,78.3484390735146
program,static_mlp,2,6,"{""epochs"": 25, ""lr"": 0.00037014722673590553, ""weight_decay"": 0.0007171145134958099, ""batch_size"": 256, ""dropout"": 0.3, ""static_h"": 256, ""rnn_h"": 128, ""cw_power"": 0.5}",37.91540785498489,0.06943549880638332,7.62936159459007,76.78751258811681
program,static_mlp,2,7,"{""epochs"": 40, ""lr"": 0.003085002860918391, ""weight_decay"": 0.0010833359616763947, ""batch_size"": 64, ""dropout"": 0.3, ""static_h"": 128, ""rnn_h"": 64, ""cw_power"": 0.5}",36.15307150050352,0.06125867499737586,6.633903154436278,76.9385699899295
program,lstm,2,0,"{""epochs"": 15, ""lr"": 0.001, ""weight_decay"": 0.01, ""batch_size"": 128, ""dropout"": 0.2, ""static_h"": 128, ""rnn_h"": 64, ""cw_power"": 1.0}",3.927492447129909,0.023365081071497863,12.429856277503436,22.608257804632427
program,lstm,2,1,"{""epochs"": 15, ""lr"": 0.001828497390192915, ""weight_decay"": 0.00045841977194054496, ""batch_size"": 128, ""dropout"": 0.1, ""static_h"": 64, ""rnn_h"": 64, ""cw_power"": 0.5}",40.483383685800604,0.052177686798533206,5.979080216610536,78.04632426988923
program,lstm,2,2,"{""epochs"": 15, ""lr"": 0.0003851032017465509, ""weight_decay"": 0.00027247039625172146, ""batch_size"": 128, ""dropout"": 0.2, ""static_h"": 256, ""rnn_h"": 64, ""cw_power"": 1.0}",7.452165156092648,0.02966482739566416,11.425353849488854,39.828801611278955
program,lstm,2,3,"{""epochs"": 25, ""lr"": 0.002386971769637578, ""weight_decay"": 0.020473517581090644, ""batch_size"": 256, ""dropout"": 0.2, ""static_h"": 128, ""rnn_h"": 32, ""cw_power"": 1.0}",4.028197381671702,0.021278162712232984,10.36469406400506,14.904330312185296
program,lstm,2,4,"{""epochs"": 15, ""lr"": 0.0008858038159424948, ""weight_decay"": 0.0781457712776895, ""batch_size"": 128, ""dropout"": 0.5, ""static_h"": 256, ""rnn_h"": 32, ""cw_power"": 0.5}",40.181268882175225,0.05187632487000504,6.346189050398668,78.95266868076536
program,lstm,2,5,"{""epochs"": 40, ""lr"": 0.0003309479350159732, ""weight_decay"": 0.0002397603745371098, ""batch_size"": 128, ""dropout"": 0.3, ""static_h"": 256, ""rnn_h"": 64, ""cw_power"": 0.0}",42.84994964753273,0.03449018460460108,5.315544686383591,79.90936555891238
program,lstm,2,6,"{""epochs"": 15, ""lr"": 0.0005781494700786561, ""weight_decay"": 0.01961893248738483, ""batch_size"": 128, ""dropout"": 0.2, ""static_h"": 64, ""rnn_h"": 64, ""cw_power"": 0.5}",40.433031218529706,0.05230659366569903,6.220872967916071,78.3484390735146
program,lstm,2,7,"{""epochs"": 15, ""lr"": 0.0005152991578245676, ""weight_decay"": 0.00014516033391725997, ""batch_size"": 256, ""dropout"": 0.1, ""static_h"": 128, ""rnn_h"": 64, ""cw_power"": 1.0}",5.790533736153072,0.026269447594795173,11.061110803663562,27.99597180261833
program,hyb1,2,0,"{""epochs"": 15, ""lr"": 0.001, ""weight_decay"": 0.01, ""batch_size"": 128, ""dropout"": 0.2, ""static_h"": 128, ""rnn_h"": 64, ""cw_power"": 1.0}",16.2134944612286,0.059809410151168155,11.712369423246317,51.86304128902316
program,hyb1,2,1,"{""epochs"": 40, ""lr"": 0.0006500648648726123, ""weight_decay"": 0.001385618338803228, ""batch_size"": 256, ""dropout"": 0.5, ""static_h"": 64, ""rnn_h"": 64, ""cw_power"": 0.0}",43.80664652567976,0.04968195993316773,5.986276567925482,82.3766364551863
program,hyb1,2,2,"{""epochs"": 15, ""lr"": 0.00039443006113707053, ""weight_decay"": 0.00023419561338443458, ""batch_size"": 64, ""dropout"": 0.2, ""static_h"": 128, ""rnn_h"": 128, ""cw_power"": 0.0}",42.69889224572004,0.05264310780945078,6.061802589570957,81.47029204431017
program,hyb1,2,3,"{""epochs"": 40, ""lr"": 0.0027208658940939415, ""weight_decay"": 0.00010417691346137196, ""batch_size"": 64, ""dropout"": 0.2, ""static_h"": 128, ""rnn_h"": 128, ""cw_power"": 1.0}",21.852970795568982,0.07515148933849491,9.691031559919457,66.26384692849949
program,hyb1,2,4,"{""epochs"": 40, ""lr"": 0.000953362372351996, ""weight_decay"": 0.0016840196189774653, ""batch_size"": 256, ""dropout"": 0.5, ""static_h"": 64, ""rnn_h"": 32, ""cw_power"": 0.0}",43.051359516616316,0.0492314575144601,5.915770662559063,81.82275931520645
program,hyb1,2,5,"{""epochs"": 15, ""lr"": 0.001628658454617639, ""weight_decay"": 0.0001741902401726334, ""batch_size"": 256, ""dropout"": 0.1, ""static_h"": 64, ""rnn_h"": 32, ""cw_power"": 0.5}",37.66364551863041,0.07626978723709875,8.639969439058607,77.34138972809667
program,hyb1,2,6,"{""epochs"": 40, ""lr"": 0.0012908906361530996, ""weight_decay"": 0.0005559009834358665, ""batch_size"": 64, ""dropout"": 0.1, ""static_h"": 128, ""rnn_h"": 128, ""cw_power"": 1.0}",29.40584088620342,0.07749415348471995,10.126476833320082,70.1913393756294
program,hyb1,2,7,"{""epochs"": 40, ""lr"": 0.00207845976188066, ""weight_decay"": 0.008588432149116795, ""batch_size"": 128, ""dropout"": 0.5, ""static_h"": 256, ""rnn_h"": 128, ""cw_power"": 0.0}",41.08761329305136,0.059528196126722784,6.353527238614896,80.36253776435045
program,hyb2,2,0,"{""epochs"": 15, ""lr"": 0.001, ""weight_decay"": 0.01, ""batch_size"": 128, ""dropout"": 0.2, ""static_h"": 128, ""rnn_h"": 64, ""cw_power"": 1.0}",14.04833836858006,0.05732752642904489,14.012213245710534,46.52567975830816
program,hyb2,2,1,"{""epochs"": 15, ""lr"": 0.00033024428462498134, ""weight_decay"": 0.0013919165736447493, ""batch_size"": 64, ""dropout"": 0.2, ""static_h"": 64, ""rnn_h"": 128, ""cw_power"": 0.0}",42.95065458207452,0.048951706577802186,5.929779001375059,81.97381671701913
program,hyb2,2,2,"{""epochs"": 25, ""lr"": 0.0018022867085525584, ""weight_decay"": 0.00029004095500390813, ""batch_size"": 256, ""dropout"": 0.2, ""static_h"": 128, ""rnn_h"": 64, ""cw_power"": 0.5}",32.98086606243706,0.07327619857838397,7.665778361125531,75.27693856998992
program,hyb2,2,3,"{""epochs"": 15, ""lr"": 0.0004242392948124294, ""weight_decay"": 0.011949504427419865, ""batch_size"": 256, ""dropout"": 0.2, ""static_h"": 128, ""rnn_h"": 128, ""cw_power"": 0.0}",43.65558912386707,0.05326964612166138,6.244922542276203,82.57804632426989
program,hyb2,2,4,"{""epochs"": 40, ""lr"": 0.0006713478032737454, ""weight_decay"": 0.012465141326726856, ""batch_size"": 64, ""dropout"": 0.1, ""static_h"": 256, ""rnn_h"": 32, ""cw_power"": 1.0}",27.69385699899295,0.06246203622379759,7.5853905354247475,70.39274924471299
program,hyb2,2,5,"{""epochs"": 25, ""lr"": 0.0013496336528752166, ""weight_decay"": 0.001906839969878549, ""batch_size"": 256, ""dropout"": 0.1, ""static_h"": 64, ""rnn_h"": 128, ""cw_power"": 1.0}",18.982880161127895,0.07838083347190172,14.546603865364869,56.24370594159114
program,hyb2,2,6,"{""epochs"": 40, ""lr"": 0.0017583100685789857, ""weight_decay"": 0.00015628696317451527, ""batch_size"": 64, ""dropout"": 0.1, ""static_h"": 256, ""rnn_h"": 128, ""cw_power"": 0.0}",37.512588116817724,0.05865542852552936,6.125041298561013,75.88116817724068
program,hyb2,2,7,"{""epochs"": 15, ""lr"": 0.0011236019115778337, ""weight_decay"": 0.042934431880782976, ""batch_size"": 256, ""dropout"": 0.1, ""static_h"": 128, ""rnn_h"": 64, ""cw_power"": 0.5}",39.67774420946626,0.0803197027355036,8.298152733127633,77.49244712990937
program,hyb3,2,0,"{""epochs"": 15, ""lr"": 0.001, ""weight_decay"": 0.01, ""batch_size"": 128, ""dropout"": 0.2, ""static_h"": 128, ""rnn_h"": 64, ""cw_power"": 1.0}",14.451158106747231,0.0552019130938021,13.59882753734032,47.93554884189326
program,hyb3,2,1,"{""epochs"": 25, ""lr"": 0.00038671200408929406, ""weight_decay"": 0.024029258400649386, ""batch_size"": 64, ""dropout"": 0.2, ""static_h"": 64, ""rnn_h"": 128, ""cw_power"": 1.0}",17.069486404833835,0.0672453854752641,11.79742947897809,50.90634441087614
program,hyb3,2,2,"{""epochs"": 15, ""lr"": 0.00034022901518101253, ""weight_decay"": 0.00943565364910915, ""batch_size"": 128, ""dropout"": 0.3, ""static_h"": 256, ""rnn_h"": 32, ""cw_power"": 1.0}",9.86908358509567,0.04882560990542778,10.004780221489078,34.29003021148036
program,hyb3,2,3,"{""epochs"": 15, ""lr"": 0.0006023062434308489, ""weight_decay"": 0.05115277947416214, ""batch_size"": 256, ""dropout"": 0.5, ""static_h"": 128, ""rnn_h"": 32, ""cw_power"": 1.0}",10.574018126888216,0.04514548685028619,12.435394216452597,30.31218529707956
program,hyb3,2,4,"{""epochs"": 15, ""lr"": 0.0008120731003286662, ""weight_decay"": 0.025564274870643246, ""batch_size"": 256, ""dropout"": 0.3, ""static_h"": 128, ""rnn_h"": 32, ""cw_power"": 0.0}",42.95065458207452,0.05108623267749161,6.074219336349299,81.87311178247734
program,hyb3,2,5,"{""epochs"": 25, ""lr"": 0.0016986006290560605, ""weight_decay"": 0.003549924082782143, ""batch_size"": 128, ""dropout"": 0.1, ""static_h"": 128, ""rnn_h"": 128, ""cw_power"": 0.5}",33.28298086606244,0.08576571481416245,8.734739397110767,74.77341389728097
program,hyb3,2,6,"{""epochs"": 15, ""lr"": 0.0005353410438729435, ""weight_decay"": 0.00011447033429799339, ""batch_size"": 128, ""dropout"": 0.1, ""static_h"": 64, ""rnn_h"": 32, ""cw_power"": 1.0}",12.487411883182276,0.05553623475726472,19.726707832634546,39.47633434038268
program,hyb3,2,7,"{""epochs"": 25, ""lr"": 0.0020954208972909466, ""weight_decay"": 0.00015222553150907137, ""batch_size"": 64, ""dropout"": 0.5, ""static_h"": 64, ""rnn_h"": 64, ""cw_power"": 0.0}",42.69889224572004,0.0466385406409276,5.759801932864637,81.97381671701913
program,hyb4,2,0,"{""epochs"": 15, ""lr"": 0.001, ""weight_decay"": 0.01, ""batch_size"": 128, ""dropout"": 0.2, ""static_h"": 128, ""rnn_h"": 64, ""cw_power"": 1.0}",13.746223564954683,0.06484340129155665,12.085035082666193,47.98590130916415
program,hyb4,2,1,"{""epochs"": 40, ""lr"": 0.0010634101662240958, ""weight_decay"": 0.0014192226144134701, ""batch_size"": 128, ""dropout"": 0.5, ""static_h"": 128, ""rnn_h"": 64, ""cw_power"": 0.5}",36.75730110775428,0.08096148552600801,7.934854089467238,78.04632426988923
program,hyb4,2,2,"{""epochs"": 15, ""lr"": 0.0019476855974184743, ""weight_decay"": 0.012977384773194642, ""batch_size"": 128, ""dropout"": 0.3, ""static_h"": 64, ""rnn_h"": 64, ""cw_power"": 1.0}",9.164149043303121,0.045141968637874424,11.091431467112345,38.721047331319234
program,hyb4,2,3,"{""epochs"": 15, ""lr"": 0.0006498706687687566, ""weight_decay"": 0.001540605427409133, ""batch_size"": 256, ""dropout"": 0.5, ""static_h"": 64, ""rnn_h"": 128, ""cw_power"": 1.0}",6.696878147029205,0.030399860915452444,7.262340664804867,29.40584088620342
program,hyb4,2,4,"{""epochs"": 40, ""lr"": 0.001853264199656665, ""weight_decay"": 0.00014863580790255366, ""batch_size"": 128, ""dropout"": 0.5, ""static_h"": 256, ""rnn_h"": 128, ""cw_power"": 0.0}",41.79254783484391,0.052865983915686185,6.01967795948688,80.81570996978851
program,hyb4,2,5,"{""epochs"": 25, ""lr"": 0.001443922206084391, ""weight_decay"": 0.02457478006898021, ""batch_size"": 128, ""dropout"": 0.2, ""static_h"": 128, ""rnn_h"": 128, ""cw_power"": 0.5}",35.54884189325277,0.10197222503093704,9.616727356899487,77.1399798590131
program,hyb4,2,6,"{""epochs"": 25, ""lr"": 0.0011233774308752453, ""weight_decay"": 0.0004869706130706448, ""batch_size"": 128, ""dropout"": 0.3, ""static_h"": 64, ""rnn_h"": 128, ""cw_power"": 0.5}",35.34743202416919,0.10004808051908941,10.943724031540876,74.06847935548842
program,hyb4,2,7,"{""epochs"": 15, ""lr"": 0.0007431860187183788, ""weight_decay"": 0.0009564895436617543, ""batch_size"": 128, ""dropout"": 0.1, ""static_h"": 128, ""rnn_h"": 64, ""cw_power"": 1.0}",16.012084592145015,0.06281537526521608,10.87819198107097,49.244712990936556
program,proposed,2,0,"{""epochs"": 15, ""lr"": 0.001, ""weight_decay"": 0.01, ""batch_size"": 128, ""dropout"": 0.2, ""static_h"": 128, ""rnn_h"": 64, ""cw_power"": 1.0}",15.609264853977844,0.05573980442474266,12.57501665799396,48.992950654582074
program,proposed,2,1,"{""epochs"": 15, ""lr"": 0.0007358253103116767, ""weight_decay"": 0.00800319150124718, ""batch_size"": 256, ""dropout"": 0.1, ""static_h"": 256, ""rnn_h"": 32, ""cw_power"": 1.0}",15.458207452165157,0.05918820670133081,11.591862402432145,49.59718026183283
program,proposed,2,2,"{""epochs"": 15, ""lr"": 0.002486754420997452, ""weight_decay"": 0.00017140046924792184, ""batch_size"": 256, ""dropout"": 0.2, ""static_h"": 256, ""rnn_h"": 128, ""cw_power"": 0.5}",38.56998992950655,0.06835299432900531,7.07290705659354,78.85196374622356
program,proposed,2,3,"{""epochs"": 40, ""lr"": 0.003082835770793123, ""weight_decay"": 0.04510406463138904, ""batch_size"": 64, ""dropout"": 0.2, ""static_h"": 128, ""rnn_h"": 128, ""cw_power"": 0.5}",37.05941591137966,0.08615818636429762,8.58062727663097,75.12588116817724
program,proposed,2,4,"{""epochs"": 40, ""lr"": 0.0013080782161547253, ""weight_decay"": 0.018125435549111266, ""batch_size"": 64, ""dropout"": 0.5, ""static_h"": 256, ""rnn_h"": 32, ""cw_power"": 0.5}",38.62034239677744,0.09411542907658657,8.5540366476324,78.3987915407855
program,proposed,2,5,"{""epochs"": 25, ""lr"": 0.00314615363615542, ""weight_decay"": 0.004599261389223695, ""batch_size"": 64, ""dropout"": 0.1, ""static_h"": 128, ""rnn_h"": 128, ""cw_power"": 0.5}",32.02416918429003,0.10323671261543081,11.247999719153563,73.36354481369587
program,proposed,2,6,"{""epochs"": 15, ""lr"": 0.0005568487407790381, ""weight_decay"": 0.050955108253122265, ""batch_size"": 128, ""dropout"": 0.1, ""static_h"": 256, ""rnn_h"": 128, ""cw_power"": 1.0}",17.623363544813696,0.06426493108115806,12.658193316032651,54.73313192346425
program,proposed,2,7,"{""epochs"": 25, ""lr"": 0.000341466477651759, ""weight_decay"": 0.08951070672736001, ""batch_size"": 256, ""dropout"": 0.3, ""static_h"": 128, ""rnn_h"": 128, ""cw_power"": 0.5}",38.21752265861027,0.08117609028524225,8.035014890526922,77.89526686807655
program,hyb5,2,0,"{""epochs"": 15, ""lr"": 0.001, ""weight_decay"": 0.01, ""batch_size"": 128, ""dropout"": 0.2, ""static_h"": 128, ""rnn_h"": 64, ""cw_power"": 1.0}",14.04833836858006,0.05561787753656542,11.115184468714979,47.83484390735146
program,hyb5,2,1,"{""epochs"": 25, ""lr"": 0.0027659160734955445, ""weight_decay"": 0.002362075019701972, ""batch_size"": 64, ""dropout"": 0.3, ""static_h"": 256, ""rnn_h"": 128, ""cw_power"": 1.0}",16.314199395770395,0.054037156419667796,8.688283823939273,56.49546827794561
program,hyb5,2,2,"{""epochs"": 15, ""lr"": 0.002662821380128557, ""weight_decay"": 0.02483041693859044, ""batch_size"": 64, ""dropout"": 0.5, ""static_h"": 64, ""rnn_h"": 128, ""cw_power"": 0.0}",43.3031218529708,0.045084405045453045,5.7261869297437356,82.527693856999
program,hyb5,2,3,"{""epochs"": 25, ""lr"": 0.00042194501163866715, ""weight_decay"": 0.012620992107575897, ""batch_size"": 64, ""dropout"": 0.3, ""static_h"": 64, ""rnn_h"": 32, ""cw_power"": 0.0}",42.799597180261834,0.05409828001752491,6.156813791897368,81.82275931520645
program,hyb5,2,4,"{""epochs"": 40, ""lr"": 0.0015572808191652479, ""weight_decay"": 0.0001321598941146572, ""batch_size"": 64, ""dropout"": 0.5, ""static_h"": 64, ""rnn_h"": 64, ""cw_power"": 0.0}",42.497482376636455,0.049410684863480256,5.853518524868045,81.82275931520645
program,hyb5,2,5,"{""epochs"": 15, ""lr"": 0.0005516719697178427, ""weight_decay"": 0.01201506955449296, ""batch_size"": 64, ""dropout"": 0.5, ""static_h"": 64, ""rnn_h"": 128, ""cw_power"": 0.5}",39.87915407854985,0.08109967680882102,7.902919948229475,80.56394763343404
program,hyb5,2,6,"{""epochs"": 25, ""lr"": 0.0005686746669954892, ""weight_decay"": 0.08213561183416937, ""batch_size"": 64, ""dropout"": 0.5, ""static_h"": 128, ""rnn_h"": 32, ""cw_power"": 0.5}",38.670694864048336,0.07686382542960149,7.584071739226649,78.80161127895266
program,hyb5,2,7,"{""epochs"": 15, ""lr"": 0.002336062297979411, ""weight_decay"": 0.06284908723679321, ""batch_size"": 256, ""dropout"": 0.2, ""static_h"": 256, ""rnn_h"": 64, ""cw_power"": 0.5}",37.26082578046324,0.07988822085678984,7.980338913743465,79.15407854984893
program,hyb6,2,0,"{""epochs"": 15, ""lr"": 0.001, ""weight_decay"": 0.01, ""batch_size"": 128, ""dropout"": 0.2, ""static_h"": 128, ""rnn_h"": 64, ""cw_power"": 1.0}",14.350453172205437,0.05499930478233085,13.257501362583687,50.20140986908358
program,hyb6,2,1,"{""epochs"": 25, ""lr"": 0.0008903086350910859, ""weight_decay"": 0.004692718583696687, ""batch_size"": 128, ""dropout"": 0.3, ""static_h"": 64, ""rnn_h"": 64, ""cw_power"": 1.0}",15.307150050352467,0.06411559248484033,14.318975232613282,45.51863041289023
program,hyb6,2,2,"{""epochs"": 40, ""lr"": 0.0003585760102637512, ""weight_decay"": 0.002945043275152467, ""batch_size"": 256, ""dropout"": 0.1, ""static_h"": 64, ""rnn_h"": 32, ""cw_power"": 0.0}",42.39677744209466,0.058077956480769174,6.300750505573452,81.36958710976839
program,hyb6,2,3,"{""epochs"": 40, ""lr"": 0.001988109989308084, ""weight_decay"": 0.06746482262205379, ""batch_size"": 256, ""dropout"": 0.1, ""static_h"": 256, ""rnn_h"": 64, ""cw_power"": 0.0}",35.0956696878147,0.06377360874965445,6.483502695002516,75.88116817724068
program,hyb6,2,4,"{""epochs"": 40, ""lr"": 0.0008033457879176863, ""weight_decay"": 0.058026033371567344, ""batch_size"": 64, ""dropout"": 0.5, ""static_h"": 64, ""rnn_h"": 128, ""cw_power"": 0.5}",39.67774420946626,0.06993318488351605,7.633156858153278,79.65760322255791
program,hyb6,2,5,"{""epochs"": 25, ""lr"": 0.0003494910611858497, ""weight_decay"": 0.005910162849661896, ""batch_size"": 64, ""dropout"": 0.5, ""static_h"": 64, ""rnn_h"": 64, ""cw_power"": 0.5}",40.5337361530715,0.07072010210631682,7.346280349385477,79.50654582074522
program,hyb6,2,6,"{""epochs"": 15, ""lr"": 0.000465145345176436, ""weight_decay"": 0.0031211539840204534, ""batch_size"": 256, ""dropout"": 0.3, ""static_h"": 64, ""rnn_h"": 64, ""cw_power"": 1.0}",10.120845921450151,0.045016150777545755,10.648284099280165,32.72910372608258
program,hyb6,2,7,"{""epochs"": 25, ""lr"": 0.0006078449009335398, ""weight_decay"": 0.0042153010764559365, ""batch_size"": 64, ""dropout"": 0.3, ""static_h"": 128, ""rnn_h"": 32, ""cw_power"": 0.0}",42.296072507552864,0.06094987190941604,6.494031685199304,81.52064451158107
program,hyb7,2,0,"{""epochs"": 15, ""lr"": 0.001, ""weight_decay"": 0.01, ""batch_size"": 128, ""dropout"": 0.2, ""static_h"": 128, ""rnn_h"": 64, ""cw_power"": 1.0}",14.04833836858006,0.04842678501293953,8.598034120597065,48.5901309164149
program,hyb7,2,1,"{""epochs"": 40, ""lr"": 0.0007055237796669829, ""weight_decay"": 0.00027551190354280697, ""batch_size"": 256, ""dropout"": 0.5, ""static_h"": 128, ""rnn_h"": 32, ""cw_power"": 0.0}",44.10876132930513,0.0500863326367175,6.026967979911004,82.02416918429003
program,hyb7,2,2,"{""epochs"": 25, ""lr"": 0.0029144992588792636, ""weight_decay"": 0.00037681922766110007, ""batch_size"": 64, ""dropout"": 0.5, ""static_h"": 256, ""rnn_h"": 64, ""cw_power"": 0.0}",42.296072507552864,0.04966401678736642,5.860121524330523,81.77240684793556
program,hyb7,2,3,"{""epochs"": 15, ""lr"": 0.0003250062703373729, ""weight_decay"": 0.006079823413822503, ""batch_size"": 256, ""dropout"": 0.5, ""static_h"": 256, ""rnn_h"": 64, ""cw_power"": 0.5}",39.2245720040282,0.06191715423900897,6.579758392703256,79.15407854984893
program,hyb7,2,4,"{""epochs"": 25, ""lr"": 0.0022174268668803316, ""weight_decay"": 0.05256835897659758, ""batch_size"": 128, ""dropout"": 0.2, ""static_h"": 128, ""rnn_h"": 64, ""cw_power"": 0.5}",36.002014098690836,0.08298290215807623,8.437284473963324,76.58610271903324
program,hyb7,2,5,"{""epochs"": 25, ""lr"": 0.00048356371488254303, ""weight_decay"": 0.00018589332886457245, ""batch_size"": 64, ""dropout"": 0.3, ""static_h"": 128, ""rnn_h"": 32, ""cw_power"": 0.0}",41.943605236656595,0.05603397455243647,6.201468760009067,81.92346424974824
program,hyb7,2,6,"{""epochs"": 40, ""lr"": 0.001057332235174012, ""weight_decay"": 0.034656232917471136, ""batch_size"": 256, ""dropout"": 0.5, ""static_h"": 128, ""rnn_h"": 64, ""cw_power"": 0.0}",44.20946626384693,0.04828668540340913,5.965489609240952,81.77240684793556
program,hyb7,2,7,"{""epochs"": 40, ""lr"": 0.0009818056431873492, ""weight_decay"": 0.022386861603716477, ""batch_size"": 64, ""dropout"": 0.2, ""static_h"": 64, ""rnn_h"": 64, ""cw_power"": 1.0}",23.36354481369587,0.07422531219554304,9.36749451410204,64.60221550855992
program,static_mlp,3,0,"{""epochs"": 15, ""lr"": 0.001, ""weight_decay"": 0.01, ""batch_size"": 128, ""dropout"": 0.2, ""static_h"": 128, ""rnn_h"": 64, ""cw_power"": 1.0}",11.329305135951662,0.049829358719380844,14.506608284013392,47.18026183282981
program,static_mlp,3,1,"{""epochs"": 40, ""lr"": 0.001148148820826181, ""weight_decay"": 0.007980858458554558, ""batch_size"": 256, ""dropout"": 0.2, ""static_h"": 256, ""rnn_h"": 128, ""cw_power"": 0.0}",39.72809667673716,0.05629947794099428,6.03136011365029,78.85196374622356
program,static_mlp,3,2,"{""epochs"": 15, ""lr"": 0.0010890803864977885, ""weight_decay"": 0.0006464276383544015, ""batch_size"": 128, ""dropout"": 0.5, ""static_h"": 256, ""rnn_h"": 128, ""cw_power"": 0.5}",37.46223564954683,0.07586092879831034,7.819443028694032,78.04632426988923
program,static_mlp,3,3,"{""epochs"": 25, ""lr"": 0.000691029435087325, ""weight_decay"": 0.0011828082043038083, ""batch_size"": 128, ""dropout"": 0.2, ""static_h"": 64, ""rnn_h"": 32, ""cw_power"": 0.5}",33.88721047331319,0.08413206898981981,8.878926364701318,74.01812688821752
program,static_mlp,3,4,"{""epochs"": 40, ""lr"": 0.0008338215670024104, ""weight_decay"": 0.0015579303890977396, ""batch_size"": 64, ""dropout"": 0.3, ""static_h"": 128, ""rnn_h"": 32, ""cw_power"": 0.5}",36.102719033232624,0.07362862455194066,8.345206172615388,75.47834843907351
program,static_mlp,3,5,"{""epochs"": 15, ""lr"": 0.0009901903478033085, ""weight_decay"": 0.08723425263323854, ""batch_size"": 128, ""dropout"": 0.2, ""static_h"": 256, ""rnn_h"": 64, ""cw_power"": 0.0}",41.037260825780464,0.0582412814331402,6.26955487581765,80.16112789526687
program,static_mlp,3,6,"{""epochs"": 25, ""lr"": 0.0009434758723506254, ""weight_decay"": 0.0008580818586234861, ""batch_size"": 128, ""dropout"": 0.5, ""static_h"": 64, ""rnn_h"": 32, ""cw_power"": 1.0}",9.06344410876133,0.037509549032200426,8.901793618272823,42.84994964753273
program,static_mlp,3,7,"{""epochs"": 40, ""lr"": 0.0011864643648259573, ""weight_decay"": 0.06061788178360261, ""batch_size"": 64, ""dropout"": 0.5, ""static_h"": 64, ""rnn_h"": 32, ""cw_power"": 0.0}",44.36052366565962,0.048931858213311176,5.996085631056725,82.12487411883183
program,lstm,3,0,"{""epochs"": 15, ""lr"": 0.001, ""weight_decay"": 0.01, ""batch_size"": 128, ""dropout"": 0.2, ""static_h"": 128, ""rnn_h"": 64, ""cw_power"": 1.0}",2.8700906344410875,0.019147564743258308,9.607016602291065,21.802618328298088
program,lstm,3,1,"{""epochs"": 25, ""lr"": 0.0014536158643064065, ""weight_decay"": 0.02972015684023925, ""batch_size"": 64, ""dropout"": 0.5, ""static_h"": 128, ""rnn_h"": 128, ""cw_power"": 1.0}",9.264853977844915,0.03371112592200557,9.00138065062747,32.07452165156093
program,lstm,3,2,"{""epochs"": 25, ""lr"": 0.0006683257025000836, ""weight_decay"": 0.008536603187995729, ""batch_size"": 128, ""dropout"": 0.2, ""static_h"": 64, ""rnn_h"": 128, ""cw_power"": 0.0}",42.59818731117825,0.040277254351318584,5.4765014203395745,80.31218529707955
program,lstm,3,3,"{""epochs"": 40, ""lr"": 0.002379860926505125, ""weight_decay"": 0.0054867874137499465, ""batch_size"": 128, ""dropout"": 0.3, ""static_h"": 256, ""rnn_h"": 64, ""cw_power"": 1.0}",4.078549848942599,0.024184415314585525,13.600046748779555,24.269889224572
program,lstm,3,4,"{""epochs"": 15, ""lr"": 0.0004033631903530616, ""weight_decay"": 0.001459606812717812, ""batch_size"": 256, ""dropout"": 0.5, ""static_h"": 256, ""rnn_h"": 64, ""cw_power"": 0.5}",38.721047331319234,0.041944644396333906,6.15058682388477,79.40584088620342
program,lstm,3,5,"{""epochs"": 25, ""lr"": 0.000532510164071765, ""weight_decay"": 0.0001424582731581405, ""batch_size"": 64, ""dropout"": 0.2, ""static_h"": 128, ""rnn_h"": 128, ""cw_power"": 1.0}",10.976837865055387,0.0371075155652703,11.668656547621053,33.18227593152064
program,lstm,3,6,"{""epochs"": 25, ""lr"": 0.0004222369019901721, ""weight_decay"": 0.00011119741378276333, ""batch_size"": 64, ""dropout"": 0.5, ""static_h"": 256, ""rnn_h"": 64, ""cw_power"": 1.0}",11.329305135951662,0.037273201170216264,10.413536786435508,37.00906344410876
program,lstm,3,7,"{""epochs"": 15, ""lr"": 0.001970584920309234, ""weight_decay"": 0.0012840099570376178, ""batch_size"": 128, ""dropout"": 0.5, ""static_h"": 128, ""rnn_h"": 128, ""cw_power"": 0.0}",42.44712990936556,0.04323885329930733,5.564074575302007,80.61430010070494
program,hyb1,3,0,"{""epochs"": 15, ""lr"": 0.001, ""weight_decay"": 0.01, ""batch_size"": 128, ""dropout"": 0.2, ""static_h"": 128, ""rnn_h"": 64, ""cw_power"": 1.0}",15.81067472306143,0.05550490332772923,15.265618625095692,50.0503524672709
program,hyb1,3,1,"{""epochs"": 25, ""lr"": 0.0006575709489612891, ""weight_decay"": 0.003677021084542638, ""batch_size"": 256, ""dropout"": 0.1, ""static_h"": 64, ""rnn_h"": 128, ""cw_power"": 1.0}",14.8539778449144,0.04979952165871036,15.910836940711864,47.02920443101712
program,hyb1,3,2,"{""epochs"": 15, ""lr"": 0.0010275691581300137, ""weight_decay"": 0.001523394950211076, ""batch_size"": 256, ""dropout"": 0.5, ""static_h"": 64, ""rnn_h"": 128, ""cw_power"": 1.0}",4.380664652567976,0.023940760269717604,14.358750301942802,26.233635448136962
program,hyb1,3,3,"{""epochs"": 40, ""lr"": 0.0008238336317337119, ""weight_decay"": 0.001943874738151797, ""batch_size"": 128, ""dropout"": 0.3, ""static_h"": 256, ""rnn_h"": 64, ""cw_power"": 1.0}",21.802618328298088,0.07163599763474922,14.854526908667342,60.775427995971796
program,hyb1,3,4,"{""epochs"": 15, ""lr"": 0.0012449985906273235, ""weight_decay"": 0.003986972141611934, ""batch_size"": 256, ""dropout"": 0.3, ""static_h"": 128, ""rnn_h"": 128, ""cw_power"": 0.0}",42.245720040281974,0.0651485428048972,6.811472610007739,81.52064451158107
program,hyb1,3,5,"{""epochs"": 40, ""lr"": 0.0008446296396094994, ""weight_decay"": 0.000924855973028693, ""batch_size"": 256, ""dropout"": 0.5, ""static_h"": 64, ""rnn_h"": 64, ""cw_power"": 1.0}",11.178247734138973,0.04143376752127808,15.103044579665328,43.80664652567976
program,hyb1,3,6,"{""epochs"": 25, ""lr"": 0.0009431881585967192, ""weight_decay"": 0.00012933617309926848, ""batch_size"": 64, ""dropout"": 0.1, ""static_h"": 64, ""rnn_h"": 64, ""cw_power"": 0.0}",40.6344410876133,0.0716814477195842,7.321675153568536,79.30513595166163
program,hyb1,3,7,"{""epochs"": 15, ""lr"": 0.00040486716871246484, ""weight_decay"": 0.0026488856042940863, ""batch_size"": 64, ""dropout"": 0.1, ""static_h"": 64, ""rnn_h"": 128, ""cw_power"": 0.0}",43.50453172205438,0.06329963086758646,6.729868588740557,82.17522658610272
program,hyb2,3,0,"{""epochs"": 15, ""lr"": 0.001, ""weight_decay"": 0.01, ""batch_size"": 128, ""dropout"": 0.2, ""static_h"": 128, ""rnn_h"": 64, ""cw_power"": 1.0}",17.270896273917423,0.06021743034740933,18.420872789821697,50.0503524672709
program,hyb2,3,1,"{""epochs"": 25, ""lr"": 0.002574738199157457, ""weight_decay"": 0.0003331964037470595, ""batch_size"": 128, ""dropout"": 0.5, ""static_h"": 128, ""rnn_h"": 128, ""cw_power"": 0.0}",44.813695871097686,0.06188106552628886,6.770128769292813,81.62134944612286
program,hyb2,3,2,"{""epochs"": 25, ""lr"": 0.0003821906763143887, ""weight_decay"": 0.09119032111992426, ""batch_size"": 128, ""dropout"": 0.2, ""static_h"": 64, ""rnn_h"": 128, ""cw_power"": 0.0}",43.75629405840886,0.06560039497223194,6.945126117248064,82.4773413897281
program,hyb2,3,3,"{""epochs"": 25, ""lr"": 0.0014415015052909584, ""weight_decay"": 0.003547106103076788, ""batch_size"": 128, ""dropout"": 0.2, ""static_h"": 256, ""rnn_h"": 32, ""cw_power"": 0.5}",34.13897280966767,0.08827319682747721,9.644028671220862,74.37059415911381
program,hyb2,3,4,"{""epochs"": 15, ""lr"": 0.001217256113982098, ""weight_decay"": 0.00805849241443454, ""batch_size"": 256, ""dropout"": 0.3, ""static_h"": 64, ""rnn_h"": 64, ""cw_power"": 0.5}",38.16717019133938,0.06827167706333756,7.61412252681368,77.19033232628398
program,hyb2,3,5,"{""epochs"": 25, ""lr"": 0.0003665193300732933, ""weight_decay"": 0.005744396313648285, ""batch_size"": 256, ""dropout"": 0.5, ""static_h"": 128, ""rnn_h"": 32, ""cw_power"": 0.0}",44.76334340382679,0.048668262154719824,6.031746752396685,82.17522658610272
program,hyb2,3,6,"{""epochs"": 25, ""lr"": 0.0014055880120055805, ""weight_decay"": 0.028142606648322202, ""batch_size"": 64, ""dropout"": 0.3, ""static_h"": 64, ""rnn_h"": 32, ""cw_power"": 1.0}",17.270896273917423,0.05147334393452587,7.9082677889651105,52.92044310171199
program,hyb2,3,7,"{""epochs"": 40, ""lr"": 0.00037149826047728427, ""weight_decay"": 0.054909484004835286, ""batch_size"": 128, ""dropout"": 0.5, ""static_h"": 256, ""rnn_h"": 64, ""cw_power"": 1.0}",16.817724068479357,0.06289494016149214,18.89899421519102,49.244712990936556
program,hyb3,3,0,"{""epochs"": 15, ""lr"": 0.001, ""weight_decay"": 0.01, ""batch_size"": 128, ""dropout"": 0.2, ""static_h"": 128, ""rnn_h"": 64, ""cw_power"": 1.0}",18.12688821752266,0.06084038846261511,12.123246428357893,51.611278952668684
program,hyb3,3,1,"{""epochs"": 25, ""lr"": 0.002633882967299394, ""weight_decay"": 0.003961719637979849, ""batch_size"": 128, ""dropout"": 0.1, ""static_h"": 256, ""rnn_h"": 32, ""cw_power"": 0.0}",35.95166163141994,0.06933380771843907,7.164050098048554,76.23363544813697
program,hyb3,3,2,"{""epochs"": 40, ""lr"": 0.001324971638532941, ""weight_decay"": 0.0031668371401091405, ""batch_size"": 64, ""dropout"": 0.3, ""static_h"": 256, ""rnn_h"": 64, ""cw_power"": 0.5}",38.26787512588117,0.07028305758546724,7.199671631217776,78.54984894259819
program,hyb3,3,3,"{""epochs"": 15, ""lr"": 0.0007065955887931349, ""weight_decay"": 0.0003979572117284801, ""batch_size"": 64, ""dropout"": 0.2, ""static_h"": 128, ""rnn_h"": 64, ""cw_power"": 0.0}",43.101711983887206,0.06590403682525856,6.912568604376693,80.86606243705941
program,hyb3,3,4,"{""epochs"": 40, ""lr"": 0.0017203986930475646, ""weight_decay"": 0.0009264592124710653, ""batch_size"": 256, ""dropout"": 0.2, ""static_h"": 256, ""rnn_h"": 32, ""cw_power"": 0.0}",40.130916414904334,0.06936540477728052,7.028064884162822,78.95266868076536
program,hyb3,3,5,"{""epochs"": 25, ""lr"": 0.0016638860317559354, ""weight_decay"": 0.002804379137037306, ""batch_size"": 64, ""dropout"": 0.1, ""static_h"": 128, ""rnn_h"": 32, ""cw_power"": 1.0}",21.19838872104733,0.06333069688885337,8.720838011378476,61.98388721047331
program,hyb3,3,6,"{""epochs"": 40, ""lr"": 0.0007926654285742563, ""weight_decay"": 0.0008017777646164833, ""batch_size"": 128, ""dropout"": 0.2, ""static_h"": 64, ""rnn_h"": 64, ""cw_power"": 1.0}",21.6515609264854,0.061305678202837006,14.69494018966567,62.2860020140987
program,hyb3,3,7,"{""epochs"": 40, ""lr"": 0.0011090198347880897, ""weight_decay"": 0.003302641288540692, ""batch_size"": 256, ""dropout"": 0.2, ""static_h"": 256, ""rnn_h"": 32, ""cw_power"": 0.5}",37.61329305135951,0.08670823799901956,8.671889279034428,78.24773413897282
program,hyb4,3,0,"{""epochs"": 15, ""lr"": 0.001, ""weight_decay"": 0.01, ""batch_size"": 128, ""dropout"": 0.2, ""static_h"": 128, ""rnn_h"": 64, ""cw_power"": 1.0}",13.141993957703926,0.053278385678166874,10.726556861396086,45.26686807653575
program,hyb4,3,1,"{""epochs"": 40, ""lr"": 0.0009970319952776966, ""weight_decay"": 0.000522555456690189, ""batch_size"": 128, ""dropout"": 0.2, ""static_h"": 128, ""rnn_h"": 64, ""cw_power"": 0.5}",37.31117824773414,0.0790675790982029,8.654913301262877,76.78751258811681
program,hyb4,3,2,"{""epochs"": 40, ""lr"": 0.0023775682144392654, ""weight_decay"": 0.0004286881673426183, ""batch_size"": 128, ""dropout"": 0.1, ""static_h"": 256, ""rnn_h"": 128, ""cw_power"": 0.0}",36.20342396777442,0.06669506752126021,6.806870666870592,74.26988922457201
program,hyb4,3,3,"{""epochs"": 15, ""lr"": 0.0014991512799657587, ""weight_decay"": 0.012845126807414651, ""batch_size"": 256, ""dropout"": 0.2, ""static_h"": 64, ""rnn_h"": 64, ""cw_power"": 0.0}",42.95065458207452,0.06440617519293775,6.88015957546707,80.11077542799597
program,hyb4,3,4,"{""epochs"": 15, ""lr"": 0.0022595338683919475, ""weight_decay"": 0.007476226813134224, ""batch_size"": 64, ""dropout"": 0.1, ""static_h"": 64, ""rnn_h"": 32, ""cw_power"": 0.5}",34.13897280966767,0.07787291073502327,10.610458085920257,74.01812688821752
program,hyb4,3,5,"{""epochs"": 40, ""lr"": 0.0003599234106240444, ""weight_decay"": 0.0034392489394260008, ""batch_size"": 64, ""dropout"": 0.5, ""static_h"": 128, ""rnn_h"": 64, ""cw_power"": 1.0}",18.731117824773413,0.06247359557014909,12.39132674211454,54.884189325276935
program,hyb4,3,6,"{""epochs"": 25, ""lr"": 0.001628461492961537, ""weight_decay"": 0.0029131907008188283, ""batch_size"": 128, ""dropout"": 0.1, ""static_h"": 64, ""rnn_h"": 128, ""cw_power"": 0.5}",31.62134944612286,0.08390328227416528,15.150591924544807,70.89627391742196
program,hyb4,3,7,"{""epochs"": 40, ""lr"": 0.002156707425438742, ""weight_decay"": 0.0007264603874537418, ""batch_size"": 64, ""dropout"": 0.2, ""static_h"": 128, ""rnn_h"": 64, ""cw_power"": 1.0}",23.816717019133936,0.0602723345239963,9.836177895052996,63.695871097683785
program,proposed,3,0,"{""epochs"": 15, ""lr"": 0.001, ""weight_decay"": 0.01, ""batch_size"": 128, ""dropout"": 0.2, ""static_h"": 128, ""rnn_h"": 64, ""cw_power"": 1.0}",16.2134944612286,0.05972630112481048,15.585654411444239,50.100704934541795
program,proposed,3,1,"{""epochs"": 40, ""lr"": 0.0021738451893552925, ""weight_decay"": 0.0004390812122161191, ""batch_size"": 256, ""dropout"": 0.5, ""static_h"": 256, ""rnn_h"": 64, ""cw_power"": 1.0}",15.96173212487412,0.044438151525025095,15.038849397232843,54.68277945619335
program,proposed,3,2,"{""epochs"": 25, ""lr"": 0.0014792288270714844, ""weight_decay"": 0.001349668528571211, ""batch_size"": 128, ""dropout"": 0.3, ""static_h"": 128, ""rnn_h"": 64, ""cw_power"": 0.5}",31.268882175226587,0.08487153378928494,13.381167362354871,73.0110775427996
program,proposed,3,3,"{""epochs"": 25, ""lr"": 0.0003916939550321835, ""weight_decay"": 0.02797664039428389, ""batch_size"": 64, ""dropout"": 0.3, ""static_h"": 256, ""rnn_h"": 128, ""cw_power"": 0.0}",42.44712990936556,0.07238290560280938,7.3608292993219555,80.36253776435045
program,proposed,3,4,"{""epochs"": 25, ""lr"": 0.0021005751565456505, ""weight_decay"": 0.033999253069145, ""batch_size"": 128, ""dropout"": 0.5, ""static_h"": 64, ""rnn_h"": 128, ""cw_power"": 1.0}",9.264853977844915,0.04125204136745001,18.128052766281396,40.78549848942598
program,proposed,3,5,"{""epochs"": 40, ""lr"": 0.0023112347535621815, ""weight_decay"": 0.0010245806907628995, ""batch_size"": 256, ""dropout"": 0.2, ""static_h"": 256, ""rnn_h"": 64, ""cw_power"": 0.5}",37.41188318227593,0.0720205616219603,7.322327438743229,78.85196374622356
program,proposed,3,6,"{""epochs"": 25, ""lr"": 0.00043978612102040345, ""weight_decay"": 0.0005459340240775404, ""batch_size"": 128, ""dropout"": 0.1, ""static_h"": 128, ""rnn_h"": 32, ""cw_power"": 0.0}",39.77844914400806,0.07038058128032847,7.126663701827769,79.15407854984893
program,proposed,3,7,"{""epochs"": 25, ""lr"": 0.0005180533296666967, ""weight_decay"": 0.0005723222815995885, ""batch_size"": 64, ""dropout"": 0.1, ""static_h"": 128, ""rnn_h"": 64, ""cw_power"": 0.5}",36.656596173212485,0.10594140025198673,14.016519253631445,76.28398791540786
program,hyb5,3,0,"{""epochs"": 15, ""lr"": 0.001, ""weight_decay"": 0.01, ""batch_size"": 128, ""dropout"": 0.2, ""static_h"": 128, ""rnn_h"": 64, ""cw_power"": 1.0}",16.1631419939577,0.0590601479199344,16.552442135031246,49.49647532729104
program,hyb5,3,1,"{""epochs"": 25, ""lr"": 0.0007242772690420144, ""weight_decay"": 0.00018704334507268044, ""batch_size"": 64, ""dropout"": 0.3, ""static_h"": 256, ""rnn_h"": 32, ""cw_power"": 0.0}",40.98690835850957,0.0709561901401295,7.211555403120844,79.35548841893252
program,hyb5,3,2,"{""epochs"": 40, ""lr"": 0.000545538724470743, ""weight_decay"": 0.03986811588569191, ""batch_size"": 128, ""dropout"": 0.5, ""static_h"": 64, ""rnn_h"": 32, ""cw_power"": 0.0}",45.115810674723065,0.05560306085676645,6.4429074897018905,82.527693856999
program,hyb5,3,3,"{""epochs"": 15, ""lr"": 0.00041490510057255877, ""weight_decay"": 0.0005000732682436006, ""batch_size"": 128, ""dropout"": 0.2, ""static_h"": 256, ""rnn_h"": 128, ""cw_power"": 0.0}",43.202416918429,0.06480677079957403,6.873956893141366,81.1178247734139
program,hyb5,3,4,"{""epochs"": 25, ""lr"": 0.0003591392611305208, ""weight_decay"": 0.0026788463308600866, ""batch_size"": 256, ""dropout"": 0.3, ""static_h"": 128, ""rnn_h"": 128, ""cw_power"": 0.0}",44.15911379657603,0.05605075312274665,6.379225844954728,82.3766364551863
program,hyb5,3,5,"{""epochs"": 15, ""lr"": 0.000381028709002103, ""weight_decay"": 0.0004209480065916704, ""batch_size"": 256, ""dropout"": 0.5, ""static_h"": 64, ""rnn_h"": 64, ""cw_power"": 0.0}",44.41087613293052,0.0484638447820777,6.014618908672667,82.57804632426989
program,hyb5,3,6,"{""epochs"": 40, ""lr"": 0.00041281204574302035, ""weight_decay"": 0.0013460516594229143, ""batch_size"": 64, ""dropout"": 0.1, ""static_h"": 256, ""rnn_h"": 128, ""cw_power"": 0.5}",35.04531722054381,0.06623650268507819,7.166026077969557,76.78751258811681
program,hyb5,3,7,"{""epochs"": 15, ""lr"": 0.0031458320770558165, ""weight_decay"": 0.043443100265977, ""batch_size"": 64, ""dropout"": 0.2, ""static_h"": 64, ""rnn_h"": 128, ""cw_power"": 1.0}",15.055387713997986,0.0536848948558097,15.742558388001553,52.92044310171199
program,hyb6,3,0,"{""epochs"": 15, ""lr"": 0.001, ""weight_decay"": 0.01, ""batch_size"": 128, ""dropout"": 0.2, ""static_h"": 128, ""rnn_h"": 64, ""cw_power"": 1.0}",16.61631419939577,0.05716008272533739,16.465218236624168,49.59718026183283
program,hyb6,3,1,"{""epochs"": 25, ""lr"": 0.0019349103986423036, ""weight_decay"": 0.051311569563527365, ""batch_size"": 256, ""dropout"": 0.2, ""static_h"": 64, ""rnn_h"": 128, ""cw_power"": 1.0}",14.753272910372608,0.049018053894584704,13.972245518720774,50.20140986908358
program,hyb6,3,2,"{""epochs"": 25, ""lr"": 0.0008488790322198055, ""weight_decay"": 0.002986485051766961, ""batch_size"": 64, ""dropout"": 0.5, ""static_h"": 256, ""rnn_h"": 32, ""cw_power"": 0.0}",43.50453172205438,0.06624951937626167,7.022660692757262,81.52064451158107
program,hyb6,3,3,"{""epochs"": 15, ""lr"": 0.0007847539594324614, ""weight_decay"": 0.00022759136624327564, ""batch_size"": 256, ""dropout"": 0.5, ""static_h"": 128, ""rnn_h"": 128, ""cw_power"": 0.0}",45.01510574018127,0.055875987039022294,6.478510918183857,82.72910372608257
program,hyb6,3,4,"{""epochs"": 40, ""lr"": 0.0027968834570999365, ""weight_decay"": 0.07044831747854337, ""batch_size"": 128, ""dropout"": 0.1, ""static_h"": 64, ""rnn_h"": 64, ""cw_power"": 0.0}",40.483383685800604,0.08003955795757411,8.738181039419747,78.24773413897282
program,hyb6,3,5,"{""epochs"": 25, ""lr"": 0.0003986311118067633, ""weight_decay"": 0.011288765774746995, ""batch_size"": 128, ""dropout"": 0.1, ""static_h"": 128, ""rnn_h"": 128, ""cw_power"": 1.0}",16.263846928499497,0.05768366784199497,16.531916784918046,48.892245720040286
program,hyb6,3,6,"{""epochs"": 25, ""lr"": 0.0007262945521803178, ""weight_decay"": 0.0013543644509336494, ""batch_size"": 256, ""dropout"": 0.1, ""static_h"": 256, ""rnn_h"": 64, ""cw_power"": 0.0}",38.922457200402825,0.07186554970850598,7.334915701015619,78.60020140986909
program,hyb6,3,7,"{""epochs"": 25, ""lr"": 0.0009110363257752012, ""weight_decay"": 0.07348731614343647, ""batch_size"": 64, ""dropout"": 0.3, ""static_h"": 256, ""rnn_h"": 64, ""cw_power"": 1.0}",17.673716012084594,0.04704333169828905,7.228493039726859,56.6968781470292
program,hyb7,3,0,"{""epochs"": 15, ""lr"": 0.001, ""weight_decay"": 0.01, ""batch_size"": 128, ""dropout"": 0.2, ""static_h"": 128, ""rnn_h"": 64, ""cw_power"": 1.0}",16.2134944612286,0.05412597025487431,9.740337704540842,49.09365558912387
program,hyb7,3,1,"{""epochs"": 25, ""lr"": 0.0010863414949507939, ""weight_decay"": 0.00023520977669095076, ""batch_size"": 128, ""dropout"": 0.5, ""static_h"": 64, ""rnn_h"": 32, ""cw_power"": 1.0}",15.96173212487412,0.05485387664643955,16.826515981493873,46.022155085599195
program,hyb7,3,2,"{""epochs"": 40, ""lr"": 0.0004186738563887804, ""weight_decay"": 0.0007567354746279872, ""batch_size"": 256, ""dropout"": 0.1, ""static_h"": 256, ""rnn_h"": 64, ""cw_power"": 0.0}",40.93655589123867,0.05947707360562336,6.312446156136504,79.50654582074522
program,hyb7,3,3,"{""epochs"": 15, ""lr"": 0.0015540088162810197, ""weight_decay"": 0.01268485981880896, ""batch_size"": 256, ""dropout"": 0.3, ""static_h"": 64, ""rnn_h"": 128, ""cw_power"": 0.0}",44.41087613293052,0.05667374025713832,6.414542664372465,82.3262839879154
program,hyb7,3,4,"{""epochs"": 15, ""lr"": 0.001075560183088612, ""weight_decay"": 0.00036063543395819825, ""batch_size"": 64, ""dropout"": 0.2, ""static_h"": 256, ""rnn_h"": 64, ""cw_power"": 0.0}",40.5337361530715,0.06856967044155594,6.9813751084864535,79.70795568982881
program,hyb7,3,5,"{""epochs"": 25, ""lr"": 0.0024693890744120622, ""weight_decay"": 0.0014176856771409138, ""batch_size"": 256, ""dropout"": 0.5, ""static_h"": 128, ""rnn_h"": 32, ""cw_power"": 0.0}",44.71299093655589,0.05056958959353931,6.1106266996883924,81.82275931520645
program,hyb7,3,6,"{""epochs"": 15, ""lr"": 0.0023674694684439014, ""weight_decay"": 0.06579085979331065, ""batch_size"": 128, ""dropout"": 0.3, ""static_h"": 64, ""rnn_h"": 128, ""cw_power"": 1.0}",10.876132930513595,0.04151966136601795,18.24119491008779,41.943605236656595
program,hyb7,3,7,"{""epochs"": 15, ""lr"": 0.001344649091576345, ""weight_decay"": 0.03173719561769543, ""batch_size"": 64, ""dropout"": 0.5, ""static_h"": 256, ""rnn_h"": 128, ""cw_power"": 0.0}",44.76334340382679,0.057233925937216684,6.486605805676262,81.82275931520645
program,static_mlp,4,0,"{""epochs"": 15, ""lr"": 0.001, ""weight_decay"": 0.01, ""batch_size"": 128, ""dropout"": 0.2, ""static_h"": 128, ""rnn_h"": 64, ""cw_power"": 1.0}",11.278952668680766,0.04795933003350768,10.967517324984112,47.83484390735146
program,static_mlp,4,1,"{""epochs"": 40, ""lr"": 0.00034546168024043465, ""weight_decay"": 0.0004818597875693807, ""batch_size"": 128, ""dropout"": 0.1, ""static_h"": 256, ""rnn_h"": 64, ""cw_power"": 0.0}",38.418932527693855,0.05601848769766045,5.961051032563562,76.53575025176234
program,static_mlp,4,2,"{""epochs"": 15, ""lr"": 0.0016087281064882102, ""weight_decay"": 0.002198251215962206, ""batch_size"": 128, ""dropout"": 0.2, ""static_h"": 256, ""rnn_h"": 128, ""cw_power"": 0.0}",39.72809667673716,0.05923735167757843,6.405712175670465,78.75125881168177
program,static_mlp,4,3,"{""epochs"": 40, ""lr"": 0.0004542705201776713, ""weight_decay"": 0.0006677202150945266, ""batch_size"": 256, ""dropout"": 0.1, ""static_h"": 64, ""rnn_h"": 64, ""cw_power"": 0.0}",41.69184290030212,0.05435440564846987,6.186886709152819,80.71500503524672
program,static_mlp,4,4,"{""epochs"": 15, ""lr"": 0.0009891434326849103, ""weight_decay"": 0.09838133637545005, ""batch_size"": 256, ""dropout"": 0.3, ""static_h"": 64, ""rnn_h"": 128, ""cw_power"": 1.0}",6.193353474320242,0.03728776743961778,12.844815193357185,31.21852970795569
program,static_mlp,4,5,"{""epochs"": 40, ""lr"": 0.0005868366091991479, ""weight_decay"": 0.04504310869685016, ""batch_size"": 128, ""dropout"": 0.3, ""static_h"": 256, ""rnn_h"": 32, ""cw_power"": 0.5}",35.80060422960725,0.07570239229311963,8.030977313894885,77.1399798590131
program,static_mlp,4,6,"{""epochs"": 40, ""lr"": 0.0003226674053016557, ""weight_decay"": 0.0003553343948796714, ""batch_size"": 64, ""dropout"": 0.5, ""static_h"": 64, ""rnn_h"": 32, ""cw_power"": 0.0}",44.008056394763344,0.04915252066246227,6.052180458149155,80.31218529707955
program,static_mlp,4,7,"{""epochs"": 15, ""lr"": 0.001787293767179162, ""weight_decay"": 0.001647441914653608, ""batch_size"": 256, ""dropout"": 0.1, ""static_h"": 128, ""rnn_h"": 64, ""cw_power"": 0.0}",40.38267875125881,0.057178813447668744,6.240231502611487,80.21148036253777
program,lstm,4,0,"{""epochs"": 15, ""lr"": 0.001, ""weight_decay"": 0.01, ""batch_size"": 128, ""dropout"": 0.2, ""static_h"": 128, ""rnn_h"": 64, ""cw_power"": 1.0}",4.431017119838873,0.023141372114622527,13.857946182340541,22.608257804632427
program,lstm,4,1,"{""epochs"": 25, ""lr"": 0.0011215491723175909, ""weight_decay"": 0.00034631889643654406, ""batch_size"": 128, ""dropout"": 0.3, ""static_h"": 256, ""rnn_h"": 64, ""cw_power"": 0.5}",41.943605236656595,0.06307078288239085,6.6808607753413085,77.54279959718026
program,lstm,4,2,"{""epochs"": 40, ""lr"": 0.0004123523694906664, ""weight_decay"": 0.005534862991265883, ""batch_size"": 128, ""dropout"": 0.3, ""static_h"": 64, ""rnn_h"": 128, ""cw_power"": 0.0}",43.00100704934542,0.039565272044077754,5.498946039048221,79.90936555891238
program,lstm,4,3,"{""epochs"": 15, ""lr"": 0.0009294217088885521, ""weight_decay"": 0.004875829064997154, ""batch_size"": 128, ""dropout"": 0.1, ""static_h"": 128, ""rnn_h"": 128, ""cw_power"": 0.0}",43.152064451158104,0.03712987581552787,5.443629618473508,79.95971802618328
program,lstm,4,4,"{""epochs"": 15, ""lr"": 0.0016148968837596187, ""weight_decay"": 0.0002974026483992762, ""batch_size"": 64, ""dropout"": 0.2, ""static_h"": 256, ""rnn_h"": 128, ""cw_power"": 1.0}",7.603222557905337,0.028632905809435488,8.399767173169922,30.614300100704934
program,lstm,4,5,"{""epochs"": 40, ""lr"": 0.00036702205031102726, ""weight_decay"": 0.00030151629581057096, ""batch_size"": 128, ""dropout"": 0.5, ""static_h"": 256, ""rnn_h"": 128, ""cw_power"": 1.0}",4.279959718026183,0.026213043797240987,13.776998742248853,23.413897280966765
program,lstm,4,6,"{""epochs"": 15, ""lr"": 0.0007150358548495587, ""weight_decay"": 0.0005374684714033851, ""batch_size"": 64, ""dropout"": 0.2, ""static_h"": 64, ""rnn_h"": 128, ""cw_power"": 1.0}",10.52366565961732,0.038195247121719796,13.611149485024937,35.24672708962739
program,lstm,4,7,"{""epochs"": 40, ""lr"": 0.001833192252105295, ""weight_decay"": 0.05459864797870593, ""batch_size"": 64, ""dropout"": 0.1, ""static_h"": 256, ""rnn_h"": 128, ""cw_power"": 1.0}",5.13595166163142,0.028225652761268486,6.857335570696908,29.003021148036257
program,hyb1,4,0,"{""epochs"": 15, ""lr"": 0.001, ""weight_decay"": 0.01, ""batch_size"": 128, ""dropout"": 0.2, ""static_h"": 128, ""rnn_h"": 64, ""cw_power"": 1.0}",17.97583081570997,0.06121020096324928,10.467650112158799,54.229607250755286
program,hyb1,4,1,"{""epochs"": 25, ""lr"": 0.00098289902849372, ""weight_decay"": 0.00015428782088197266, ""batch_size"": 64, ""dropout"": 0.1, ""static_h"": 256, ""rnn_h"": 32, ""cw_power"": 1.0}",30.060422960725074,0.08824235698745388,11.504455020008981,73.61530715005036
program,hyb1,4,2,"{""epochs"": 40, ""lr"": 0.001690378379727125, ""weight_decay"": 0.03588757032566107, ""batch_size"": 64, ""dropout"": 0.2, ""static_h"": 256, ""rnn_h"": 64, ""cw_power"": 0.5}",37.160120845921455,0.08734345701692023,9.028635833148705,77.79456193353475
program,hyb1,4,3,"{""epochs"": 15, ""lr"": 0.0011893518825183455, ""weight_decay"": 0.02353858547798756, ""batch_size"": 128, ""dropout"": 0.3, ""static_h"": 256, ""rnn_h"": 32, ""cw_power"": 0.0}",41.23867069486405,0.06324001525937194,6.698048899040292,80.61430010070494
program,hyb1,4,4,"{""epochs"": 40, ""lr"": 0.001623909654843196, ""weight_decay"": 0.016647510833908006, ""batch_size"": 128, ""dropout"": 0.1, ""static_h"": 64, ""rnn_h"": 32, ""cw_power"": 1.0}",22.406847935548843,0.0717253634541713,10.853266327297266,63.64551863041289
program,hyb1,4,5,"{""epochs"": 40, ""lr"": 0.0007091949136923793, ""weight_decay"": 0.00032182893019688726, ""batch_size"": 256, ""dropout"": 0.1, ""static_h"": 128, ""rnn_h"": 128, ""cw_power"": 0.5}",36.05236656596173,0.08658842735249064,9.375655052039257,77.49244712990937
program,hyb1,4,6,"{""epochs"": 25, ""lr"": 0.0019242946823295982, ""weight_decay"": 0.001040325028578077, ""batch_size"": 64, ""dropout"": 0.5, ""static_h"": 256, ""rnn_h"": 32, ""cw_power"": 0.0}",43.45417925478349,0.055796327037185546,6.324609763812862,80.76535750251762
program,hyb1,4,7,"{""epochs"": 15, ""lr"": 0.000493056748499238, ""weight_decay"": 0.0010748528500844296, ""batch_size"": 64, ""dropout"": 0.3, ""static_h"": 128, ""rnn_h"": 32, ""cw_power"": 0.0}",43.65558912386707,0.05887939528076792,6.545838965053664,81.52064451158107
program,hyb2,4,0,"{""epochs"": 15, ""lr"": 0.001, ""weight_decay"": 0.01, ""batch_size"": 128, ""dropout"": 0.2, ""static_h"": 128, ""rnn_h"": 64, ""cw_power"": 1.0}",18.580060422960727,0.06564657114340933,10.772187258555844,51.963746223564954
program,hyb2,4,1,"{""epochs"": 25, ""lr"": 0.0015844552227951116, ""weight_decay"": 0.005186913647884492, ""batch_size"": 256, ""dropout"": 0.3, ""static_h"": 128, ""rnn_h"": 64, ""cw_power"": 0.0}",43.55488418932528,0.05350752710079884,6.180692830630754,80.71500503524672
program,hyb2,4,2,"{""epochs"": 40, ""lr"": 0.0023819334274946345, ""weight_decay"": 0.04950139402358592, ""batch_size"": 256, ""dropout"": 0.5, ""static_h"": 256, ""rnn_h"": 32, ""cw_power"": 0.5}",38.26787512588117,0.07909216503575597,8.973098803435505,77.49244712990937
program,hyb2,4,3,"{""epochs"": 25, ""lr"": 0.0008425028586497179, ""weight_decay"": 0.0035592172590575588, ""batch_size"": 256, ""dropout"": 0.2, ""static_h"": 128, ""rnn_h"": 128, ""cw_power"": 1.0}",20.795568982880162,0.0643000282470521,11.696284076163284,56.797583081571
program,hyb2,4,4,"{""epochs"": 15, ""lr"": 0.002492794652409897, ""weight_decay"": 0.03822358278975509, ""batch_size"": 128, ""dropout"": 0.1, ""static_h"": 256, ""rnn_h"": 32, ""cw_power"": 1.0}",18.07653575025176,0.06335250863168385,10.955332824308037,56.797583081571
program,hyb2,4,5,"{""epochs"": 25, ""lr"": 0.0005228055213906132, ""weight_decay"": 0.00014441025482348293, ""batch_size"": 256, ""dropout"": 0.5, ""static_h"": 64, ""rnn_h"": 32, ""cw_power"": 0.5}",41.44008056394763,0.0696776544882189,7.1905282182157695,80.91641490433031
program,hyb2,4,6,"{""epochs"": 25, ""lr"": 0.0004449385390058283, ""weight_decay"": 0.0017245696478626605, ""batch_size"": 128, ""dropout"": 0.3, ""static_h"": 256, ""rnn_h"": 128, ""cw_power"": 1.0}",20.241691842900302,0.06578271202928171,10.434038809803349,57.55287009063444
program,hyb2,4,7,"{""epochs"": 25, ""lr"": 0.0023014008555920827, ""weight_decay"": 0.001722207476263025, ""batch_size"": 128, ""dropout"": 0.1, ""static_h"": 64, ""rnn_h"": 128, ""cw_power"": 0.5}",36.656596173212485,0.08561718707068641,10.132806075465282,76.9385699899295
program,hyb3,4,0,"{""epochs"": 15, ""lr"": 0.001, ""weight_decay"": 0.01, ""batch_size"": 128, ""dropout"": 0.2, ""static_h"": 128, ""rnn_h"": 64, ""cw_power"": 1.0}",16.666666666666664,0.05501473209817076,9.66935956722981,53.87713997985901
program,hyb3,4,1,"{""epochs"": 40, ""lr"": 0.000870304356913469, ""weight_decay"": 0.0005302490495490952, ""batch_size"": 64, ""dropout"": 0.2, ""static_h"": 64, ""rnn_h"": 64, ""cw_power"": 0.5}",38.21752265861027,0.07143234517137118,7.112598155018645,76.78751258811681
program,hyb3,4,2,"{""epochs"": 25, ""lr"": 0.0003640204944613279, ""weight_decay"": 0.007044826567297138, ""batch_size"": 128, ""dropout"": 0.5, ""static_h"": 128, ""rnn_h"": 32, ""cw_power"": 0.0}",43.90735146022155,0.0482129263725241,5.970169450612891,81.82275931520645
program,hyb3,4,3,"{""epochs"": 40, ""lr"": 0.0009549101657473422, ""weight_decay"": 0.0696957570486838, ""batch_size"": 64, ""dropout"": 0.3, ""static_h"": 64, ""rnn_h"": 32, ""cw_power"": 0.5}",37.814702920443096,0.09015955926567931,8.950804188991883,77.29103726082577
program,hyb3,4,4,"{""epochs"": 25, ""lr"": 0.0011430569092372028, ""weight_decay"": 0.007728557113589227, ""batch_size"": 128, ""dropout"": 0.1, ""static_h"": 128, ""rnn_h"": 32, ""cw_power"": 1.0}",28.851963746223564,0.07255208377470476,9.268823306554182,68.07653575025176
program,hyb3,4,5,"{""epochs"": 25, ""lr"": 0.0004092016645326534, ""weight_decay"": 0.056552041452904024, ""batch_size"": 128, ""dropout"": 0.2, ""static_h"": 64, ""rnn_h"": 64, ""cw_power"": 0.5}",39.526686807653576,0.08498050526335595,8.967270451440141,78.14702920443102
program,hyb3,4,6,"{""epochs"": 25, ""lr"": 0.0005229721475649745, ""weight_decay"": 0.0070819823291478345, ""batch_size"": 64, ""dropout"": 0.2, ""static_h"": 64, ""rnn_h"": 64, ""cw_power"": 0.0}",43.202416918429,0.05854628113190339,6.440292752060459,80.86606243705941
program,hyb3,4,7,"{""epochs"": 40, ""lr"": 0.0003392350303238783, ""weight_decay"": 0.03208962644281235, ""batch_size"": 64, ""dropout"": 0.2, ""static_h"": 64, ""rnn_h"": 64, ""cw_power"": 1.0}",19.335347432024168,0.0644792042733107,10.177806522274636,56.6968781470292
program,hyb4,4,0,"{""epochs"": 15, ""lr"": 0.001, ""weight_decay"": 0.01, ""batch_size"": 128, ""dropout"": 0.2, ""static_h"": 128, ""rnn_h"": 64, ""cw_power"": 1.0}",14.70292044310171,0.05688383922053066,10.106771393854038,50.0503524672709
program,hyb4,4,1,"{""epochs"": 25, ""lr"": 0.0006011076153676068, ""weight_decay"": 0.0002722272506821156, ""batch_size"": 256, ""dropout"": 0.2, ""static_h"": 64, ""rnn_h"": 32, ""cw_power"": 0.0}",43.75629405840886,0.05119269364908012,6.109226339578547,81.72205438066466
program,hyb4,4,2,"{""epochs"": 25, ""lr"": 0.0017378048888254322, ""weight_decay"": 0.00018019273179844413, ""batch_size"": 64, ""dropout"": 0.5, ""static_h"": 128, ""rnn_h"": 64, ""cw_power"": 0.5}",42.04431017119839,0.06742803223451907,7.921200883157069,78.90231621349446
program,hyb4,4,3,"{""epochs"": 40, ""lr"": 0.0016765688105409126, ""weight_decay"": 0.005859751576606345, ""batch_size"": 64, ""dropout"": 0.3, ""static_h"": 256, ""rnn_h"": 64, ""cw_power"": 0.5}",37.46223564954683,0.07911258773180653,8.703802371091491,78.04632426988923
program,hyb4,4,4,"{""epochs"": 25, ""lr"": 0.00041213529137190685, ""weight_decay"": 0.00013749319881807686, ""batch_size"": 128, ""dropout"": 0.2, ""static_h"": 256, ""rnn_h"": 128, ""cw_power"": 0.5}",39.67774420946626,0.09014593111364486,8.898341690679118,77.29103726082577
program,hyb4,4,5,"{""epochs"": 25, ""lr"": 0.0010201499700678474, ""weight_decay"": 0.0013643526981264222, ""batch_size"": 128, ""dropout"": 0.1, ""static_h"": 64, ""rnn_h"": 128, ""cw_power"": 0.5}",37.61329305135951,0.07742839591889883,8.036742409495726,76.43504531722054
program,hyb4,4,6,"{""epochs"": 25, ""lr"": 0.002392934949016195, ""weight_decay"": 0.039409194789359475, ""batch_size"": 256, ""dropout"": 0.2, ""static_h"": 64, ""rnn_h"": 128, ""cw_power"": 1.0}",18.37865055387714,0.0561795419128155,10.691532122444825,55.84088620342397
program,hyb4,4,7,"{""epochs"": 40, ""lr"": 0.00035292673499929503, ""weight_decay"": 0.013451926565152691, ""batch_size"": 128, ""dropout"": 0.3, ""static_h"": 128, ""rnn_h"": 64, ""cw_power"": 0.0}",43.00100704934542,0.060305012233921394,6.569898738032828,80.91641490433031
program,proposed,4,0,"{""epochs"": 15, ""lr"": 0.001, ""weight_decay"": 0.01, ""batch_size"": 128, ""dropout"": 0.2, ""static_h"": 128, ""rnn_h"": 64, ""cw_power"": 1.0}",14.8539778449144,0.05600467423528507,13.375504649793877,47.230614300100704
program,proposed,4,1,"{""epochs"": 25, ""lr"": 0.0011054055729755945, ""weight_decay"": 0.00019679916931561697, ""batch_size"": 64, ""dropout"": 0.3, ""static_h"": 128, ""rnn_h"": 64, ""cw_power"": 0.0}",41.23867069486405,0.0574806261389846,6.319150059522658,80.01007049345418
program,proposed,4,2,"{""epochs"": 40, ""lr"": 0.0013372595265102854, ""weight_decay"": 0.007061373769372928, ""batch_size"": 128, ""dropout"": 0.5, ""static_h"": 256, ""rnn_h"": 128, ""cw_power"": 0.5}",39.1742195367573,0.08774036973201511,9.67710026118055,77.69385699899296
program,proposed,4,3,"{""epochs"": 25, ""lr"": 0.0004587848787952761, ""weight_decay"": 0.0015101938669131118, ""batch_size"": 128, ""dropout"": 0.2, ""static_h"": 256, ""rnn_h"": 64, ""cw_power"": 1.0}",22.557905337361532,0.06431961662922987,8.624857718346462,60.27190332326284
program,proposed,4,4,"{""epochs"": 40, ""lr"": 0.002152869294721114, ""weight_decay"": 0.00794023784758595, ""batch_size"": 128, ""dropout"": 0.5, ""static_h"": 64, ""rnn_h"": 32, ""cw_power"": 1.0}",11.782477341389729,0.054502041295632624,15.849363236198041,41.64149043303122
program,proposed,4,5,"{""epochs"": 40, ""lr"": 0.0006954981320745962, ""weight_decay"": 0.08001204016890262, ""batch_size"": 256, ""dropout"": 0.2, ""static_h"": 256, ""rnn_h"": 64, ""cw_power"": 1.0}",21.90332326283988,0.06645006695509681,8.714220432778099,60.22155085599194
program,proposed,4,6,"{""epochs"": 15, ""lr"": 0.001457744718859082, ""weight_decay"": 0.005956634936694573, ""batch_size"": 256, ""dropout"": 0.2, ""static_h"": 128, ""rnn_h"": 128, ""cw_power"": 0.0}",43.40382678751259,0.0561191396302498,6.436581214810409,81.67170191339376
program,proposed,4,7,"{""epochs"": 40, ""lr"": 0.0004158661266995062, ""weight_decay"": 0.00013102617960672868, ""batch_size"": 256, ""dropout"": 0.1, ""static_h"": 128, ""rnn_h"": 64, ""cw_power"": 0.0}",40.23162134944612,0.06253785475569373,6.551291723264789,80.06042296072508
program,hyb5,4,0,"{""epochs"": 15, ""lr"": 0.001, ""weight_decay"": 0.01, ""batch_size"": 128, ""dropout"": 0.2, ""static_h"": 128, ""rnn_h"": 64, ""cw_power"": 1.0}",18.68076535750252,0.06607796758202132,14.575933149956724,52.31621349446123
program,hyb5,4,1,"{""epochs"": 25, ""lr"": 0.001323683111708232, ""weight_decay"": 0.0046129054149765935, ""batch_size"": 256, ""dropout"": 0.5, ""static_h"": 128, ""rnn_h"": 64, ""cw_power"": 1.0}",10.8257804632427,0.04110251433573449,11.172061532309682,44.76334340382679
program,hyb5,4,2,"{""epochs"": 40, ""lr"": 0.0010736210248224456, ""weight_decay"": 0.02803589667658846, ""batch_size"": 256, ""dropout"": 0.3, ""static_h"": 128, ""rnn_h"": 128, ""cw_power"": 0.0}",41.74219536757301,0.06419180505857432,6.816193382758246,80.26183282980867
program,hyb5,4,3,"{""epochs"": 40, ""lr"": 0.001977682637228873, ""weight_decay"": 0.06953804169562829, ""batch_size"": 128, ""dropout"": 0.2, ""static_h"": 128, ""rnn_h"": 64, ""cw_power"": 1.0}",22.608257804632427,0.07304041251475164,10.624768782350635,60.87613293051359
program,hyb5,4,4,"{""epochs"": 25, ""lr"": 0.0003463984149314624, ""weight_decay"": 0.0010529696792403681, ""batch_size"": 64, ""dropout"": 0.5, ""static_h"": 128, ""rnn_h"": 64, ""cw_power"": 1.0}",17.573011077542798,0.07194517287412446,16.16234914041303,52.26586102719033
program,hyb5,4,5,"{""epochs"": 15, ""lr"": 0.0005420429920283415, ""weight_decay"": 0.09300259162426511, ""batch_size"": 128, ""dropout"": 0.5, ""static_h"": 256, ""rnn_h"": 32, ""cw_power"": 0.5}",39.87915407854985,0.08976188475946324,10.35046938534243,79.30513595166163
program,hyb5,4,6,"{""epochs"": 25, ""lr"": 0.0013730324103443917, ""weight_decay"": 0.044813999762166754, ""batch_size"": 128, ""dropout"": 0.3, ""static_h"": 128, ""rnn_h"": 32, ""cw_power"": 0.0}",43.202416918429,0.061620475890124,6.615371961726509,79.8590130916415
program,hyb5,4,7,"{""epochs"": 40, ""lr"": 0.0021040946899617847, ""weight_decay"": 0.017745289686205763, ""batch_size"": 64, ""dropout"": 0.2, ""static_h"": 128, ""rnn_h"": 32, ""cw_power"": 0.5}",38.21752265861027,0.08226653674105193,8.496662210831364,77.59315206445116
program,hyb6,4,0,"{""epochs"": 15, ""lr"": 0.001, ""weight_decay"": 0.01, ""batch_size"": 128, ""dropout"": 0.2, ""static_h"": 128, ""rnn_h"": 64, ""cw_power"": 1.0}",17.270896273917423,0.06793254697310931,12.198103231679603,52.87009063444109
program,hyb6,4,1,"{""epochs"": 15, ""lr"": 0.0010344171091788048, ""weight_decay"": 0.00027461862584201544, ""batch_size"": 256, ""dropout"": 0.3, ""static_h"": 256, ""rnn_h"": 128, ""cw_power"": 1.0}",13.494461228600201,0.05424377119736429,14.189016812036265,43.152064451158104
program,hyb6,4,2,"{""epochs"": 40, ""lr"": 0.0006719319624448829, ""weight_decay"": 0.024363128359612213, ""batch_size"": 64, ""dropout"": 0.1, ""static_h"": 128, ""rnn_h"": 64, ""cw_power"": 0.5}",38.01611278952669,0.08264190479049861,8.855820704468533,78.19738167170192
program,hyb6,4,3,"{""epochs"": 15, ""lr"": 0.0027970174979157648, ""weight_decay"": 0.00046975260600892684, ""batch_size"": 256, ""dropout"": 0.1, ""static_h"": 64, ""rnn_h"": 128, ""cw_power"": 1.0}",12.386706948640484,0.04628785524829182,11.41590262190121,50.30211480362537
program,hyb6,4,4,"{""epochs"": 40, ""lr"": 0.0011237485770406485, ""weight_decay"": 0.0006443599247968706, ""batch_size"": 128, ""dropout"": 0.3, ""static_h"": 128, ""rnn_h"": 128, ""cw_power"": 1.0}",16.012084592145015,0.05477053807067206,9.821576538823637,52.87009063444109
program,hyb6,4,5,"{""epochs"": 40, ""lr"": 0.0026152493581826698, ""weight_decay"": 0.031347278878288115, ""batch_size"": 256, ""dropout"": 0.3, ""static_h"": 256, ""rnn_h"": 64, ""cw_power"": 0.0}",39.87915407854985,0.07104939621762915,7.238783844765625,77.54279959718026
program,hyb6,4,6,"{""epochs"": 15, ""lr"": 0.00047346768980022485, ""weight_decay"": 0.009200169569857846, ""batch_size"": 128, ""dropout"": 0.1, ""static_h"": 64, ""rnn_h"": 64, ""cw_power"": 0.5}",38.318227593152066,0.08649766585477396,9.83559407535651,76.18328298086607
program,hyb6,4,7,"{""epochs"": 25, ""lr"": 0.0007341685986747384, ""weight_decay"": 0.026789206706670378, ""batch_size"": 128, ""dropout"": 0.1, ""static_h"": 256, ""rnn_h"": 128, ""cw_power"": 0.5}",38.77139979859013,0.0666940196240697,7.187396313373008,78.14702920443102
program,hyb7,4,0,"{""epochs"": 15, ""lr"": 0.001, ""weight_decay"": 0.01, ""batch_size"": 128, ""dropout"": 0.2, ""static_h"": 128, ""rnn_h"": 64, ""cw_power"": 1.0}",16.36455186304129,0.0644787882885984,14.945362785694128,50.55387713997986
program,hyb7,4,1,"{""epochs"": 40, ""lr"": 0.0022875007974360265, ""weight_decay"": 0.08453212155497063, ""batch_size"": 64, ""dropout"": 0.5, ""static_h"": 256, ""rnn_h"": 64, ""cw_power"": 0.0}",43.605236656596176,0.05768334080415751,6.451383560440463,80.31218529707955
program,hyb7,4,2,"{""epochs"": 15, ""lr"": 0.002180955480244806, ""weight_decay"": 0.00046460826394059316, ""batch_size"": 64, ""dropout"": 0.5, ""static_h"": 64, ""rnn_h"": 64, ""cw_power"": 0.0}",44.96475327291037,0.05018087387758171,6.181337922478138,81.57099697885197
program,hyb7,4,3,"{""epochs"": 25, ""lr"": 0.0007997343547874508, ""weight_decay"": 0.03452207634270953, ""batch_size"": 64, ""dropout"": 0.3, ""static_h"": 128, ""rnn_h"": 32, ""cw_power"": 0.5}",40.23162134944612,0.08328389307554661,8.861479155221108,77.54279959718026
program,hyb7,4,4,"{""epochs"": 40, ""lr"": 0.001428991146674751, ""weight_decay"": 0.04947612216122159, ""batch_size"": 128, ""dropout"": 0.5, ""static_h"": 256, ""rnn_h"": 128, ""cw_power"": 1.0}",14.803625377643503,0.049548222568663834,8.021121329619223,47.83484390735146
program,hyb7,4,5,"{""epochs"": 25, ""lr"": 0.0012033666618478534, ""weight_decay"": 0.07939371547893596, ""batch_size"": 256, ""dropout"": 0.3, ""static_h"": 128, ""rnn_h"": 64, ""cw_power"": 0.0}",43.353474320241695,0.051549433986196234,6.0860090631132024,80.66465256797582
program,hyb7,4,6,"{""epochs"": 15, ""lr"": 0.0007508992113425324, ""weight_decay"": 0.001955745960870472, ""batch_size"": 64, ""dropout"": 0.5, ""static_h"": 256, ""rnn_h"": 128, ""cw_power"": 1.0}",14.70292044310171,0.06346394613649264,12.795256992106577,49.59718026183283
program,hyb7,4,7,"{""epochs"": 15, ""lr"": 0.00045896675511767954, ""weight_decay"": 0.018877843949279292, ""batch_size"": 128, ""dropout"": 0.1, ""static_h"": 128, ""rnn_h"": 128, ""cw_power"": 1.0}",14.19939577039275,0.060903035780431346,11.688546710893073,47.83484390735146
program,static_mlp,5,0,"{""epochs"": 15, ""lr"": 0.001, ""weight_decay"": 0.01, ""batch_size"": 128, ""dropout"": 0.2, ""static_h"": 128, ""rnn_h"": 64, ""cw_power"": 1.0}",13.343403826787512,0.0524287684832635,10.351108671529055,50.100704934541795
program,static_mlp,5,1,"{""epochs"": 40, ""lr"": 0.0006008671098850601, ""weight_decay"": 0.002956864277389644, ""batch_size"": 256, ""dropout"": 0.2, ""static_h"": 64, ""rnn_h"": 32, ""cw_power"": 1.0}",10.322255790533736,0.04497085369000004,9.580891111227421,45.56898288016113
program,static_mlp,5,2,"{""epochs"": 25, ""lr"": 0.0006830813417560385, ""weight_decay"": 0.001164649400834583, ""batch_size"": 64, ""dropout"": 0.2, ""static_h"": 256, ""rnn_h"": 128, ""cw_power"": 1.0}",26.183282980866064,0.07862890303284069,10.049861874700184,69.53675730110776
program,static_mlp,5,3,"{""epochs"": 25, ""lr"": 0.0010942432413650982, ""weight_decay"": 0.00044847225359103364, ""batch_size"": 64, ""dropout"": 0.5, ""static_h"": 128, ""rnn_h"": 128, ""cw_power"": 0.5}",37.814702920443096,0.0676822990344867,7.277763268993824,79.8086606243706
program,static_mlp,5,4,"{""epochs"": 25, ""lr"": 0.0003734377465727659, ""weight_decay"": 0.04502371810502506, ""batch_size"": 64, ""dropout"": 0.5, ""static_h"": 128, ""rnn_h"": 128, ""cw_power"": 0.0}",43.605236656596176,0.0565402452194905,6.533982561091115,81.97381671701913
program,static_mlp,5,5,"{""epochs"": 15, ""lr"": 0.00035340729478301384, ""weight_decay"": 0.0008514375843500655, ""batch_size"": 128, ""dropout"": 0.3, ""static_h"": 128, ""rnn_h"": 128, ""cw_power"": 1.0}",8.50956696878147,0.045016155352915754,13.449583089339063,34.08862034239677
program,static_mlp,5,6,"{""epochs"": 25, ""lr"": 0.001507368521538192, ""weight_decay"": 0.0014588961681114762, ""batch_size"": 64, ""dropout"": 0.5, ""static_h"": 256, ""rnn_h"": 32, ""cw_power"": 0.0}",43.051359516616316,0.07034703056204046,7.216729277911227,80.66465256797582
program,static_mlp,5,7,"{""epochs"": 40, ""lr"": 0.00034118965527348634, ""weight_decay"": 0.00023578521164118173, ""batch_size"": 128, ""dropout"": 0.3, ""static_h"": 128, ""rnn_h"": 64, ""cw_power"": 0.0}",43.051359516616316,0.05696433829687204,6.506213523284798,81.47029204431017
program,lstm,5,0,"{""epochs"": 15, ""lr"": 0.001, ""weight_decay"": 0.01, ""batch_size"": 128, ""dropout"": 0.2, ""static_h"": 128, ""rnn_h"": 64, ""cw_power"": 1.0}",5.53877139979859,0.03051313952172745,10.03390191170102,27.542799597180263
program,lstm,5,1,"{""epochs"": 40, ""lr"": 0.0021099342094086414, ""weight_decay"": 0.006528612653044464, ""batch_size"": 128, ""dropout"": 0.2, ""static_h"": 128, ""rnn_h"": 64, ""cw_power"": 0.5}",41.08761329305136,0.0750203139354969,8.370380009670289,78.4491440080564
program,lstm,5,2,"{""epochs"": 15, ""lr"": 0.00032514275315393646, ""weight_decay"": 0.000225011640838008, ""batch_size"": 256, ""dropout"": 0.5, ""static_h"": 128, ""rnn_h"": 128, ""cw_power"": 1.0}",5.689828801611279,0.030789962361624946,7.614443188038364,20.54380664652568
program,lstm,5,3,"{""epochs"": 40, ""lr"": 0.0017296825992394779, ""weight_decay"": 0.00014972259880780093, ""batch_size"": 64, ""dropout"": 0.2, ""static_h"": 128, ""rnn_h"": 64, ""cw_power"": 0.0}",43.051359516616316,0.03855734528051527,5.698310343844282,79.35548841893252
program,lstm,5,4,"{""epochs"": 40, ""lr"": 0.0009548412722165004, ""weight_decay"": 0.008110000408454866, ""batch_size"": 64, ""dropout"": 0.2, ""static_h"": 128, ""rnn_h"": 32, ""cw_power"": 1.0}",8.207452165156093,0.027872172208658553,7.574680161139716,33.48439073514602
program,lstm,5,5,"{""epochs"": 40, ""lr"": 0.002272041305437297, ""weight_decay"": 0.03721320873433934, ""batch_size"": 64, ""dropout"": 0.2, ""static_h"": 256, ""rnn_h"": 64, ""cw_power"": 0.0}",43.101711983887206,0.0388973074801166,5.725251163472346,79.00302114803625
program,lstm,5,6,"{""epochs"": 40, ""lr"": 0.00035705988412825976, ""weight_decay"": 0.0002952613083459054, ""batch_size"": 256, ""dropout"": 0.2, ""static_h"": 128, ""rnn_h"": 128, ""cw_power"": 0.5}",41.18831822759315,0.05512823522453599,6.4542846698852605,78.90231621349446
program,lstm,5,7,"{""epochs"": 15, ""lr"": 0.0007022767440718029, ""weight_decay"": 0.0016514892157371015, ""batch_size"": 128, ""dropout"": 0.5, ""static_h"": 256, ""rnn_h"": 128, ""cw_power"": 1.0}",5.085599194360524,0.03695870086096216,10.92964692197791,26.636455186304133
program,hyb1,5,0,"{""epochs"": 15, ""lr"": 0.001, ""weight_decay"": 0.01, ""batch_size"": 128, ""dropout"": 0.2, ""static_h"": 128, ""rnn_h"": 64, ""cw_power"": 1.0}",14.551863041289023,0.05357197950719428,10.680555428746711,52.769385699899296
program,hyb1,5,1,"{""epochs"": 40, ""lr"": 0.0008141181309899033, ""weight_decay"": 0.002963321731820455, ""batch_size"": 256, ""dropout"": 0.3, ""static_h"": 256, ""rnn_h"": 128, ""cw_power"": 0.5}",39.42598187311178,0.07737271745161711,8.17343992306863,78.95266868076536
program,hyb1,5,2,"{""epochs"": 15, ""lr"": 0.0014480445118202174, ""weight_decay"": 0.001686638011380009, ""batch_size"": 256, ""dropout"": 0.5, ""static_h"": 64, ""rnn_h"": 64, ""cw_power"": 0.0}",44.96475327291037,0.05195708020573861,6.430804792173128,82.07452165156093
program,hyb1,5,3,"{""epochs"": 25, ""lr"": 0.0016392561088421455, ""weight_decay"": 0.015585169607945674, ""batch_size"": 128, ""dropout"": 0.1, ""static_h"": 64, ""rnn_h"": 128, ""cw_power"": 0.0}",41.13796576032225,0.07324668230624942,7.46545688788533,80.06042296072508
program,hyb1,5,4,"{""epochs"": 15, ""lr"": 0.0010586728941170212, ""weight_decay"": 0.0058075298319813584, ""batch_size"": 128, ""dropout"": 0.2, ""static_h"": 128, ""rnn_h"": 64, ""cw_power"": 0.0}",41.44008056394763,0.06804876182574524,7.161351086991094,81.0171198388721
program,hyb1,5,5,"{""epochs"": 15, ""lr"": 0.00038364813592218756, ""weight_decay"": 0.0015457091751321379, ""batch_size"": 128, ""dropout"": 0.1, ""static_h"": 64, ""rnn_h"": 32, ""cw_power"": 0.5}",39.77844914400806,0.08594019664631486,8.67173087331698,79.70795568982881
program,hyb1,5,6,"{""epochs"": 40, ""lr"": 0.002346910499792433, ""weight_decay"": 0.0013126447401470272, ""batch_size"": 64, ""dropout"": 0.5, ""static_h"": 128, ""rnn_h"": 128, ""cw_power"": 1.0}",19.033232628398792,0.05411296822958291,7.330191278521912,57.65357502517623
program,hyb1,5,7,"{""epochs"": 25, ""lr"": 0.002726314230054576, ""weight_decay"": 0.0017523149811902378, ""batch_size"": 256, ""dropout"": 0.3, ""static_h"": 128, ""rnn_h"": 64, ""cw_power"": 0.0}",42.34642497482376,0.06301667223235996,6.818179578846656,81.77240684793556
program,hyb2,5,0,"{""epochs"": 15, ""lr"": 0.001, ""weight_decay"": 0.01, ""batch_size"": 128, ""dropout"": 0.2, ""static_h"": 128, ""rnn_h"": 64, ""cw_power"": 1.0}",13.997985901309166,0.056179667401988286,11.581749659819295,49.19436052366566
program,hyb2,5,1,"{""epochs"": 40, ""lr"": 0.001352073007679542, ""weight_decay"": 0.003156251825074691, ""batch_size"": 256, ""dropout"": 0.1, ""static_h"": 256, ""rnn_h"": 64, ""cw_power"": 0.5}",36.05236656596173,0.08317725623038977,9.04838053565035,78.24773413897282
program,hyb2,5,2,"{""epochs"": 40, ""lr"": 0.0009334795269687763, ""weight_decay"": 0.00011054180314908066, ""batch_size"": 256, ""dropout"": 0.2, ""static_h"": 128, ""rnn_h"": 32, ""cw_power"": 0.5}",39.1742195367573,0.07782627451821302,8.402242097675927,79.10372608257804
program,hyb2,5,3,"{""epochs"": 25, ""lr"": 0.0018415925982616648, ""weight_decay"": 0.0025725285306706157, ""batch_size"": 128, ""dropout"": 0.2, ""static_h"": 64, ""rnn_h"": 32, ""cw_power"": 0.5}",38.16717019133938,0.07998919018802195,8.65898122382589,78.90231621349446
program,hyb2,5,4,"{""epochs"": 40, ""lr"": 0.002717574819079581, ""weight_decay"": 0.03406074428588829, ""batch_size"": 256, ""dropout"": 0.5, ""static_h"": 128, ""rnn_h"": 64, ""cw_power"": 0.5}",40.684793554884195,0.08159225103220244,9.061384794944967,79.45619335347432
program,hyb2,5,5,"{""epochs"": 25, ""lr"": 0.0006334057961332984, ""weight_decay"": 0.00636944880562702, ""batch_size"": 256, ""dropout"": 0.5, ""static_h"": 128, ""rnn_h"": 32, ""cw_power"": 0.5}",39.577039274924466,0.07931048005596658,8.189392173665293,79.60725075528701
program,hyb2,5,6,"{""epochs"": 25, ""lr"": 0.0003215694415069355, ""weight_decay"": 0.00015938962907478994, ""batch_size"": 128, ""dropout"": 0.3, ""static_h"": 64, ""rnn_h"": 128, ""cw_power"": 0.5}",40.433031218529706,0.08202962937518193,8.405304212217517,79.8086606243706
program,hyb2,5,7,"{""epochs"": 15, ""lr"": 0.000686264688914353, ""weight_decay"": 0.013118702618962856, ""batch_size"": 64, ""dropout"": 0.3, ""static_h"": 64, ""rnn_h"": 32, ""cw_power"": 1.0}",10.574018126888216,0.045661028671113525,11.940273526770401,44.46122860020141
program,hyb3,5,0,"{""epochs"": 15, ""lr"": 0.001, ""weight_decay"": 0.01, ""batch_size"": 128, ""dropout"": 0.2, ""static_h"": 128, ""rnn_h"": 64, ""cw_power"": 1.0}",15.105740181268882,0.05313774693721344,10.631235004818985,52.36656596173213
program,hyb3,5,1,"{""epochs"": 25, ""lr"": 0.0003260741058898288, ""weight_decay"": 0.00018826854876399375, ""batch_size"": 128, ""dropout"": 0.1, ""static_h"": 64, ""rnn_h"": 64, ""cw_power"": 0.0}",44.10876132930513,0.07063322380187843,7.365661463463175,81.47029204431017
program,hyb3,5,2,"{""epochs"": 15, ""lr"": 0.0016106257453829455, ""weight_decay"": 0.00010741345814317505, ""batch_size"": 256, ""dropout"": 0.3, ""static_h"": 64, ""rnn_h"": 32, ""cw_power"": 0.5}",39.87915407854985,0.07393977710355612,8.009855162292197,77.74420946626385
program,hyb3,5,3,"{""epochs"": 15, ""lr"": 0.000626354362720812, ""weight_decay"": 0.08544912325117482, ""batch_size"": 128, ""dropout"": 0.2, ""static_h"": 128, ""rnn_h"": 64, ""cw_power"": 0.5}",37.764350453172206,0.08489573785739889,9.403472578794807,77.34138972809667
program,hyb3,5,4,"{""epochs"": 25, ""lr"": 0.00033978708376611403, ""weight_decay"": 0.0033690791038046277, ""batch_size"": 128, ""dropout"": 0.5, ""static_h"": 128, ""rnn_h"": 128, ""cw_power"": 0.0}",44.10876132930513,0.05407670508583072,6.474131885547478,81.92346424974824
program,hyb3,5,5,"{""epochs"": 25, ""lr"": 0.0030121909436241585, ""weight_decay"": 0.02477156004398859, ""batch_size"": 128, ""dropout"": 0.5, ""static_h"": 64, ""rnn_h"": 64, ""cw_power"": 1.0}",8.811681772406848,0.0439290876068289,14.551843919202625,41.44008056394763
program,hyb3,5,6,"{""epochs"": 15, ""lr"": 0.0008146631150172094, ""weight_decay"": 0.0008324356336281861, ""batch_size"": 128, ""dropout"": 0.3, ""static_h"": 256, ""rnn_h"": 64, ""cw_power"": 0.5}",38.670694864048336,0.07320769810099077,7.796827722346711,78.54984894259819
program,hyb3,5,7,"{""epochs"": 25, ""lr"": 0.0026168177327416005, ""weight_decay"": 0.0027371508064938915, ""batch_size"": 64, ""dropout"": 0.1, ""static_h"": 256, ""rnn_h"": 64, ""cw_power"": 0.5}",32.98086606243706,0.07984078594321548,8.60865282233767,76.23363544813697
program,hyb4,5,0,"{""epochs"": 15, ""lr"": 0.001, ""weight_decay"": 0.01, ""batch_size"": 128, ""dropout"": 0.2, ""static_h"": 128, ""rnn_h"": 64, ""cw_power"": 1.0}",16.36455186304129,0.05763801939556501,10.697477722691112,54.0281973816717
program,hyb4,5,1,"{""epochs"": 40, ""lr"": 0.0004234012137834525, ""weight_decay"": 0.004953809209023514, ""batch_size"": 128, ""dropout"": 0.5, ""static_h"": 256, ""rnn_h"": 32, ""cw_power"": 1.0}",14.400805639476335,0.05748177839921124,10.515606743798386,50.90634441087614
program,hyb4,5,2,"{""epochs"": 40, ""lr"": 0.0003733812945516899, ""weight_decay"": 0.0011673755256493314, ""batch_size"": 128, ""dropout"": 0.1, ""static_h"": 256, ""rnn_h"": 32, ""cw_power"": 0.0}",36.606243705941594,0.06780735982550873,6.840961119972244,77.19033232628398
program,hyb4,5,3,"{""epochs"": 15, ""lr"": 0.0007589461283183744, ""weight_decay"": 0.0014492034364921226, ""batch_size"": 256, ""dropout"": 0.5, ""static_h"": 256, ""rnn_h"": 64, ""cw_power"": 0.5}",42.84994964753273,0.07336946441726276,7.405727432368368,81.067472306143
program,hyb4,5,4,"{""epochs"": 25, ""lr"": 0.0011615571378553074, ""weight_decay"": 0.0010368360675672695, ""batch_size"": 128, ""dropout"": 0.5, ""static_h"": 256, ""rnn_h"": 128, ""cw_power"": 0.0}",43.85699899295065,0.06121458624601742,6.799457668017246,81.1178247734139
program,hyb4,5,5,"{""epochs"": 15, ""lr"": 0.0007161367820430366, ""weight_decay"": 0.00033439043014702466, ""batch_size"": 128, ""dropout"": 0.2, ""static_h"": 128, ""rnn_h"": 128, ""cw_power"": 1.0}",15.15609264853978,0.05914619116499925,14.5724130116062,50.15105740181269
program,hyb4,5,6,"{""epochs"": 40, ""lr"": 0.0011868578162522688, ""weight_decay"": 0.002526250612463551, ""batch_size"": 64, ""dropout"": 0.5, ""static_h"": 256, ""rnn_h"": 128, ""cw_power"": 0.5}",37.512588116817724,0.07500034170935707,9.225050145895445,78.85196374622356
program,hyb4,5,7,"{""epochs"": 25, ""lr"": 0.0026460947249285684, ""weight_decay"": 0.02863324161483029, ""batch_size"": 256, ""dropout"": 0.5, ""static_h"": 256, ""rnn_h"": 128, ""cw_power"": 1.0}",8.308157099697885,0.032486335878255966,9.994161166819298,39.828801611278955
program,proposed,5,0,"{""epochs"": 15, ""lr"": 0.001, ""weight_decay"": 0.01, ""batch_size"": 128, ""dropout"": 0.2, ""static_h"": 128, ""rnn_h"": 64, ""cw_power"": 1.0}",14.954682779456194,0.05382355965552617,8.717672111902544,50.90634441087614
program,proposed,5,1,"{""epochs"": 15, ""lr"": 0.0018440016191204245, ""weight_decay"": 0.005511241077094505, ""batch_size"": 128, ""dropout"": 0.1, ""static_h"": 128, ""rnn_h"": 128, ""cw_power"": 0.0}",41.389728096676734,0.07218063836103086,7.373955694370589,80.86606243705941
program,proposed,5,2,"{""epochs"": 25, ""lr"": 0.00047640975087784657, ""weight_decay"": 0.04054875893507666, ""batch_size"": 128, ""dropout"": 0.1, ""static_h"": 256, ""rnn_h"": 64, ""cw_power"": 0.5}",38.51963746223565,0.10066485603316977,9.794334493121491,78.75125881168177
program,proposed,5,3,"{""epochs"": 25, ""lr"": 0.00200412660668394, ""weight_decay"": 0.0028031104620735462, ""batch_size"": 256, ""dropout"": 0.1, ""static_h"": 256, ""rnn_h"": 128, ""cw_power"": 0.5}",36.35448136958711,0.08082526052956564,8.549764298476708,76.9385699899295
program,proposed,5,4,"{""epochs"": 25, ""lr"": 0.002357267559223459, ""weight_decay"": 0.004364726165047617, ""batch_size"": 256, ""dropout"": 0.3, ""static_h"": 128, ""rnn_h"": 128, ""cw_power"": 1.0}",15.256797583081571,0.0598563530668369,12.592720098739557,51.76233635448136
program,proposed,5,5,"{""epochs"": 40, ""lr"": 0.0030057004721149457, ""weight_decay"": 0.0030818536605724403, ""batch_size"": 256, ""dropout"": 0.1, ""static_h"": 128, ""rnn_h"": 32, ""cw_power"": 1.0}",22.759315206445116,0.06092375037452576,8.563416725970075,65.10574018126889
program,proposed,5,6,"{""epochs"": 15, ""lr"": 0.00036702866454574063, ""weight_decay"": 0.09608199795340458, ""batch_size"": 128, ""dropout"": 0.1, ""static_h"": 128, ""rnn_h"": 64, ""cw_power"": 0.5}",39.42598187311178,0.09146869493505665,9.37619089315185,79.7583081570997
program,proposed,5,7,"{""epochs"": 15, ""lr"": 0.0027429427458555184, ""weight_decay"": 0.0002586513228794047, ""batch_size"": 128, ""dropout"": 0.2, ""static_h"": 128, ""rnn_h"": 64, ""cw_power"": 0.0}",42.90030211480362,0.06695101432746176,7.084901321205443,81.1178247734139
program,hyb5,5,0,"{""epochs"": 15, ""lr"": 0.001, ""weight_decay"": 0.01, ""batch_size"": 128, ""dropout"": 0.2, ""static_h"": 128, ""rnn_h"": 64, ""cw_power"": 1.0}",15.609264853977844,0.05850391942024753,10.765174054806977,52.97079556898288
program,hyb5,5,1,"{""epochs"": 15, ""lr"": 0.0013398326712242604, ""weight_decay"": 0.012091197567557086, ""batch_size"": 64, ""dropout"": 0.1, ""static_h"": 64, ""rnn_h"": 64, ""cw_power"": 0.5}",34.13897280966767,0.08899167001743742,12.167216476770824,75.62940584088619
program,hyb5,5,2,"{""epochs"": 40, ""lr"": 0.0013993662797825834, ""weight_decay"": 0.0001726311565521519, ""batch_size"": 128, ""dropout"": 0.3, ""static_h"": 64, ""rnn_h"": 64, ""cw_power"": 1.0}",18.52970795568983,0.05576789459440381,8.661589615323079,60.02014098690835
program,hyb5,5,3,"{""epochs"": 40, ""lr"": 0.0010550053131780806, ""weight_decay"": 0.0013640622277435656, ""batch_size"": 128, ""dropout"": 0.1, ""static_h"": 64, ""rnn_h"": 64, ""cw_power"": 0.0}",40.130916414904334,0.07537295418787987,7.701838320577371,77.84491440080565
program,hyb5,5,4,"{""epochs"": 25, ""lr"": 0.0006210901152016752, ""weight_decay"": 0.00018314499121167602, ""batch_size"": 64, ""dropout"": 0.5, ""static_h"": 64, ""rnn_h"": 32, ""cw_power"": 0.5}",40.03021148036254,0.07515844559564076,8.569320956327491,79.05337361530715
program,hyb5,5,5,"{""epochs"": 40, ""lr"": 0.0028862037088885155, ""weight_decay"": 0.009797358886199614, ""batch_size"": 64, ""dropout"": 0.2, ""static_h"": 256, ""rnn_h"": 128, ""cw_power"": 0.0}",36.656596173212485,0.06634810283660697,7.072837071239932,76.33434038267876
program,hyb5,5,6,"{""epochs"": 15, ""lr"": 0.0012113063262188834, ""weight_decay"": 0.0014264952083020259, ""batch_size"": 64, ""dropout"": 0.1, ""static_h"": 256, ""rnn_h"": 64, ""cw_power"": 0.5}",36.35448136958711,0.08299327840514652,9.032926800842748,76.73716012084593
program,hyb5,5,7,"{""epochs"": 25, ""lr"": 0.0005312660302269243, ""weight_decay"": 0.0985708562336981, ""batch_size"": 256, ""dropout"": 0.1, ""static_h"": 64, ""rnn_h"": 64, ""cw_power"": 0.0}",43.50453172205438,0.06441848249612349,6.991806501921166,81.82275931520645
program,hyb6,5,0,"{""epochs"": 15, ""lr"": 0.001, ""weight_decay"": 0.01, ""batch_size"": 128, ""dropout"": 0.2, ""static_h"": 128, ""rnn_h"": 64, ""cw_power"": 1.0}",15.055387713997986,0.06160871810170101,11.805938952032715,50.251762336354474
program,hyb6,5,1,"{""epochs"": 15, ""lr"": 0.00044688753231356154, ""weight_decay"": 0.028538156497972724, ""batch_size"": 64, ""dropout"": 0.5, ""static_h"": 256, ""rnn_h"": 32, ""cw_power"": 0.5}",40.130916414904334,0.07770246046548666,7.9334526825289755,81.067472306143
program,hyb6,5,2,"{""epochs"": 25, ""lr"": 0.0006636858038542889, ""weight_decay"": 0.03398792198233877, ""batch_size"": 256, ""dropout"": 0.3, ""static_h"": 256, ""rnn_h"": 64, ""cw_power"": 1.0}",17.623363544813696,0.05528230061205887,9.368268289380326,52.16515609264854
program,hyb6,5,3,"{""epochs"": 40, ""lr"": 0.0008003920282444064, ""weight_decay"": 0.045744107919082136, ""batch_size"": 256, ""dropout"": 0.5, ""static_h"": 128, ""rnn_h"": 128, ""cw_power"": 0.5}",39.627391742195364,0.06839581044456318,7.279689932015004,79.10372608257804
program,hyb6,5,4,"{""epochs"": 40, ""lr"": 0.00039849754904614773, ""weight_decay"": 0.00029061211084461364, ""batch_size"": 128, ""dropout"": 0.5, ""static_h"": 64, ""rnn_h"": 64, ""cw_power"": 0.0}",44.66263846928499,0.052250113201293476,6.411848395857247,82.12487411883183
program,hyb6,5,5,"{""epochs"": 40, ""lr"": 0.0008295031195073425, ""weight_decay"": 0.002930677790678434, ""batch_size"": 64, ""dropout"": 0.2, ""static_h"": 256, ""rnn_h"": 32, ""cw_power"": 0.5}",34.59214501510574,0.07984604625966212,8.77981384734648,76.68680765357503
program,hyb6,5,6,"{""epochs"": 40, ""lr"": 0.002357211963426012, ""weight_decay"": 0.008436017724193622, ""batch_size"": 256, ""dropout"": 0.2, ""static_h"": 64, ""rnn_h"": 64, ""cw_power"": 1.0}",22.910372608257802,0.07052179609740229,10.650834271112007,66.61631419939576
program,hyb6,5,7,"{""epochs"": 25, ""lr"": 0.002109407613159534, ""weight_decay"": 0.02716327682897127, ""batch_size"": 128, ""dropout"": 0.1, ""static_h"": 64, ""rnn_h"": 128, ""cw_power"": 0.0}",41.037260825780464,0.07165469756269988,7.370754728407659,80.71500503524672
program,hyb7,5,0,"{""epochs"": 15, ""lr"": 0.001, ""weight_decay"": 0.01, ""batch_size"": 128, ""dropout"": 0.2, ""static_h"": 128, ""rnn_h"": 64, ""cw_power"": 1.0}",14.149043303121852,0.0494702913675143,11.570620728961417,50.55387713997986
program,hyb7,5,1,"{""epochs"": 25, ""lr"": 0.001997519814272655, ""weight_decay"": 0.06521512428208043, ""batch_size"": 64, ""dropout"": 0.2, ""static_h"": 256, ""rnn_h"": 64, ""cw_power"": 1.0}",23.36354481369587,0.07360379104142586,10.677236096793804,66.56596173212488
program,hyb7,5,2,"{""epochs"": 40, ""lr"": 0.0012252754623618683, ""weight_decay"": 0.00027068685294193617, ""batch_size"": 256, ""dropout"": 0.1, ""static_h"": 64, ""rnn_h"": 32, ""cw_power"": 0.0}",41.54078549848943,0.07672243500519442,7.530001254554056,79.8590130916415
program,hyb7,5,3,"{""epochs"": 15, ""lr"": 0.0003313113440820123, ""weight_decay"": 0.03875871340985645, ""batch_size"": 256, ""dropout"": 0.5, ""static_h"": 128, ""rnn_h"": 128, ""cw_power"": 0.5}",42.14501510574018,0.06520608221916852,7.3371643582902255,80.21148036253777
program,hyb7,5,4,"{""epochs"": 25, ""lr"": 0.002318818659675863, ""weight_decay"": 0.0003332763908415138, ""batch_size"": 256, ""dropout"": 0.5, ""static_h"": 64, ""rnn_h"": 32, ""cw_power"": 0.0}",43.80664652567976,0.05258825083336929,6.424962641949615,82.4773413897281
program,hyb7,5,5,"{""epochs"": 40, ""lr"": 0.0017159391849584367, ""weight_decay"": 0.0014306289339053298, ""batch_size"": 64, ""dropout"": 0.1, ""static_h"": 64, ""rnn_h"": 32, ""cw_power"": 0.0}",40.483383685800604,0.074139609567987,7.4812346322391825,77.49244712990937
program,hyb7,5,6,"{""epochs"": 25, ""lr"": 0.0005102105226622571, ""weight_decay"": 0.00039785276351965535, ""batch_size"": 128, ""dropout"": 0.3, ""static_h"": 64, ""rnn_h"": 128, ""cw_power"": 0.5}",37.865055387713994,0.08491437705617289,9.664411333516245,77.24068479355488
program,hyb7,5,7,"{""epochs"": 40, ""lr"": 0.00038337305688707806, ""weight_decay"": 0.008544775267036522, ""batch_size"": 64, ""dropout"": 0.1, ""static_h"": 128, ""rnn_h"": 32, ""cw_power"": 0.0}",39.526686807653576,0.06844017181626742,7.028266800357537,79.40584088620342
program,logreg,1,0,"{""C"": 1.0, ""cw_power"": 1.0}",12.789526686807653,0.05411190404400509,9.640746660877964,44.76334340382679
program,logreg,1,1,"{""C"": 0.0029652225978662474, ""cw_power"": 0.5}",41.389728096676734,0.060022420689319095,6.523406256788874,78.60020140986909
program,logreg,1,2,"{""C"": 3.705718579526373, ""cw_power"": 0.5}",32.93051359516616,0.071143246883139,7.7285142848867086,71.6012084592145
program,logreg,1,3,"{""C"": 0.0012848959331447827, ""cw_power"": 0.5}",42.54783484390735,0.053820728682789774,6.197581179196778,79.40584088620342
program,logreg,1,4,"{""C"": 0.010007903524306775, ""cw_power"": 0.5}",40.23162134944612,0.06537931201528262,6.833363750332573,77.19033232628398
program,logreg,1,5,"{""C"": 0.06496343130666273, ""cw_power"": 0.0}",43.2527693856999,0.05503511466258446,6.227607384527125,80.26183282980867
program,logreg,1,6,"{""C"": 0.00341764481821539, ""cw_power"": 0.0}",43.90735146022155,0.047117224298353445,5.871381196049934,80.76535750251762
program,logreg,1,7,"{""C"": 1.6804936839787366, ""cw_power"": 1.0}",13.343403826787512,0.056242683410433904,9.894011071280854,46.273917421953676
program,logreg,2,0,"{""C"": 1.0, ""cw_power"": 1.0}",12.83987915407855,0.05954304298490839,12.595374928674941,46.324269889224574
program,logreg,2,1,"{""C"": 0.00175959083420428, ""cw_power"": 0.0}",43.45417925478349,0.04325448339245354,5.646987557415324,82.4773413897281
program,logreg,2,2,"{""C"": 0.437300324089879, ""cw_power"": 1.0}",12.588116817724067,0.057754643805831445,12.603270351357535,44.76334340382679
program,logreg,2,3,"{""C"": 3.752864606041097, ""cw_power"": 0.5}",34.64249748237664,0.08725295025813674,11.077310183400435,73.71601208459214
program,logreg,2,4,"{""C"": 0.2667257610118884, ""cw_power"": 0.0}",43.353474320241695,0.0605258175078057,6.501999029318559,81.36958710976839
program,logreg,2,5,"{""C"": 0.05448411414805728, ""cw_power"": 0.0}",43.45417925478349,0.05587104913183505,6.255150015200376,81.97381671701913
program,logreg,2,6,"{""C"": 1.568816102852518, ""cw_power"": 0.5}",35.29707955689829,0.10339591511108513,12.041089960679233,73.46424974823766
program,logreg,2,7,"{""C"": 0.02134259335783084, ""cw_power"": 1.0}",9.86908358509567,0.04521524523276251,16.435596316492664,34.894259818731115
program,logreg,3,0,"{""C"": 1.0, ""cw_power"": 1.0}",12.588116817724067,0.0505689305808215,12.134594657090043,47.583081570996974
program,logreg,3,1,"{""C"": 0.05955516775309552, ""cw_power"": 0.0}",44.36052366565962,0.06041276866386718,6.566207106346667,82.12487411883183
program,logreg,3,2,"{""C"": 0.0031237727762250264, ""cw_power"": 0.5}",41.893252769385704,0.06427106767951689,6.8662169400856214,81.57099697885197
program,logreg,3,3,"{""C"": 0.003410248275109717, ""cw_power"": 0.5}",42.195367573011076,0.06565094888579855,6.968026360772372,81.47029204431017
program,logreg,3,4,"{""C"": 0.001537763678051074, ""cw_power"": 0.0}",43.90735146022155,0.04338479642046623,5.70420777912218,83.03121852970796
program,logreg,3,5,"{""C"": 0.7004728866453235, ""cw_power"": 1.0}",12.43705941591138,0.048619218779062306,12.64366369462592,46.676737160120844
program,logreg,3,6,"{""C"": 0.06464939414042582, ""cw_power"": 0.0}",44.51158106747231,0.061533836519029966,6.638595024682516,82.12487411883183
program,logreg,3,7,"{""C"": 0.0108513099855405, ""cw_power"": 0.0}",44.15911379657603,0.05341536628000404,6.187127805295009,82.57804632426989
program,logreg,4,0,"{""C"": 1.0, ""cw_power"": 1.0}",14.300100704934543,0.056566226108132056,10.692699946079738,46.17321248741189
program,logreg,4,1,"{""C"": 0.04676309177035083, ""cw_power"": 1.0}",11.88318227593152,0.054980017309163465,16.13942512024892,38.87210473313193
program,logreg,4,2,"{""C"": 0.007645054327875909, ""cw_power"": 0.5}",42.54783484390735,0.07039155230429361,7.282858778472695,79.65760322255791
program,logreg,4,3,"{""C"": 0.0872106712170092, ""cw_power"": 0.0}",44.10876132930513,0.05476486375706622,6.284802909496301,81.47029204431017
program,logreg,4,4,"{""C"": 1.3555913330162743, ""cw_power"": 0.0}",44.058408862034234,0.060421554944046246,6.571709300319467,80.91641490433031
program,logreg,4,5,"{""C"": 0.0013125238036429988, ""cw_power"": 1.0}",5.740181268882175,0.03601213654364221,17.171524682246424,20.14098690835851
program,logreg,4,6,"{""C"": 0.06665830491856498, ""cw_power"": 0.0}",44.20946626384693,0.0543943702171562,6.270549818090099,81.62134944612286
program,logreg,4,7,"{""C"": 1.0454104567716709, ""cw_power"": 0.0}",43.957703927492446,0.060249488187358965,6.555583633395001,81.0171198388721
program,logreg,5,0,"{""C"": 1.0, ""cw_power"": 1.0}",13.343403826787512,0.05289346159948025,10.617538830000028,47.93554884189326
program,logreg,5,1,"{""C"": 0.09736092567339191, ""cw_power"": 1.0}",9.969788519637463,0.04828552462059178,12.474064246984565,40.83585095669688
program,logreg,5,2,"{""C"": 0.023896636537163042, ""cw_power"": 1.0}",7.905337361530715,0.043102824227968725,18.53956044474692,35.34743202416919
program,logreg,5,3,"{""C"": 0.6360209832873298, ""cw_power"": 0.0}",44.76334340382679,0.07846820349268556,8.033674332103043,81.72205438066466
program,logreg,5,4,"{""C"": 0.0011767888036725144, ""cw_power"": 0.5}",43.202416918429,0.058492772874113017,6.842546983840271,81.067472306143
program,logreg,5,5,"{""C"": 0.03715691989155586, ""cw_power"": 0.5}",40.98690835850957,0.0819288959444229,8.659455078447202,79.65760322255791
program,logreg,5,6,"{""C"": 0.0054072523472769255, ""cw_power"": 0.5}",44.864048338368576,0.08529778449222825,8.559691554384772,81.47029204431017
program,logreg,5,7,"{""C"": 4.060275453510417, ""cw_power"": 1.0}",14.602215508559919,0.056646557432716314,9.577828896113997,50.70493454179255
