task,model,fold,trial,cfg,inner_accuracy,inner_macro_f1,inner_bal_acc,inner_top3
program,hgb,1,0,"{""learning_rate"": 0.1, ""max_iter"": 100, ""max_leaf_nodes"": 31, ""l2_regularization"": 0.0, ""min_samples_leaf"": 20, ""cw_power"": 1.0}",30.463242698892245,0.06324827705936541,6.579902453441579,74.52165156092649
program,hgb,1,1,"{""learning_rate"": 0.040932078360990956, ""max_iter"": 300, ""max_leaf_nodes"": 63, ""l2_regularization"": 1.251771389206452, ""min_samples_leaf"": 20, ""cw_power"": 0.5}",37.46223564954683,0.05920220208791867,6.172488224793188,79.00302114803625
program,hgb,1,2,"{""learning_rate"": 0.0687968181623602, ""max_iter"": 300, ""max_leaf_nodes"": 31, ""l2_regularization"": 0.0011341006149565, ""min_samples_leaf"": 20, ""cw_power"": 0.0}",39.47633434038268,0.05230091263888357,5.782564077778144,80.01007049345418
program,hgb,1,3,"{""learning_rate"": 0.032306849993093016, ""max_iter"": 300, ""max_leaf_nodes"": 31, ""l2_regularization"": 0.01600966720955339, ""min_samples_leaf"": 10, ""cw_power"": 0.0}",40.684793554884195,0.05129738575306163,5.81649004437512,80.26183282980867
program,hgb,1,4,"{""learning_rate"": 0.03141604783643677, ""max_iter"": 300, ""max_leaf_nodes"": 31, ""l2_regularization"": 0.028278197833524706, ""min_samples_leaf"": 50, ""cw_power"": 0.0}",40.483383685800604,0.053121500731934466,5.919513922164065,79.7583081570997
program,hgb,1,5,"{""learning_rate"": 0.23228802625773334, ""max_iter"": 300, ""max_leaf_nodes"": 63, ""l2_regularization"": 2.140926852899865, ""min_samples_leaf"": 20, ""cw_power"": 0.0}",38.670694864048336,0.058184068742930264,6.101735347102482,77.29103726082577
program,hgb,1,6,"{""learning_rate"": 0.07958849783451397, ""max_iter"": 200, ""max_leaf_nodes"": 15, ""l2_regularization"": 0.03144204896386074, ""min_samples_leaf"": 10, ""cw_power"": 1.0}",29.305135951661633,0.07445296996069503,7.884812433872569,73.31319234642497
program,hgb,1,7,"{""learning_rate"": 0.08340144229843252, ""max_iter"": 300, ""max_leaf_nodes"": 31, ""l2_regularization"": 0.2189790971989986, ""min_samples_leaf"": 20, ""cw_power"": 0.0}",39.526686807653576,0.05375116661596658,5.867134316289187,79.8086606243706
program,hgb,2,0,"{""learning_rate"": 0.1, ""max_iter"": 100, ""max_leaf_nodes"": 31, ""l2_regularization"": 0.0, ""min_samples_leaf"": 20, ""cw_power"": 1.0}",31.268882175226587,0.06769971058612088,7.114455147946229,75.02517623363545
program,hgb,2,1,"{""learning_rate"": 0.11612138247011618, ""max_iter"": 300, ""max_leaf_nodes"": 31, ""l2_regularization"": 0.016965773639309203, ""min_samples_leaf"": 50, ""cw_power"": 1.0}",35.750251762336354,0.06343429371909211,6.479059060944406,77.94561933534743
program,hgb,2,2,"{""learning_rate"": 0.05124307415004227, ""max_iter"": 200, ""max_leaf_nodes"": 63, ""l2_regularization"": 5.4437068721001545, ""min_samples_leaf"": 10, ""cw_power"": 1.0}",29.003021148036257,0.057788884160986376,6.414458174621804,74.26988922457201
program,hgb,2,3,"{""learning_rate"": 0.1625084513087502, ""max_iter"": 200, ""max_leaf_nodes"": 31, ""l2_regularization"": 0.14391193004905573, ""min_samples_leaf"": 10, ""cw_power"": 0.5}",37.764350453172206,0.08153880327471963,7.635140208247688,78.75125881168177
program,hgb,2,4,"{""learning_rate"": 0.13531410275054037, ""max_iter"": 300, ""max_leaf_nodes"": 31, ""l2_regularization"": 9.007677111880936, ""min_samples_leaf"": 50, ""cw_power"": 1.0}",30.11077542799597,0.05629767482939836,6.120847398132924,75.07552870090635
program,hgb,2,5,"{""learning_rate"": 0.0935953806236703, ""max_iter"": 300, ""max_leaf_nodes"": 15, ""l2_regularization"": 0.08672566694493344, ""min_samples_leaf"": 10, ""cw_power"": 1.0}",32.98086606243706,0.07058510990739474,7.376891836918147,74.77341389728097
program,hgb,2,6,"{""learning_rate"": 0.06389727987328515, ""max_iter"": 300, ""max_leaf_nodes"": 15, ""l2_regularization"": 0.04617201476265939, ""min_samples_leaf"": 10, ""cw_power"": 1.0}",30.26183282980866,0.06543661683983369,6.933293831236356,74.26988922457201
program,hgb,2,7,"{""learning_rate"": 0.10036063022690846, ""max_iter"": 200, ""max_leaf_nodes"": 31, ""l2_regularization"": 9.293275439732081, ""min_samples_leaf"": 20, ""cw_power"": 1.0}",29.808660624370592,0.0643247300860704,7.260536832850019,74.01812688821752
program,hgb,3,0,"{""learning_rate"": 0.1, ""max_iter"": 100, ""max_leaf_nodes"": 31, ""l2_regularization"": 0.0, ""min_samples_leaf"": 20, ""cw_power"": 1.0}",33.8368580060423,0.06553399754782128,7.527385499613684,76.78751258811681
program,hgb,3,1,"{""learning_rate"": 0.1315477743075535, ""max_iter"": 100, ""max_leaf_nodes"": 31, ""l2_regularization"": 0.007924411170803971, ""min_samples_leaf"": 20, ""cw_power"": 1.0}",35.04531722054381,0.07073652903295863,7.600553303206444,78.09667673716012
program,hgb,3,2,"{""learning_rate"": 0.06153497269258438, ""max_iter"": 300, ""max_leaf_nodes"": 31, ""l2_regularization"": 0.039445867348475515, ""min_samples_leaf"": 50, ""cw_power"": 0.0}",42.195367573011076,0.06521928589837646,6.763569451591405,81.067472306143
program,hgb,3,3,"{""learning_rate"": 0.14347133579924948, ""max_iter"": 200, ""max_leaf_nodes"": 63, ""l2_regularization"": 0.3271527377204789, ""min_samples_leaf"": 50, ""cw_power"": 1.0}",37.46223564954683,0.06079742080598385,6.575882429638806,78.65055387713998
program,hgb,3,4,"{""learning_rate"": 0.1684771457533296, ""max_iter"": 300, ""max_leaf_nodes"": 63, ""l2_regularization"": 0.008561078866987966, ""min_samples_leaf"": 10, ""cw_power"": 1.0}",39.77844914400806,0.06518424775404222,6.859715095741738,79.90936555891238
program,hgb,3,5,"{""learning_rate"": 0.1468354128066526, ""max_iter"": 200, ""max_leaf_nodes"": 63, ""l2_regularization"": 0.03112088196143598, ""min_samples_leaf"": 50, ""cw_power"": 0.5}",41.037260825780464,0.06649420808520996,6.850057602833946,80.16112789526687
program,hgb,3,6,"{""learning_rate"": 0.16537267683453621, ""max_iter"": 300, ""max_leaf_nodes"": 31, ""l2_regularization"": 0.7180655584759071, ""min_samples_leaf"": 10, ""cw_power"": 0.0}",40.38267875125881,0.057550751788495426,6.181891535602198,80.56394763343404
program,hgb,3,7,"{""learning_rate"": 0.07887668385362219, ""max_iter"": 100, ""max_leaf_nodes"": 15, ""l2_regularization"": 1.2341109602685865, ""min_samples_leaf"": 20, ""cw_power"": 0.0}",43.152064451158104,0.05583917190373115,6.368893643004247,82.17522658610272
program,hgb,4,0,"{""learning_rate"": 0.1, ""max_iter"": 100, ""max_leaf_nodes"": 31, ""l2_regularization"": 0.0, ""min_samples_leaf"": 20, ""cw_power"": 1.0}",34.03826787512588,0.0703074372211805,7.2932051168073775,76.03222557905337
program,hgb,4,1,"{""learning_rate"": 0.04629307373120376, ""max_iter"": 100, ""max_leaf_nodes"": 15, ""l2_regularization"": 0.48192253059073764, ""min_samples_leaf"": 50, ""cw_power"": 0.5}",38.82175226586103,0.0690800837088917,6.981462702317192,78.19738167170192
program,hgb,4,2,"{""learning_rate"": 0.06922111437304947, ""max_iter"": 300, ""max_leaf_nodes"": 63, ""l2_regularization"": 1.2267225910942863, ""min_samples_leaf"": 20, ""cw_power"": 0.5}",39.72809667673716,0.06453758574436182,6.597867854551723,78.54984894259819
program,hgb,4,3,"{""learning_rate"": 0.26202246862614, ""max_iter"": 300, ""max_leaf_nodes"": 63, ""l2_regularization"": 0.015739349900967967, ""min_samples_leaf"": 20, ""cw_power"": 1.0}",38.11681772406848,0.061965355701310454,6.34880152413991,76.63645518630413
program,hgb,4,4,"{""learning_rate"": 0.14586679252915855, ""max_iter"": 300, ""max_leaf_nodes"": 63, ""l2_regularization"": 0.005317832769659873, ""min_samples_leaf"": 50, ""cw_power"": 0.5}",21.6515609264854,0.05415093221574419,7.588651473389395,22.406847935548843
program,hgb,4,5,"{""learning_rate"": 0.2741950014073737, ""max_iter"": 100, ""max_leaf_nodes"": 31, ""l2_regularization"": 0.011318024119912843, ""min_samples_leaf"": 20, ""cw_power"": 0.0}",27.291037260825778,0.05993135377327128,7.518819654951793,69.33534743202418
program,hgb,4,6,"{""learning_rate"": 0.04046915329612495, ""max_iter"": 200, ""max_leaf_nodes"": 15, ""l2_regularization"": 6.995759278642674, ""min_samples_leaf"": 50, ""cw_power"": 0.0}",43.00100704934542,0.053706315180298614,6.126294888894618,80.31218529707955
program,hgb,4,7,"{""learning_rate"": 0.08834565620887984, ""max_iter"": 100, ""max_leaf_nodes"": 31, ""l2_regularization"": 1.0280471270965479, ""min_samples_leaf"": 20, ""cw_power"": 0.5}",37.05941591137966,0.06860617325338807,6.910186319820022,78.14702920443102
program,hgb,5,0,"{""learning_rate"": 0.1, ""max_iter"": 100, ""max_leaf_nodes"": 31, ""l2_regularization"": 0.0, ""min_samples_leaf"": 20, ""cw_power"": 1.0}",30.664652567975832,0.06810945280973156,7.676590602363981,76.03222557905337
program,hgb,5,1,"{""learning_rate"": 0.2707388509717283, ""max_iter"": 200, ""max_leaf_nodes"": 15, ""l2_regularization"": 0.3368841897771094, ""min_samples_leaf"": 20, ""cw_power"": 0.0}",37.31117824773414,0.06252472883180014,6.442672789838938,78.90231621349446
program,hgb,5,2,"{""learning_rate"": 0.07475649891843644, ""max_iter"": 200, ""max_leaf_nodes"": 63, ""l2_regularization"": 6.727391616023603, ""min_samples_leaf"": 20, ""cw_power"": 1.0}",32.67875125881169,0.07423953929458124,8.338555412670894,76.08257804632427
program,hgb,5,3,"{""learning_rate"": 0.07028954713576777, ""max_iter"": 300, ""max_leaf_nodes"": 63, ""l2_regularization"": 2.099681826419013, ""min_samples_leaf"": 20, ""cw_power"": 0.0}",38.972809667673715,0.06047803104431605,6.39958882341188,80.06042296072508
program,hgb,5,4,"{""learning_rate"": 0.11241731496674562, ""max_iter"": 100, ""max_leaf_nodes"": 63, ""l2_regularization"": 0.0018561199159587045, ""min_samples_leaf"": 10, ""cw_power"": 1.0}",35.397784491440085,0.06614072487866152,7.127014758432952,79.35548841893252
program,hgb,5,5,"{""learning_rate"": 0.03618001323067694, ""max_iter"": 100, ""max_leaf_nodes"": 31, ""l2_regularization"": 0.060190820840689316, ""min_samples_leaf"": 20, ""cw_power"": 1.0}",29.45619335347432,0.07459497015484785,9.38866691592942,70.34239677744209
program,hgb,5,6,"{""learning_rate"": 0.0406232932385568, ""max_iter"": 200, ""max_leaf_nodes"": 31, ""l2_regularization"": 0.680596700167045, ""min_samples_leaf"": 20, ""cw_power"": 0.0}",41.23867069486405,0.05949718441298287,6.466411886245388,80.61430010070494
program,hgb,5,7,"{""learning_rate"": 0.1865286735080479, ""max_iter"": 100, ""max_leaf_nodes"": 63, ""l2_regularization"": 0.06504987096805219, ""min_samples_leaf"": 50, ""cw_power"": 1.0}",37.36153071500504,0.07586210861169218,7.564709910697139,78.24773413897282
program,rf,1,0,"{""n_estimators"": 100, ""max_depth"": null, ""min_samples_leaf"": 1, ""max_features"": ""sqrt"", ""cw_power"": 1.0}",28.449144008056393,0.06389858594629291,7.711364655940148,69.68781470292045
program,rf,1,1,"{""n_estimators"": 100, ""max_depth"": 20, ""min_samples_leaf"": 5, ""max_features"": ""sqrt"", ""cw_power"": 0.5}",38.77139979859013,0.06492225413854297,6.704246864210299,79.10372608257804
program,rf,1,2,"{""n_estimators"": 300, ""max_depth"": null, ""min_samples_leaf"": 10, ""max_features"": 0.3, ""cw_power"": 0.0}",42.84994964753273,0.04604186933529716,5.73793613495951,80.61430010070494
program,rf,1,3,"{""n_estimators"": 100, ""max_depth"": 30, ""min_samples_leaf"": 10, ""max_features"": 0.5, ""cw_power"": 0.0}",43.051359516616316,0.0484625009130432,5.870543762305567,80.31218529707955
program,rf,1,4,"{""n_estimators"": 300, ""max_depth"": null, ""min_samples_leaf"": 5, ""max_features"": ""sqrt"", ""cw_power"": 0.0}",42.84994964753273,0.04350820911719908,5.61913142355297,80.66465256797582
program,rf,1,5,"{""n_estimators"": 200, ""max_depth"": null, ""min_samples_leaf"": 5, ""max_features"": 0.5, ""cw_power"": 0.5}",37.31117824773414,0.06133243032508993,6.3653265806240515,77.49244712990937
program,rf,1,6,"{""n_estimators"": 100, ""max_depth"": null, ""min_samples_leaf"": 1, ""max_features"": 0.5, ""cw_power"": 1.0}",27.19033232628399,0.06193822090887422,7.356545569492294,67.6737160120846
program,rf,1,7,"{""n_estimators"": 200, ""max_depth"": 30, ""min_samples_leaf"": 10, ""max_features"": 0.3, ""cw_power"": 0.5}",37.56294058408862,0.06402822341707838,6.605682474972423,78.65055387713998
program,rf,2,0,"{""n_estimators"": 100, ""max_depth"": null, ""min_samples_leaf"": 1, ""max_features"": ""sqrt"", ""cw_power"": 1.0}",28.247734138972806,0.06628435596466492,7.481638647719695,69.63746223564955
program,rf,2,1,"{""n_estimators"": 300, ""max_depth"": null, ""min_samples_leaf"": 5, ""max_features"": ""sqrt"", ""cw_power"": 0.5}",40.181268882175225,0.06852996032055415,6.977338333233328,80.06042296072508
program,rf,2,2,"{""n_estimators"": 300, ""max_depth"": 10, ""min_samples_leaf"": 5, ""max_features"": ""sqrt"", ""cw_power"": 1.0}",11.530715005035248,0.04195842938847524,11.102655263327966,36.15307150050352
program,rf,2,3,"{""n_estimators"": 300, ""max_depth"": 10, ""min_samples_leaf"": 10, ""max_features"": 0.5, ""cw_power"": 0.5}",37.41188318227593,0.059482109719718394,6.716533443702893,78.95266868076536
program,rf,2,4,"{""n_estimators"": 300, ""max_depth"": 30, ""min_samples_leaf"": 1, ""max_features"": 0.3, ""cw_power"": 0.0}",42.44712990936556,0.05287792544486714,6.020043364418659,80.76535750251762
program,rf,2,5,"{""n_estimators"": 300, ""max_depth"": 30, ""min_samples_leaf"": 5, ""max_features"": 0.5, ""cw_power"": 0.0}",42.54783484390735,0.04987879396035431,5.872264480388072,81.67170191339376
program,rf,2,6,"{""n_estimators"": 300, ""max_depth"": null, ""min_samples_leaf"": 2, ""max_features"": 0.3, ""cw_power"": 0.0}",42.59818731117825,0.049881265776516644,5.880505796358963,81.77240684793556
program,rf,2,7,"{""n_estimators"": 300, ""max_depth"": 10, ""min_samples_leaf"": 5, ""max_features"": ""sqrt"", ""cw_power"": 0.0}",43.152064451158104,0.04119027874135382,5.544539213739589,82.98086606243706
program,rf,3,0,"{""n_estimators"": 100, ""max_depth"": null, ""min_samples_leaf"": 1, ""max_features"": ""sqrt"", ""cw_power"": 1.0}",30.513595166163142,0.07091980353451544,7.783534046360365,71.04733131923464
program,rf,3,1,"{""n_estimators"": 200, ""max_depth"": 30, ""min_samples_leaf"": 10, ""max_features"": 0.5, ""cw_power"": 0.0}",42.74924471299094,0.047360809701738865,5.781470471164335,82.77945619335347
program,rf,3,2,"{""n_estimators"": 200, ""max_depth"": 10, ""min_samples_leaf"": 5, ""max_features"": 0.3, ""cw_power"": 1.0}",13.846928499496475,0.044360824010421705,12.692760551566842,38.62034239677744
program,rf,3,3,"{""n_estimators"": 200, ""max_depth"": 30, ""min_samples_leaf"": 10, ""max_features"": 0.3, ""cw_power"": 0.5}",40.483383685800604,0.06770053443186239,7.215008464669559,79.30513595166163
program,rf,3,4,"{""n_estimators"": 300, ""max_depth"": 30, ""min_samples_leaf"": 2, ""max_features"": 0.5, ""cw_power"": 0.5}",39.67774420946626,0.06345993111559853,7.001210235790439,79.50654582074522
program,rf,3,5,"{""n_estimators"": 300, ""max_depth"": 10, ""min_samples_leaf"": 1, ""max_features"": ""sqrt"", ""cw_power"": 0.5}",42.39677744209466,0.068084906711575,7.030413165115778,81.77240684793556
program,rf,3,6,"{""n_estimators"": 100, ""max_depth"": null, ""min_samples_leaf"": 1, ""max_features"": 0.3, ""cw_power"": 1.0}",30.060422960725074,0.06483955802025997,8.040187316709813,69.23464249748238
program,rf,3,7,"{""n_estimators"": 200, ""max_depth"": 30, ""min_samples_leaf"": 10, ""max_features"": 0.5, ""cw_power"": 0.5}",40.130916414904334,0.06800634691112588,7.446685704090412,79.10372608257804
program,rf,4,0,"{""n_estimators"": 100, ""max_depth"": null, ""min_samples_leaf"": 1, ""max_features"": ""sqrt"", ""cw_power"": 1.0}",30.614300100704934,0.07937525495874241,8.793984220501535,71.80261832829808
program,rf,4,1,"{""n_estimators"": 300, ""max_depth"": 30, ""min_samples_leaf"": 5, ""max_features"": 0.5, ""cw_power"": 1.0}",18.328298086606242,0.059082706839975685,11.260750031520201,55.03524672708963
program,rf,4,2,"{""n_estimators"": 300, ""max_depth"": null, ""min_samples_leaf"": 2, ""max_features"": ""sqrt"", ""cw_power"": 1.0}",27.945619335347434,0.06616203771308164,8.487205089229654,67.5226586102719
program,rf,4,3,"{""n_estimators"": 100, ""max_depth"": 10, ""min_samples_leaf"": 10, ""max_features"": 0.5, ""cw_power"": 0.0}",43.605236656596176,0.04677447611809519,5.843941784345265,81.52064451158107
program,rf,4,4,"{""n_estimators"": 100, ""max_depth"": null, ""min_samples_leaf"": 1, ""max_features"": 0.5, ""cw_power"": 1.0}",29.45619335347432,0.07028139152436774,8.1930689597473,67.92547834843907
program,rf,4,5,"{""n_estimators"": 300, ""max_depth"": null, ""min_samples_leaf"": 2, ""max_features"": ""sqrt"", ""cw_power"": 1.0}",27.945619335347434,0.06616203771308164,8.487205089229654,67.5226586102719
program,rf,4,6,"{""n_estimators"": 100, ""max_depth"": 10, ""min_samples_leaf"": 10, ""max_features"": 0.5, ""cw_power"": 0.0}",43.605236656596176,0.04677447611809519,5.843941784345265,81.52064451158107
program,rf,4,7,"{""n_estimators"": 200, ""max_depth"": 10, ""min_samples_leaf"": 1, ""max_features"": ""sqrt"", ""cw_power"": 1.0}",22.608257804632427,0.06861241346214506,11.78609452350876,53.625377643504535
program,rf,5,0,"{""n_estimators"": 100, ""max_depth"": null, ""min_samples_leaf"": 1, ""max_features"": ""sqrt"", ""cw_power"": 1.0}",29.7079556898288,0.07337588987555818,8.41383541148169,70.09063444108762
program,rf,5,1,"{""n_estimators"": 200, ""max_depth"": null, ""min_samples_leaf"": 1, ""max_features"": 0.3, ""cw_power"": 0.0}",41.339375629405836,0.05543570318566599,6.242444686032749,81.67170191339376
program,rf,5,2,"{""n_estimators"": 300, ""max_depth"": 10, ""min_samples_leaf"": 2, ""max_features"": ""sqrt"", ""cw_power"": 0.0}",42.64853977844915,0.04168889725805271,5.726575660845982,82.4269889224572
program,rf,5,3,"{""n_estimators"": 100, ""max_depth"": null, ""min_samples_leaf"": 1, ""max_features"": ""sqrt"", ""cw_power"": 0.5}",39.828801611278955,0.07433054686199297,7.473457101381348,80.91641490433031
program,rf,5,4,"{""n_estimators"": 300, ""max_depth"": 10, ""min_samples_leaf"": 2, ""max_features"": ""sqrt"", ""cw_power"": 0.5}",41.289023162134946,0.07695514768184353,7.739593501206513,81.77240684793556
program,rf,5,5,"{""n_estimators"": 300, ""max_depth"": 30, ""min_samples_leaf"": 2, ""max_features"": 0.5, ""cw_power"": 1.0}",25.226586102719033,0.0663273013421918,9.227325791245928,65.10574018126889
program,rf,5,6,"{""n_estimators"": 300, ""max_depth"": 20, ""min_samples_leaf"": 10, ""max_features"": 0.3, ""cw_power"": 0.0}",42.54783484390735,0.0493758788949586,6.043578004337781,82.527693856999
program,rf,5,7,"{""n_estimators"": 100, ""max_depth"": null, ""min_samples_leaf"": 5, ""max_features"": 0.3, ""cw_power"": 1.0}",16.2134944612286,0.054435236321877835,8.786081377024995,50.55387713997986
track,hgb,1,0,"{""learning_rate"": 0.1, ""max_iter"": 100, ""max_leaf_nodes"": 31, ""l2_regularization"": 0.0, ""min_samples_leaf"": 20, ""cw_power"": 1.0}",37.10976837865056,0.3294283925730155,34.42439597240616,
track,hgb,1,1,"{""learning_rate"": 0.03696834938185618, ""max_iter"": 100, ""max_leaf_nodes"": 31, ""l2_regularization"": 0.7073926928358519, ""min_samples_leaf"": 50, ""cw_power"": 1.0}",37.160120845921455,0.33895619463193266,37.48888839305393,
track,hgb,1,2,"{""learning_rate"": 0.06634959283460151, ""max_iter"": 100, ""max_leaf_nodes"": 63, ""l2_regularization"": 0.008561240650815377, ""min_samples_leaf"": 20, ""cw_power"": 0.5}",40.080563947633436,0.3129795978713571,31.634843999760186,
track,hgb,1,3,"{""learning_rate"": 0.03250405758164996, ""max_iter"": 300, ""max_leaf_nodes"": 31, ""l2_regularization"": 6.68182516322163, ""min_samples_leaf"": 20, ""cw_power"": 0.5}",40.38267875125881,0.3248157102002287,32.999556297990814,
track,hgb,1,4,"{""learning_rate"": 0.0394389537027417, ""max_iter"": 300, ""max_leaf_nodes"": 15, ""l2_regularization"": 0.023266339786793384, ""min_samples_leaf"": 50, ""cw_power"": 0.0}",43.101711983887206,0.2902338905647249,30.543165867810824,
track,hgb,1,5,"{""learning_rate"": 0.15343480805043985, ""max_iter"": 300, ""max_leaf_nodes"": 63, ""l2_regularization"": 0.003093361861704821, ""min_samples_leaf"": 20, ""cw_power"": 1.0}",41.18831822759315,0.3198815850388097,31.91880040991174,
track,hgb,1,6,"{""learning_rate"": 0.07482092612515487, ""max_iter"": 300, ""max_leaf_nodes"": 15, ""l2_regularization"": 0.7300380082702858, ""min_samples_leaf"": 20, ""cw_power"": 0.5}",40.88620342396778,0.3371501301170014,34.02526190767679,
track,hgb,1,7,"{""learning_rate"": 0.06808426740944735, ""max_iter"": 100, ""max_leaf_nodes"": 31, ""l2_regularization"": 3.4254010095167207, ""min_samples_leaf"": 10, ""cw_power"": 1.0}",37.31117824773414,0.3319923805880651,35.4007579474246,
track,hgb,2,0,"{""learning_rate"": 0.1, ""max_iter"": 100, ""max_leaf_nodes"": 31, ""l2_regularization"": 0.0, ""min_samples_leaf"": 20, ""cw_power"": 1.0}",37.764350453172206,0.33297342867133767,34.672762511583656,
track,hgb,2,1,"{""learning_rate"": 0.10217838049706969, ""max_iter"": 300, ""max_leaf_nodes"": 15, ""l2_regularization"": 0.29041030496688314, ""min_samples_leaf"": 50, ""cw_power"": 1.0}",38.82175226586103,0.34072382192284,35.00189888058632,
track,hgb,2,2,"{""learning_rate"": 0.19105145264042733, ""max_iter"": 100, ""max_leaf_nodes"": 63, ""l2_regularization"": 1.103434677125787, ""min_samples_leaf"": 50, ""cw_power"": 0.5}",38.922457200402825,0.30390758407783713,30.381772593283447,
track,hgb,2,3,"{""learning_rate"": 0.03505515233409357, ""max_iter"": 300, ""max_leaf_nodes"": 63, ""l2_regularization"": 0.03716587500606784, ""min_samples_leaf"": 50, ""cw_power"": 0.5}",40.78549848942598,0.31968806679447775,32.03918106183524,
track,hgb,2,4,"{""learning_rate"": 0.05061095720040197, ""max_iter"": 300, ""max_leaf_nodes"": 15, ""l2_regularization"": 3.545290514205841, ""min_samples_leaf"": 20, ""cw_power"": 1.0}",37.66364551863041,0.34519754460750934,37.57620403641997,
track,hgb,2,5,"{""learning_rate"": 0.17213899962465645, ""max_iter"": 200, ""max_leaf_nodes"": 63, ""l2_regularization"": 0.00801357576232068, ""min_samples_leaf"": 50, ""cw_power"": 0.5}",39.97985901309164,0.30048811245939455,30.232478198474162,
track,hgb,2,6,"{""learning_rate"": 0.10347663122797608, ""max_iter"": 100, ""max_leaf_nodes"": 15, ""l2_regularization"": 0.003464852696764569, ""min_samples_leaf"": 10, ""cw_power"": 0.5}",41.49043303121853,0.3311100135657666,33.58794629064016,
track,hgb,2,7,"{""learning_rate"": 0.22260966357469972, ""max_iter"": 100, ""max_leaf_nodes"": 31, ""l2_regularization"": 0.007164436051249086, ""min_samples_leaf"": 10, ""cw_power"": 0.0}",40.684793554884195,0.29800240536469735,30.102596480992833,
track,hgb,3,0,"{""learning_rate"": 0.1, ""max_iter"": 100, ""max_leaf_nodes"": 31, ""l2_regularization"": 0.0, ""min_samples_leaf"": 20, ""cw_power"": 1.0}",39.2245720040282,0.35039891067915063,36.94015362930815,
track,hgb,3,1,"{""learning_rate"": 0.13708320563006973, ""max_iter"": 300, ""max_leaf_nodes"": 31, ""l2_regularization"": 0.7798655782422116, ""min_samples_leaf"": 20, ""cw_power"": 1.0}",41.54078549848943,0.3435650293098996,34.12392124214523,
track,hgb,3,2,"{""learning_rate"": 0.08723372412838781, ""max_iter"": 300, ""max_leaf_nodes"": 15, ""l2_regularization"": 0.0011551110947315656, ""min_samples_leaf"": 20, ""cw_power"": 1.0}",39.577039274924466,0.35580161554182466,37.20131046826183,
track,hgb,3,3,"{""learning_rate"": 0.03526598863819712, ""max_iter"": 300, ""max_leaf_nodes"": 15, ""l2_regularization"": 0.025777998431050712, ""min_samples_leaf"": 50, ""cw_power"": 0.0}",45.61933534743202,0.3197600739605768,32.83528348456778,
track,hgb,3,4,"{""learning_rate"": 0.22488723008501252, ""max_iter"": 200, ""max_leaf_nodes"": 15, ""l2_regularization"": 5.711906325667171, ""min_samples_leaf"": 10, ""cw_power"": 0.0}",42.799597180261834,0.3155535249920304,31.764977307640898,
track,hgb,3,5,"{""learning_rate"": 0.19295393810379738, ""max_iter"": 300, ""max_leaf_nodes"": 15, ""l2_regularization"": 0.0016453656609825265, ""min_samples_leaf"": 20, ""cw_power"": 1.0}",41.591137965760325,0.35561921844944916,35.71347733245476,
track,hgb,3,6,"{""learning_rate"": 0.14191455661862934, ""max_iter"": 200, ""max_leaf_nodes"": 15, ""l2_regularization"": 0.8296824708034002, ""min_samples_leaf"": 10, ""cw_power"": 1.0}",39.97985901309164,0.3576004491674818,37.3412044754148,
track,hgb,3,7,"{""learning_rate"": 0.16744423874246475, ""max_iter"": 200, ""max_leaf_nodes"": 63, ""l2_regularization"": 0.046256338319589536, ""min_samples_leaf"": 10, ""cw_power"": 0.0}",43.051359516616316,0.31097039817705596,31.579955438557626,
track,hgb,4,0,"{""learning_rate"": 0.1, ""max_iter"": 100, ""max_leaf_nodes"": 31, ""l2_regularization"": 0.0, ""min_samples_leaf"": 20, ""cw_power"": 1.0}",39.72809667673716,0.3416792054516058,35.065771054078716,
track,hgb,4,1,"{""learning_rate"": 0.04429565764924413, ""max_iter"": 200, ""max_leaf_nodes"": 15, ""l2_regularization"": 0.003003930106615595, ""min_samples_leaf"": 10, ""cw_power"": 1.0}",38.11681772406848,0.3465889448287471,37.57274801178243,
track,hgb,4,2,"{""learning_rate"": 0.25623436788423554, ""max_iter"": 300, ""max_leaf_nodes"": 31, ""l2_regularization"": 0.3497922738967461, ""min_samples_leaf"": 20, ""cw_power"": 0.5}",42.14501510574018,0.3235557330304394,32.282477230065446,
track,hgb,4,3,"{""learning_rate"": 0.2150021224896167, ""max_iter"": 300, ""max_leaf_nodes"": 31, ""l2_regularization"": 0.011760984322260236, ""min_samples_leaf"": 10, ""cw_power"": 1.0}",41.893252769385704,0.3237333604950838,32.337877914435005,
track,hgb,4,4,"{""learning_rate"": 0.2918791032797684, ""max_iter"": 300, ""max_leaf_nodes"": 63, ""l2_regularization"": 5.88384645444144, ""min_samples_leaf"": 10, ""cw_power"": 0.5}",41.79254783484391,0.3159417105694223,31.553005853940746,
track,hgb,4,5,"{""learning_rate"": 0.06234576377126731, ""max_iter"": 200, ""max_leaf_nodes"": 15, ""l2_regularization"": 0.01127799093025127, ""min_samples_leaf"": 50, ""cw_power"": 0.5}",42.34642497482376,0.34869485756234797,34.982117912545455,
track,hgb,4,6,"{""learning_rate"": 0.04646853506976703, ""max_iter"": 200, ""max_leaf_nodes"": 15, ""l2_regularization"": 2.155007501396098, ""min_samples_leaf"": 10, ""cw_power"": 1.0}",37.66364551863041,0.3443115529105827,37.63785739483056,
track,hgb,4,7,"{""learning_rate"": 0.15733541533472972, ""max_iter"": 200, ""max_leaf_nodes"": 31, ""l2_regularization"": 0.03920047619614593, ""min_samples_leaf"": 10, ""cw_power"": 0.5}",41.591137965760325,0.317669939118421,31.87933618164512,
track,hgb,5,0,"{""learning_rate"": 0.1, ""max_iter"": 100, ""max_leaf_nodes"": 31, ""l2_regularization"": 0.0, ""min_samples_leaf"": 20, ""cw_power"": 1.0}",38.318227593152066,0.3400374346042353,35.685992159608446,
track,hgb,5,1,"{""learning_rate"": 0.25401401089287934, ""max_iter"": 300, ""max_leaf_nodes"": 31, ""l2_regularization"": 1.1341713725286429, ""min_samples_leaf"": 20, ""cw_power"": 1.0}",39.72809667673716,0.3183211650013906,31.70567621936391,
track,hgb,5,2,"{""learning_rate"": 0.12346523946513852, ""max_iter"": 300, ""max_leaf_nodes"": 31, ""l2_regularization"": 0.20400434049621527, ""min_samples_leaf"": 50, ""cw_power"": 1.0}",40.130916414904334,0.3252000270843244,32.6617374718382,
track,hgb,5,3,"{""learning_rate"": 0.03452162749847991, ""max_iter"": 100, ""max_leaf_nodes"": 31, ""l2_regularization"": 0.10695161272694115, ""min_samples_leaf"": 20, ""cw_power"": 1.0}",37.512588116817724,0.343351087961198,38.44886000025741,
track,hgb,5,4,"{""learning_rate"": 0.19551417684538439, ""max_iter"": 300, ""max_leaf_nodes"": 63, ""l2_regularization"": 0.06546223667184368, ""min_samples_leaf"": 20, ""cw_power"": 1.0}",41.23867069486405,0.3140879803291349,31.601117326856944,
track,hgb,5,5,"{""learning_rate"": 0.11926384653298058, ""max_iter"": 200, ""max_leaf_nodes"": 15, ""l2_regularization"": 0.0011111724629084586, ""min_samples_leaf"": 20, ""cw_power"": 0.5}",40.5337361530715,0.33136768008416884,33.37552417343438,
track,hgb,5,6,"{""learning_rate"": 0.059182337796145484, ""max_iter"": 300, ""max_leaf_nodes"": 31, ""l2_regularization"": 0.09373825030827192, ""min_samples_leaf"": 10, ""cw_power"": 0.5}",41.08761329305136,0.3122770267206164,31.680180829731235,
track,hgb,5,7,"{""learning_rate"": 0.0470300167789639, ""max_iter"": 100, ""max_leaf_nodes"": 31, ""l2_regularization"": 0.01204093376958626, ""min_samples_leaf"": 20, ""cw_power"": 0.5}",41.54078549848943,0.3438146829451522,34.92600934099688,
program,static_mlp,1,0,"{""epochs"": 15, ""lr"": 0.001, ""weight_decay"": 0.01, ""batch_size"": 128, ""dropout"": 0.2, ""static_h"": 128, ""rnn_h"": 64, ""cw_power"": 1.0}",8.308157099697885,0.03496354870796181,6.679876556647225,38.46928499496475
program,static_mlp,1,1,"{""epochs"": 40, ""lr"": 0.0007116332015945283, ""weight_decay"": 0.002165317283595542, ""batch_size"": 256, ""dropout"": 0.5, ""static_h"": 256, ""rnn_h"": 64, ""cw_power"": 1.0}",11.983887210473315,0.04696649034867379,8.832581650787235,48.036253776435046
program,static_mlp,1,2,"{""epochs"": 25, ""lr"": 0.0013796782002690117, ""weight_decay"": 0.06594626760646992, ""batch_size"": 256, ""dropout"": 0.2, ""static_h"": 256, ""rnn_h"": 64, ""cw_power"": 0.5}",36.20342396777442,0.06923966160563709,7.735416795235736,75.98187311178248
program,static_mlp,1,3,"{""epochs"": 40, ""lr"": 0.00033721086977835037, ""weight_decay"": 0.0025922136631451606, ""batch_size"": 256, ""dropout"": 0.2, ""static_h"": 128, ""rnn_h"": 64, ""cw_power"": 0.5}",34.894259818731115,0.06670981869733125,7.351379325951289,74.37059415911381
program,static_mlp,1,4,"{""epochs"": 25, ""lr"": 0.0018802490873414987, ""weight_decay"": 0.004540914631830939, ""batch_size"": 128, ""dropout"": 0.5, ""static_h"": 64, ""rnn_h"": 64, ""cw_power"": 0.5}",40.483383685800604,0.05866151894804687,7.26020976674654,78.24773413897282
program,static_mlp,1,5,"{""epochs"": 25, ""lr"": 0.000718830251339106, ""weight_decay"": 0.0010500718763797618, ""batch_size"": 128, ""dropout"": 0.5, ""static_h"": 64, ""rnn_h"": 64, ""cw_power"": 1.0}",10.473313192346426,0.04232544350289949,7.613671445073904,39.72809667673716
program,static_mlp,1,6,"{""epochs"": 15, ""lr"": 0.000332217825338983, ""weight_decay"": 0.09836752265945088, ""batch_size"": 256, ""dropout"": 0.1, ""static_h"": 256, ""rnn_h"": 64, ""cw_power"": 1.0}",6.042296072507553,0.03253021564772067,8.857777287560324,28.751258811681772
program,static_mlp,1,7,"{""epochs"": 25, ""lr"": 0.0006721450825133937, ""weight_decay"": 0.08823599735201078, ""batch_size"": 256, ""dropout"": 0.5, ""static_h"": 128, ""rnn_h"": 32, ""cw_power"": 0.5}",40.03021148036254,0.051032068268097405,5.903139391156307,78.54984894259819
program,lstm,1,0,"{""epochs"": 15, ""lr"": 0.001, ""weight_decay"": 0.01, ""batch_size"": 128, ""dropout"": 0.2, ""static_h"": 128, ""rnn_h"": 64, ""cw_power"": 1.0}",2.8197381671701915,0.01804998368525946,7.309387307371234,25.226586102719033
program,lstm,1,1,"{""epochs"": 15, ""lr"": 0.0016457391419085706, ""weight_decay"": 0.005994902790327624, ""batch_size"": 128, ""dropout"": 0.1, ""static_h"": 256, ""rnn_h"": 64, ""cw_power"": 0.0}",43.101711983887206,0.037144933612348816,5.425010725987792,80.51359516616314
program,lstm,1,2,"{""epochs"": 25, ""lr"": 0.0011575901201491218, ""weight_decay"": 0.004966745206553224, ""batch_size"": 64, ""dropout"": 0.5, ""static_h"": 128, ""rnn_h"": 32, ""cw_power"": 1.0}",13.141993957703926,0.0373198911567196,7.7201864042845525,41.389728096676734
program,lstm,1,3,"{""epochs"": 40, ""lr"": 0.0024462518682993686, ""weight_decay"": 0.009007620100681494, ""batch_size"": 128, ""dropout"": 0.1, ""static_h"": 128, ""rnn_h"": 128, ""cw_power"": 0.0}",43.152064451158104,0.036666870331158466,5.409438888694685,79.40584088620342
program,lstm,1,4,"{""epochs"": 40, ""lr"": 0.00043526627165648335, ""weight_decay"": 0.0025475029123143192, ""batch_size"": 256, ""dropout"": 0.1, ""static_h"": 128, ""rnn_h"": 128, ""cw_power"": 0.0}",43.051359516616316,0.036471206631289554,5.39330495553757,79.60725075528701
program,lstm,1,5,"{""epochs"": 40, ""lr"": 0.0011508051774245288, ""weight_decay"": 0.0005187459486162754, ""batch_size"": 256, ""dropout"": 0.1, ""static_h"": 64, ""rnn_h"": 64, ""cw_power"": 0.0}",42.84994964753273,0.036785074140459506,5.379860011239973,80.06042296072508
program,lstm,1,6,"{""epochs"": 25, ""lr"": 0.0011851918821732703, ""weight_decay"": 0.00016897997322798495, ""batch_size"": 256, ""dropout"": 0.1, ""static_h"": 128, ""rnn_h"": 128, ""cw_power"": 0.0}",42.95065458207452,0.035961249241144196,5.3696418535738015,79.90936555891238
program,lstm,1,7,"{""epochs"": 25, ""lr"": 0.0008787216970617155, ""weight_decay"": 0.00020888845120648923, ""batch_size"": 256, ""dropout"": 0.2, ""static_h"": 64, ""rnn_h"": 32, ""cw_power"": 1.0}",2.8197381671701915,0.015898968093082753,7.752335105023893,23.36354481369587
program,hyb1,1,0,"{""epochs"": 15, ""lr"": 0.001, ""weight_decay"": 0.01, ""batch_size"": 128, ""dropout"": 0.2, ""static_h"": 128, ""rnn_h"": 64, ""cw_power"": 1.0}",10.120845921450151,0.0423581147230056,7.775907309480049,40.735146022155085
program,hyb1,1,1,"{""epochs"": 25, ""lr"": 0.0019067449984689767, ""weight_decay"": 0.02949650748229745, ""batch_size"": 256, ""dropout"": 0.2, ""static_h"": 128, ""rnn_h"": 64, ""cw_power"": 1.0}",18.07653575025176,0.05073575290465093,8.869504600840457,57.65357502517623
program,hyb1,1,2,"{""epochs"": 40, ""lr"": 0.0005916419884023108, ""weight_decay"": 0.00015498603418397674, ""batch_size"": 256, ""dropout"": 0.5, ""static_h"": 256, ""rnn_h"": 128, ""cw_power"": 1.0}",11.278952668680766,0.043477038765932355,8.883888956530335,44.31017119838872
program,hyb1,1,3,"{""epochs"": 40, ""lr"": 0.0006706825182225447, ""weight_decay"": 0.002949116799161753, ""batch_size"": 256, ""dropout"": 0.3, ""static_h"": 128, ""rnn_h"": 128, ""cw_power"": 0.0}",42.799597180261834,0.050663472766269126,5.9561871603092165,80.06042296072508
program,hyb1,1,4,"{""epochs"": 15, ""lr"": 0.0003396485481524863, ""weight_decay"": 0.00901685183308984, ""batch_size"": 64, ""dropout"": 0.3, ""static_h"": 256, ""rnn_h"": 128, ""cw_power"": 0.0}",41.943605236656595,0.04892526861156151,5.789921012086163,80.66465256797582
program,hyb1,1,5,"{""epochs"": 15, ""lr"": 0.000547615790768176, ""weight_decay"": 0.00033677709862230506, ""batch_size"": 128, ""dropout"": 0.2, ""static_h"": 256, ""rnn_h"": 32, ""cw_power"": 0.5}",35.49848942598187,0.06607212204029188,6.928937289314095,74.67270896273918
program,hyb1,1,6,"{""epochs"": 15, ""lr"": 0.000836806324888122, ""weight_decay"": 0.003089512988960656, ""batch_size"": 256, ""dropout"": 0.1, ""static_h"": 128, ""rnn_h"": 32, ""cw_power"": 0.0}",43.3031218529708,0.04926576952630666,5.917599386729113,81.0171198388721
program,hyb1,1,7,"{""epochs"": 25, ""lr"": 0.0015854100592619536, ""weight_decay"": 0.00381556961126518, ""batch_size"": 256, ""dropout"": 0.2, ""static_h"": 64, ""rnn_h"": 128, ""cw_power"": 1.0}",17.01913393756294,0.04559437635432249,7.5763165849546885,53.423967774420944
program,hyb2,1,0,"{""epochs"": 15, ""lr"": 0.001, ""weight_decay"": 0.01, ""batch_size"": 128, ""dropout"": 0.2, ""static_h"": 128, ""rnn_h"": 64, ""cw_power"": 1.0}",10.876132930513595,0.03942905702329762,6.980340455121135,45.468277945619334
program,hyb2,1,1,"{""epochs"": 25, ""lr"": 0.0027437629787319456, ""weight_decay"": 0.00016477827762027808, ""batch_size"": 128, ""dropout"": 0.5, ""static_h"": 128, ""rnn_h"": 64, ""cw_power"": 0.5}",41.64149043303122,0.057970204959322584,7.1532856121824935,78.80161127895266
program,hyb2,1,2,"{""epochs"": 15, ""lr"": 0.000817980250490322, ""weight_decay"": 0.04337503845822465, ""batch_size"": 128, ""dropout"": 0.1, ""static_h"": 256, ""rnn_h"": 128, ""cw_power"": 1.0}",15.206445115810673,0.04897519359757141,8.175059069420701,51.913393756294056
program,hyb2,1,3,"{""epochs"": 25, ""lr"": 0.0012294678561692314, ""weight_decay"": 0.08082915457184024, ""batch_size"": 128, ""dropout"": 0.2, ""static_h"": 256, ""rnn_h"": 128, ""cw_power"": 0.0}",39.2245720040282,0.06256388586640743,6.4929999326232775,78.3987915407855
program,hyb2,1,4,"{""epochs"": 25, ""lr"": 0.0011676551084245635, ""weight_decay"": 0.001497584045075882, ""batch_size"": 256, ""dropout"": 0.1, ""static_h"": 128, ""rnn_h"": 32, ""cw_power"": 0.5}",36.35448136958711,0.06887155698190862,7.629581130896347,76.48539778449144
program,hyb2,1,5,"{""epochs"": 25, ""lr"": 0.0003205259773314333, ""weight_decay"": 0.007819950716549649, ""batch_size"": 64, ""dropout"": 0.1, ""static_h"": 64, ""rnn_h"": 32, ""cw_power"": 0.0}",40.83585095669688,0.05227234267338067,5.888501591249654,79.65760322255791
program,hyb2,1,6,"{""epochs"": 15, ""lr"": 0.0011797742868541864, ""weight_decay"": 0.0008139483274193235, ""batch_size"": 128, ""dropout"": 0.5, ""static_h"": 64, ""rnn_h"": 128, ""cw_power"": 1.0}",6.495468277945619,0.03703620783613702,12.667545547074635,30.614300100704934
program,hyb2,1,7,"{""epochs"": 15, ""lr"": 0.00040644213511753193, ""weight_decay"": 0.00027119647921017395, ""batch_size"": 128, ""dropout"": 0.1, ""static_h"": 128, ""rnn_h"": 32, ""cw_power"": 0.5}",36.75730110775428,0.07305232947933286,8.006410154668606,76.53575025176234
program,hyb3,1,0,"{""epochs"": 15, ""lr"": 0.001, ""weight_decay"": 0.01, ""batch_size"": 128, ""dropout"": 0.2, ""static_h"": 128, ""rnn_h"": 64, ""cw_power"": 1.0}",13.947633434038268,0.0507188845879601,10.973626295117041,47.88519637462236
program,hyb3,1,1,"{""epochs"": 40, ""lr"": 0.0018776548821007146, ""weight_decay"": 0.000767503660227397, ""batch_size"": 128, ""dropout"": 0.5, ""static_h"": 128, ""rnn_h"": 32, ""cw_power"": 0.0}",42.95065458207452,0.04646673039193452,5.767689041256924,80.21148036253777
program,hyb3,1,2,"{""epochs"": 15, ""lr"": 0.001808431137108469, ""weight_decay"": 0.03820283443459137, ""batch_size"": 128, ""dropout"": 0.2, ""static_h"": 64, ""rnn_h"": 32, ""cw_power"": 0.0}",43.051359516616316,0.051108758328359934,6.092296628689316,80.06042296072508
program,hyb3,1,3,"{""epochs"": 40, ""lr"": 0.00037273432383212686, ""weight_decay"": 0.0004939840986591268, ""batch_size"": 64, ""dropout"": 0.5, ""static_h"": 64, ""rnn_h"": 64, ""cw_power"": 0.5}",39.92950654582075,0.06278934387236129,8.369974974012164,77.54279959718026
program,hyb3,1,4,"{""epochs"": 15, ""lr"": 0.001093152651740974, ""weight_decay"": 0.004165210937724426, ""batch_size"": 128, ""dropout"": 0.2, ""static_h"": 256, ""rnn_h"": 32, ""cw_power"": 0.5}",33.93756294058409,0.06885364505019306,8.10473407130318,73.76636455186303
program,hyb3,1,5,"{""epochs"": 25, ""lr"": 0.0010616305004833547, ""weight_decay"": 0.002302748308235793, ""batch_size"": 128, ""dropout"": 0.3, ""static_h"": 256, ""rnn_h"": 32, ""cw_power"": 1.0}",21.34944612286002,0.06325808600225397,10.12221961694758,59.516616314199396
program,hyb3,1,6,"{""epochs"": 15, ""lr"": 0.002925874304257009, ""weight_decay"": 0.024366107772164095, ""batch_size"": 256, ""dropout"": 0.2, ""static_h"": 64, ""rnn_h"": 128, ""cw_power"": 0.0}",42.497482376636455,0.05147312913450891,6.067082585748534,80.26183282980867
program,hyb3,1,7,"{""epochs"": 15, ""lr"": 0.0003465388837878909, ""weight_decay"": 0.004059697745511182, ""batch_size"": 64, ""dropout"": 0.1, ""static_h"": 128, ""rnn_h"": 64, ""cw_power"": 1.0}",14.19939577039275,0.05797893145293307,11.482319807036784,43.3031218529708
program,hyb4,1,0,"{""epochs"": 15, ""lr"": 0.001, ""weight_decay"": 0.01, ""batch_size"": 128, ""dropout"": 0.2, ""static_h"": 128, ""rnn_h"": 64, ""cw_power"": 1.0}",10.775427995971802,0.04756266438478708,10.198294973726101,42.44712990936556
program,hyb4,1,1,"{""epochs"": 40, ""lr"": 0.0010951740321458467, ""weight_decay"": 0.034870943345560616, ""batch_size"": 128, ""dropout"": 0.3, ""static_h"": 128, ""rnn_h"": 128, ""cw_power"": 0.5}",35.44813695871098,0.0696037890817509,8.652647290407806,75.93152064451158
program,hyb4,1,2,"{""epochs"": 15, ""lr"": 0.0025827602618748806, ""weight_decay"": 0.0011998547750404788, ""batch_size"": 256, ""dropout"": 0.2, ""static_h"": 128, ""rnn_h"": 64, ""cw_power"": 0.5}",33.434038267875124,0.06527205294764638,6.982778832556324,75.17623363544814
program,hyb4,1,3,"{""epochs"": 25, ""lr"": 0.0018123497025868904, ""weight_decay"": 0.0004884603732308433, ""batch_size"": 128, ""dropout"": 0.3, ""static_h"": 128, ""rnn_h"": 128, ""cw_power"": 0.0}",40.5337361530715,0.05182445861531473,5.838631959563158,78.65055387713998
program,hyb4,1,4,"{""epochs"": 40, ""lr"": 0.0009059672025452453, ""weight_decay"": 0.00036512675072492777, ""batch_size"": 128, ""dropout"": 0.2, ""static_h"": 256, ""rnn_h"": 128, ""cw_power"": 0.5}",35.04531722054381,0.06715364224855036,7.410041930830825,75.88116817724068
program,hyb4,1,5,"{""epochs"": 40, ""lr"": 0.0006841631736214719, ""weight_decay"": 0.023937889096812444, ""batch_size"": 256, ""dropout"": 0.3, ""static_h"": 256, ""rnn_h"": 128, ""cw_power"": 0.0}",41.591137965760325,0.05193331359414975,5.950776764885629,78.70090634441088
program,hyb4,1,6,"{""epochs"": 25, ""lr"": 0.0010715754474374623, ""weight_decay"": 0.004726630004715784, ""batch_size"": 128, ""dropout"": 0.3, ""static_h"": 256, ""rnn_h"": 32, ""cw_power"": 0.0}",40.080563947633436,0.050938120107505605,5.737637782401308,78.54984894259819
program,hyb4,1,7,"{""epochs"": 40, ""lr"": 0.000991244875395869, ""weight_decay"": 0.029216815074671276, ""batch_size"": 256, ""dropout"": 0.1, ""static_h"": 256, ""rnn_h"": 64, ""cw_power"": 0.0}",37.61329305135951,0.05721125408296501,6.01384821029314,77.24068479355488
program,proposed,1,0,"{""epochs"": 15, ""lr"": 0.001, ""weight_decay"": 0.01, ""batch_size"": 128, ""dropout"": 0.2, ""static_h"": 128, ""rnn_h"": 64, ""cw_power"": 1.0}",9.466263846928499,0.04126164983582915,8.853831355430405,39.02316213494461
program,proposed,1,1,"{""epochs"": 15, ""lr"": 0.002349385070243438, ""weight_decay"": 0.0021438922830304182, ""batch_size"": 256, ""dropout"": 0.1, ""static_h"": 256, ""rnn_h"": 64, ""cw_power"": 1.0}",15.307150050352467,0.049085913444205334,8.854733044602503,51.107754279959714
program,proposed,1,2,"{""epochs"": 40, ""lr"": 0.0003224900048987953, ""weight_decay"": 0.005066150567292886, ""batch_size"": 128, ""dropout"": 0.2, ""static_h"": 128, ""rnn_h"": 128, ""cw_power"": 0.0}",41.18831822759315,0.051683346143173894,5.904232959523844,79.60725075528701
program,proposed,1,3,"{""epochs"": 25, ""lr"": 0.0009246910932727538, ""weight_decay"": 0.00011861552371349484, ""batch_size"": 128, ""dropout"": 0.5, ""static_h"": 256, ""rnn_h"": 64, ""cw_power"": 1.0}",15.256797583081571,0.04801353553373954,9.29556537429838,49.89929506545821
program,proposed,1,4,"{""epochs"": 40, ""lr"": 0.002416705011413315, ""weight_decay"": 0.00033037601903499467, ""batch_size"": 64, ""dropout"": 0.5, ""static_h"": 128, ""rnn_h"": 32, ""cw_power"": 1.0}",16.76737160120846,0.047254127654753744,9.534476538588398,51.71198388721048
program,proposed,1,5,"{""epochs"": 40, ""lr"": 0.0010555334613282072, ""weight_decay"": 0.004215071779182107, ""batch_size"": 256, ""dropout"": 0.5, ""static_h"": 64, ""rnn_h"": 64, ""cw_power"": 1.0}",6.948640483383686,0.034328388064894924,9.519669159329181,34.541792547834845
program,proposed,1,6,"{""epochs"": 40, ""lr"": 0.0011242501609811566, ""weight_decay"": 0.00011002155489254163, ""batch_size"": 256, ""dropout"": 0.5, ""static_h"": 64, ""rnn_h"": 128, ""cw_power"": 0.5}",38.56998992950655,0.07224189096567725,8.285743197516197,77.19033232628398
program,proposed,1,7,"{""epochs"": 40, ""lr"": 0.0013079571132985403, ""weight_decay"": 0.0014267715119528326, ""batch_size"": 64, ""dropout"": 0.5, ""static_h"": 128, ""rnn_h"": 64, ""cw_power"": 0.5}",39.1742195367573,0.05193180696499557,6.3291878724692845,78.65055387713998
program,static_mlp,2,0,"{""epochs"": 15, ""lr"": 0.001, ""weight_decay"": 0.01, ""batch_size"": 128, ""dropout"": 0.2, ""static_h"": 128, ""rnn_h"": 64, ""cw_power"": 1.0}",12.134944612286,0.043312847234267704,7.812112469407757,46.324269889224574
program,static_mlp,2,1,"{""epochs"": 25, ""lr"": 0.00032542424961970045, ""weight_decay"": 0.00022148509060126472, ""batch_size"": 128, ""dropout"": 0.2, ""static_h"": 64, ""rnn_h"": 64, ""cw_power"": 0.0}",42.34642497482376,0.04380385800374535,5.581130296553904,81.72205438066466
program,static_mlp,2,2,"{""epochs"": 40, ""lr"": 0.0009950859778666747, ""weight_decay"": 0.07749421198896692, ""batch_size"": 64, ""dropout"": 0.3, ""static_h"": 128, ""rnn_h"": 32, ""cw_power"": 1.0}",18.52970795568983,0.0509215977810377,7.194823932750401,60.27190332326284
program,static_mlp,2,3,"{""epochs"": 25, ""lr"": 0.0006721035434020237, ""weight_decay"": 0.043219189293725625, ""batch_size"": 64, ""dropout"": 0.3, ""static_h"": 64, ""rnn_h"": 128, ""cw_power"": 1.0}",11.278952668680766,0.049359581848632546,8.86894956011794,44.813695871097686
program,static_mlp,2,4,"{""epochs"": 25, ""lr"": 0.0006671749435895194, ""weight_decay"": 0.001281836325893491, ""batch_size"": 128, ""dropout"": 0.5, ""static_h"": 64, ""rnn_h"": 64, ""cw_power"": 0.5}",38.318227593152066,0.05859243209020669,6.104009122025764,80.06042296072508
program,static_mlp,2,5,"{""epochs"": 40, ""lr"": 0.0031560689219950525, ""weight_decay"": 0.012581080767199769, ""batch_size"": 256, ""dropout"": 0.2, ""static_h"": 128, ""rnn_h"": 64, ""cw_power"": 0.0}",38.77139979859013,0.058821935574266015,6.181424255611173,78.24773413897282
program,static_mlp,2,6,"{""epochs"": 25, ""lr"": 0.00037014722673590553, ""weight_decay"": 0.0007171145134958099, ""batch_size"": 256, ""dropout"": 0.3, ""static_h"": 256, ""rnn_h"": 128, ""cw_power"": 0.5}",37.26082578046324,0.07222227282567883,7.657995170340631,76.68680765357503
program,static_mlp,2,7,"{""epochs"": 40, ""lr"": 0.003085002860918391, ""weight_decay"": 0.0010833359616763947, ""batch_size"": 64, ""dropout"": 0.3, ""static_h"": 128, ""rnn_h"": 64, ""cw_power"": 0.5}",33.7865055387714,0.052596229856710926,5.97508235805013,76.28398791540786
program,lstm,2,0,"{""epochs"": 15, ""lr"": 0.001, ""weight_decay"": 0.01, ""batch_size"": 128, ""dropout"": 0.2, ""static_h"": 128, ""rnn_h"": 64, ""cw_power"": 1.0}",3.927492447129909,0.023365081071497863,12.429856277503436,22.608257804632427
program,lstm,2,1,"{""epochs"": 15, ""lr"": 0.001828497390192915, ""weight_decay"": 0.00045841977194054496, ""batch_size"": 128, ""dropout"": 0.1, ""static_h"": 64, ""rnn_h"": 64, ""cw_power"": 0.5}",40.483383685800604,0.052177686798533206,5.979080216610536,78.04632426988923
program,lstm,2,2,"{""epochs"": 15, ""lr"": 0.0003851032017465509, ""weight_decay"": 0.00027247039625172146, ""batch_size"": 128, ""dropout"": 0.2, ""static_h"": 256, ""rnn_h"": 64, ""cw_power"": 1.0}",7.452165156092648,0.02966482739566416,11.425353849488854,39.828801611278955
program,lstm,2,3,"{""epochs"": 25, ""lr"": 0.002386971769637578, ""weight_decay"": 0.020473517581090644, ""batch_size"": 256, ""dropout"": 0.2, ""static_h"": 128, ""rnn_h"": 32, ""cw_power"": 1.0}",4.028197381671702,0.021278162712232984,10.36469406400506,14.904330312185296
program,lstm,2,4,"{""epochs"": 15, ""lr"": 0.0008858038159424948, ""weight_decay"": 0.0781457712776895, ""batch_size"": 128, ""dropout"": 0.5, ""static_h"": 256, ""rnn_h"": 32, ""cw_power"": 0.5}",40.181268882175225,0.05187632487000504,6.346189050398668,78.95266868076536
program,lstm,2,5,"{""epochs"": 40, ""lr"": 0.0003309479350159732, ""weight_decay"": 0.0002397603745371098, ""batch_size"": 128, ""dropout"": 0.3, ""static_h"": 256, ""rnn_h"": 64, ""cw_power"": 0.0}",42.84994964753273,0.03449018460460108,5.315544686383591,79.90936555891238
program,lstm,2,6,"{""epochs"": 15, ""lr"": 0.0005781494700786561, ""weight_decay"": 0.01961893248738483, ""batch_size"": 128, ""dropout"": 0.2, ""static_h"": 64, ""rnn_h"": 64, ""cw_power"": 0.5}",40.433031218529706,0.05230659366569903,6.220872967916071,78.3484390735146
program,lstm,2,7,"{""epochs"": 15, ""lr"": 0.0005152991578245676, ""weight_decay"": 0.00014516033391725997, ""batch_size"": 256, ""dropout"": 0.1, ""static_h"": 128, ""rnn_h"": 64, ""cw_power"": 1.0}",5.790533736153072,0.026269447594795173,11.061110803663562,27.99597180261833
program,hyb1,2,0,"{""epochs"": 15, ""lr"": 0.001, ""weight_decay"": 0.01, ""batch_size"": 128, ""dropout"": 0.2, ""static_h"": 128, ""rnn_h"": 64, ""cw_power"": 1.0}",11.430010070493454,0.042529862047676115,8.566710497300056,43.202416918429
program,hyb1,2,1,"{""epochs"": 40, ""lr"": 0.0006500648648726123, ""weight_decay"": 0.001385618338803228, ""batch_size"": 256, ""dropout"": 0.5, ""static_h"": 64, ""rnn_h"": 64, ""cw_power"": 0.0}",43.55488418932528,0.04397270833191051,5.689125373096123,82.72910372608257
program,hyb1,2,2,"{""epochs"": 15, ""lr"": 0.00039443006113707053, ""weight_decay"": 0.00023419561338443458, ""batch_size"": 64, ""dropout"": 0.2, ""static_h"": 128, ""rnn_h"": 128, ""cw_power"": 0.0}",42.74924471299094,0.0504206828005455,5.961696707516868,82.22557905337362
program,hyb1,2,3,"{""epochs"": 40, ""lr"": 0.0027208658940939415, ""weight_decay"": 0.00010417691346137196, ""batch_size"": 64, ""dropout"": 0.2, ""static_h"": 128, ""rnn_h"": 128, ""cw_power"": 1.0}",22.860020140986908,0.058766969462710275,6.390381607081568,63.24269889224572
program,hyb1,2,4,"{""epochs"": 40, ""lr"": 0.000953362372351996, ""weight_decay"": 0.0016840196189774653, ""batch_size"": 256, ""dropout"": 0.5, ""static_h"": 64, ""rnn_h"": 32, ""cw_power"": 0.0}",43.85699899295065,0.04604871073201551,5.803683329659958,82.17522658610272
program,hyb1,2,5,"{""epochs"": 15, ""lr"": 0.001628658454617639, ""weight_decay"": 0.0001741902401726334, ""batch_size"": 256, ""dropout"": 0.1, ""static_h"": 64, ""rnn_h"": 32, ""cw_power"": 0.5}",36.606243705941594,0.07813443677632713,9.606326110494145,76.18328298086607
program,hyb1,2,6,"{""epochs"": 40, ""lr"": 0.0012908906361530996, ""weight_decay"": 0.0005559009834358665, ""batch_size"": 64, ""dropout"": 0.1, ""static_h"": 128, ""rnn_h"": 128, ""cw_power"": 1.0}",24.823766364551865,0.05715629283142367,7.571437735370333,69.03323262839879
program,hyb1,2,7,"{""epochs"": 40, ""lr"": 0.00207845976188066, ""weight_decay"": 0.008588432149116795, ""batch_size"": 128, ""dropout"": 0.5, ""static_h"": 256, ""rnn_h"": 128, ""cw_power"": 0.0}",40.483383685800604,0.05213468367336276,5.845069272770748,80.76535750251762
program,hyb2,2,0,"{""epochs"": 15, ""lr"": 0.001, ""weight_decay"": 0.01, ""batch_size"": 128, ""dropout"": 0.2, ""static_h"": 128, ""rnn_h"": 64, ""cw_power"": 1.0}",12.084592145015106,0.05052955873530799,12.379679912685306,44.008056394763344
program,hyb2,2,1,"{""epochs"": 15, ""lr"": 0.00033024428462498134, ""weight_decay"": 0.0013919165736447493, ""batch_size"": 64, ""dropout"": 0.2, ""static_h"": 64, ""rnn_h"": 128, ""cw_power"": 0.0}",43.152064451158104,0.0485944473415026,5.908000725555196,82.12487411883183
program,hyb2,2,2,"{""epochs"": 25, ""lr"": 0.0018022867085525584, ""weight_decay"": 0.00029004095500390813, ""batch_size"": 256, ""dropout"": 0.2, ""static_h"": 128, ""rnn_h"": 64, ""cw_power"": 0.5}",32.3766364551863,0.0757182581526496,9.522408447289923,76.33434038267876
program,hyb2,2,3,"{""epochs"": 15, ""lr"": 0.0004242392948124294, ""weight_decay"": 0.011949504427419865, ""batch_size"": 256, ""dropout"": 0.2, ""static_h"": 128, ""rnn_h"": 128, ""cw_power"": 0.0}",43.00100704934542,0.05212351924758163,6.083622819562208,82.72910372608257
program,hyb2,2,4,"{""epochs"": 40, ""lr"": 0.0006713478032737454, ""weight_decay"": 0.012465141326726856, ""batch_size"": 64, ""dropout"": 0.1, ""static_h"": 256, ""rnn_h"": 32, ""cw_power"": 1.0}",24.87411883182276,0.059177700225099675,7.84211474721645,68.07653575025176
program,hyb2,2,5,"{""epochs"": 25, ""lr"": 0.0013496336528752166, ""weight_decay"": 0.001906839969878549, ""batch_size"": 256, ""dropout"": 0.1, ""static_h"": 64, ""rnn_h"": 128, ""cw_power"": 1.0}",15.357502517623365,0.053267526108956964,12.479819514892986,51.15810674723061
program,hyb2,2,6,"{""epochs"": 40, ""lr"": 0.0017583100685789857, ""weight_decay"": 0.00015628696317451527, ""batch_size"": 64, ""dropout"": 0.1, ""static_h"": 256, ""rnn_h"": 128, ""cw_power"": 0.0}",34.541792547834845,0.05865635347132765,5.991667412197055,74.62235649546828
program,hyb2,2,7,"{""epochs"": 15, ""lr"": 0.0011236019115778337, ""weight_decay"": 0.042934431880782976, ""batch_size"": 256, ""dropout"": 0.1, ""static_h"": 128, ""rnn_h"": 64, ""cw_power"": 0.5}",39.02316213494461,0.08197229462778212,8.507470824592671,75.83081570996978
program,hyb3,2,0,"{""epochs"": 15, ""lr"": 0.001, ""weight_decay"": 0.01, ""batch_size"": 128, ""dropout"": 0.2, ""static_h"": 128, ""rnn_h"": 64, ""cw_power"": 1.0}",13.041289023162134,0.056668321612439974,12.810252062616954,47.129909365558916
program,hyb3,2,1,"{""epochs"": 25, ""lr"": 0.00038671200408929406, ""weight_decay"": 0.024029258400649386, ""batch_size"": 64, ""dropout"": 0.2, ""static_h"": 64, ""rnn_h"": 128, ""cw_power"": 1.0}",13.39375629405841,0.057395083312415184,14.827327163822169,46.77744209466263
program,hyb3,2,2,"{""epochs"": 15, ""lr"": 0.00034022901518101253, ""weight_decay"": 0.00943565364910915, ""batch_size"": 128, ""dropout"": 0.3, ""static_h"": 256, ""rnn_h"": 32, ""cw_power"": 1.0}",9.013091641490432,0.044109766981161945,13.673044157723336,34.03826787512588
program,hyb3,2,3,"{""epochs"": 15, ""lr"": 0.0006023062434308489, ""weight_decay"": 0.05115277947416214, ""batch_size"": 256, ""dropout"": 0.5, ""static_h"": 128, ""rnn_h"": 32, ""cw_power"": 1.0}",8.761329305135952,0.034159395275710054,15.05701521567398,27.945619335347434
program,hyb3,2,4,"{""epochs"": 15, ""lr"": 0.0008120731003286662, ""weight_decay"": 0.025564274870643246, ""batch_size"": 256, ""dropout"": 0.3, ""static_h"": 128, ""rnn_h"": 32, ""cw_power"": 0.0}",42.95065458207452,0.049365604889371556,5.949175796970736,82.57804632426989
program,hyb3,2,5,"{""epochs"": 25, ""lr"": 0.0016986006290560605, ""weight_decay"": 0.003549924082782143, ""batch_size"": 128, ""dropout"": 0.1, ""static_h"": 128, ""rnn_h"": 128, ""cw_power"": 0.5}",32.225579053373615,0.07115121547495161,7.779164568506758,76.18328298086607
program,hyb3,2,6,"{""epochs"": 15, ""lr"": 0.0005353410438729435, ""weight_decay"": 0.00011447033429799339, ""batch_size"": 128, ""dropout"": 0.1, ""static_h"": 64, ""rnn_h"": 32, ""cw_power"": 1.0}",10.926485397784491,0.04621310047945396,12.802093346772061,35.64954682779456
program,hyb3,2,7,"{""epochs"": 25, ""lr"": 0.0020954208972909466, ""weight_decay"": 0.00015222553150907137, ""batch_size"": 64, ""dropout"": 0.5, ""static_h"": 64, ""rnn_h"": 64, ""cw_power"": 0.0}",41.99395770392749,0.048903770276909474,5.843674070288713,81.87311178247734
program,hyb4,2,0,"{""epochs"": 15, ""lr"": 0.001, ""weight_decay"": 0.01, ""batch_size"": 128, ""dropout"": 0.2, ""static_h"": 128, ""rnn_h"": 64, ""cw_power"": 1.0}",9.365558912386707,0.04756720265422497,13.678279547935565,39.526686807653576
program,hyb4,2,1,"{""epochs"": 40, ""lr"": 0.0010634101662240958, ""weight_decay"": 0.0014192226144134701, ""batch_size"": 128, ""dropout"": 0.5, ""static_h"": 128, ""rnn_h"": 64, ""cw_power"": 0.5}",38.066465256797585,0.07536393294194242,9.000932686836082,79.10372608257804
program,hyb4,2,2,"{""epochs"": 15, ""lr"": 0.0019476855974184743, ""weight_decay"": 0.012977384773194642, ""batch_size"": 128, ""dropout"": 0.3, ""static_h"": 64, ""rnn_h"": 64, ""cw_power"": 1.0}",7.7039274924471295,0.04197235199327034,14.36379972097734,36.40483383685801
program,hyb4,2,3,"{""epochs"": 15, ""lr"": 0.0006498706687687566, ""weight_decay"": 0.001540605427409133, ""batch_size"": 256, ""dropout"": 0.5, ""static_h"": 64, ""rnn_h"": 128, ""cw_power"": 1.0}",5.0352467270896275,0.038906737716018915,9.454382007242016,30.362537764350456
program,hyb4,2,4,"{""epochs"": 40, ""lr"": 0.001853264199656665, ""weight_decay"": 0.00014863580790255366, ""batch_size"": 128, ""dropout"": 0.5, ""static_h"": 256, ""rnn_h"": 128, ""cw_power"": 0.0}",40.98690835850957,0.048160659999506826,5.7432962077812855,80.91641490433031
program,hyb4,2,5,"{""epochs"": 25, ""lr"": 0.001443922206084391, ""weight_decay"": 0.02457478006898021, ""batch_size"": 128, ""dropout"": 0.2, ""static_h"": 128, ""rnn_h"": 128, ""cw_power"": 0.5}",33.383685800604226,0.07365579978482029,8.062222792174463,75.83081570996978
program,hyb4,2,6,"{""epochs"": 25, ""lr"": 0.0011233774308752453, ""weight_decay"": 0.0004869706130706448, ""batch_size"": 128, ""dropout"": 0.3, ""static_h"": 64, ""rnn_h"": 128, ""cw_power"": 0.5}",32.57804632426989,0.08035315106197795,8.863323782301574,76.58610271903324
program,hyb4,2,7,"{""epochs"": 15, ""lr"": 0.0007431860187183788, ""weight_decay"": 0.0009564895436617543, ""batch_size"": 128, ""dropout"": 0.1, ""static_h"": 128, ""rnn_h"": 64, ""cw_power"": 1.0}",10.926485397784491,0.046828144025378,11.024616719241479,40.684793554884195
program,proposed,2,0,"{""epochs"": 15, ""lr"": 0.001, ""weight_decay"": 0.01, ""batch_size"": 128, ""dropout"": 0.2, ""static_h"": 128, ""rnn_h"": 64, ""cw_power"": 1.0}",10.926485397784491,0.043479632900333125,11.420176734407734,45.06545820745217
program,proposed,2,1,"{""epochs"": 15, ""lr"": 0.0007358253103116767, ""weight_decay"": 0.00800319150124718, ""batch_size"": 256, ""dropout"": 0.1, ""static_h"": 256, ""rnn_h"": 32, ""cw_power"": 1.0}",10.221550855991945,0.05034210883931666,12.625049294669841,40.88620342396778
program,proposed,2,2,"{""epochs"": 15, ""lr"": 0.002486754420997452, ""weight_decay"": 0.00017140046924792184, ""batch_size"": 256, ""dropout"": 0.2, ""static_h"": 256, ""rnn_h"": 128, ""cw_power"": 0.5}",37.46223564954683,0.07461308645892421,9.03687962546749,77.84491440080565
program,proposed,2,3,"{""epochs"": 40, ""lr"": 0.003082835770793123, ""weight_decay"": 0.04510406463138904, ""batch_size"": 64, ""dropout"": 0.2, ""static_h"": 128, ""rnn_h"": 128, ""cw_power"": 0.5}",36.606243705941594,0.06102961966609257,6.914602543696587,77.29103726082577
program,proposed,2,4,"{""epochs"": 40, ""lr"": 0.0013080782161547253, ""weight_decay"": 0.018125435549111266, ""batch_size"": 64, ""dropout"": 0.5, ""static_h"": 256, ""rnn_h"": 32, ""cw_power"": 0.5}",37.764350453172206,0.06416361715146131,6.762248921006508,78.14702920443102
program,proposed,2,5,"{""epochs"": 25, ""lr"": 0.00314615363615542, ""weight_decay"": 0.004599261389223695, ""batch_size"": 64, ""dropout"": 0.1, ""static_h"": 128, ""rnn_h"": 128, ""cw_power"": 0.5}",32.3262839879154,0.07376235748746601,7.4775630221633484,75.62940584088619
program,proposed,2,6,"{""epochs"": 15, ""lr"": 0.0005568487407790381, ""weight_decay"": 0.050955108253122265, ""batch_size"": 128, ""dropout"": 0.1, ""static_h"": 256, ""rnn_h"": 128, ""cw_power"": 1.0}",12.94058408862034,0.059602960272389045,14.106080138169522,46.17321248741189
program,proposed,2,7,"{""epochs"": 25, ""lr"": 0.000341466477651759, ""weight_decay"": 0.08951070672736001, ""batch_size"": 256, ""dropout"": 0.3, ""static_h"": 128, ""rnn_h"": 128, ""cw_power"": 0.5}",38.418932527693855,0.07351179347505765,7.536064441763814,78.4491440080564
program,static_mlp,3,0,"{""epochs"": 15, ""lr"": 0.001, ""weight_decay"": 0.01, ""batch_size"": 128, ""dropout"": 0.2, ""static_h"": 128, ""rnn_h"": 64, ""cw_power"": 1.0}",9.214501510574017,0.04298266447008063,13.091039951779909,40.6344410876133
program,static_mlp,3,1,"{""epochs"": 40, ""lr"": 0.001148148820826181, ""weight_decay"": 0.007980858458554558, ""batch_size"": 256, ""dropout"": 0.2, ""static_h"": 256, ""rnn_h"": 128, ""cw_power"": 0.0}",40.735146022155085,0.05496023238237,6.012370730679289,78.29808660624371
program,static_mlp,3,2,"{""epochs"": 15, ""lr"": 0.0010890803864977885, ""weight_decay"": 0.0006464276383544015, ""batch_size"": 128, ""dropout"": 0.5, ""static_h"": 256, ""rnn_h"": 128, ""cw_power"": 0.5}",34.239677744209466,0.06797777415059558,7.282885332218774,77.24068479355488
program,static_mlp,3,3,"{""epochs"": 25, ""lr"": 0.000691029435087325, ""weight_decay"": 0.0011828082043038083, ""batch_size"": 128, ""dropout"": 0.2, ""static_h"": 64, ""rnn_h"": 32, ""cw_power"": 0.5}",34.894259818731115,0.06566480712401626,6.916757648087011,75.27693856998992
program,static_mlp,3,4,"{""epochs"": 40, ""lr"": 0.0008338215670024104, ""weight_decay"": 0.0015579303890977396, ""batch_size"": 64, ""dropout"": 0.3, ""static_h"": 128, ""rnn_h"": 32, ""cw_power"": 0.5}",36.5055387713998,0.07431810481253849,8.294254912327398,76.83786505538771
program,static_mlp,3,5,"{""epochs"": 15, ""lr"": 0.0009901903478033085, ""weight_decay"": 0.08723425263323854, ""batch_size"": 128, ""dropout"": 0.2, ""static_h"": 256, ""rnn_h"": 64, ""cw_power"": 0.0}",40.080563947633436,0.048370540807293104,5.620949573534937,80.46324269889224
program,static_mlp,3,6,"{""epochs"": 25, ""lr"": 0.0009434758723506254, ""weight_decay"": 0.0008580818586234861, ""batch_size"": 128, ""dropout"": 0.5, ""static_h"": 64, ""rnn_h"": 32, ""cw_power"": 1.0}",5.991943605236657,0.03226119603979781,15.136796969328351,37.210473313192345
program,static_mlp,3,7,"{""epochs"": 40, ""lr"": 0.0011864643648259573, ""weight_decay"": 0.06061788178360261, ""batch_size"": 64, ""dropout"": 0.5, ""static_h"": 64, ""rnn_h"": 32, ""cw_power"": 0.0}",42.497482376636455,0.040004236886739986,5.441578827367277,80.86606243705941
program,lstm,3,0,"{""epochs"": 15, ""lr"": 0.001, ""weight_decay"": 0.01, ""batch_size"": 128, ""dropout"": 0.2, ""static_h"": 128, ""rnn_h"": 64, ""cw_power"": 1.0}",2.8700906344410875,0.019147564743258308,9.607016602291065,21.802618328298088
program,lstm,3,1,"{""epochs"": 25, ""lr"": 0.0014536158643064065, ""weight_decay"": 0.02972015684023925, ""batch_size"": 64, ""dropout"": 0.5, ""static_h"": 128, ""rnn_h"": 128, ""cw_power"": 1.0}",9.264853977844915,0.03371112592200557,9.00138065062747,32.07452165156093
program,lstm,3,2,"{""epochs"": 25, ""lr"": 0.0006683257025000836, ""weight_decay"": 0.008536603187995729, ""batch_size"": 128, ""dropout"": 0.2, ""static_h"": 64, ""rnn_h"": 128, ""cw_power"": 0.0}",42.59818731117825,0.040277254351318584,5.4765014203395745,80.31218529707955
program,lstm,3,3,"{""epochs"": 40, ""lr"": 0.002379860926505125, ""weight_decay"": 0.0054867874137499465, ""batch_size"": 128, ""dropout"": 0.3, ""static_h"": 256, ""rnn_h"": 64, ""cw_power"": 1.0}",4.078549848942599,0.024184415314585525,13.600046748779555,24.269889224572
program,lstm,3,4,"{""epochs"": 15, ""lr"": 0.0004033631903530616, ""weight_decay"": 0.001459606812717812, ""batch_size"": 256, ""dropout"": 0.5, ""static_h"": 256, ""rnn_h"": 64, ""cw_power"": 0.5}",38.721047331319234,0.041944644396333906,6.15058682388477,79.40584088620342
program,lstm,3,5,"{""epochs"": 25, ""lr"": 0.000532510164071765, ""weight_decay"": 0.0001424582731581405, ""batch_size"": 64, ""dropout"": 0.2, ""static_h"": 128, ""rnn_h"": 128, ""cw_power"": 1.0}",10.976837865055387,0.0371075155652703,11.668656547621053,33.18227593152064
program,lstm,3,6,"{""epochs"": 25, ""lr"": 0.0004222369019901721, ""weight_decay"": 0.00011119741378276333, ""batch_size"": 64, ""dropout"": 0.5, ""static_h"": 256, ""rnn_h"": 64, ""cw_power"": 1.0}",11.329305135951662,0.037273201170216264,10.413536786435508,37.00906344410876
program,lstm,3,7,"{""epochs"": 15, ""lr"": 0.001970584920309234, ""weight_decay"": 0.0012840099570376178, ""batch_size"": 128, ""dropout"": 0.5, ""static_h"": 128, ""rnn_h"": 128, ""cw_power"": 0.0}",42.44712990936556,0.04323885329930733,5.564074575302007,80.61430010070494
program,hyb1,3,0,"{""epochs"": 15, ""lr"": 0.001, ""weight_decay"": 0.01, ""batch_size"": 128, ""dropout"": 0.2, ""static_h"": 128, ""rnn_h"": 64, ""cw_power"": 1.0}",14.8539778449144,0.051467337440419814,15.093839005138959,45.8710976837865
program,hyb1,3,1,"{""epochs"": 25, ""lr"": 0.0006575709489612891, ""weight_decay"": 0.003677021084542638, ""batch_size"": 256, ""dropout"": 0.1, ""static_h"": 64, ""rnn_h"": 128, ""cw_power"": 1.0}",11.983887210473315,0.042970384964846245,17.988124538789595,39.37562940584088
program,hyb1,3,2,"{""epochs"": 15, ""lr"": 0.0010275691581300137, ""weight_decay"": 0.001523394950211076, ""batch_size"": 256, ""dropout"": 0.5, ""static_h"": 64, ""rnn_h"": 128, ""cw_power"": 1.0}",7.401812688821751,0.035219656964892654,15.416460774232862,26.435045317220546
program,hyb1,3,3,"{""epochs"": 40, ""lr"": 0.0008238336317337119, ""weight_decay"": 0.001943874738151797, ""batch_size"": 128, ""dropout"": 0.3, ""static_h"": 256, ""rnn_h"": 64, ""cw_power"": 1.0}",19.58710976837865,0.053140639241815925,8.090899978775958,58.0563947633434
program,hyb1,3,4,"{""epochs"": 15, ""lr"": 0.0012449985906273235, ""weight_decay"": 0.003986972141611934, ""batch_size"": 256, ""dropout"": 0.3, ""static_h"": 128, ""rnn_h"": 128, ""cw_power"": 0.0}",41.69184290030212,0.054879914091942636,6.083271751010404,81.72205438066466
program,hyb1,3,5,"{""epochs"": 40, ""lr"": 0.0008446296396094994, ""weight_decay"": 0.000924855973028693, ""batch_size"": 256, ""dropout"": 0.5, ""static_h"": 64, ""rnn_h"": 64, ""cw_power"": 1.0}",7.653575025176234,0.03405907541913163,18.389541771779566,36.606243705941594
program,hyb1,3,6,"{""epochs"": 25, ""lr"": 0.0009431881585967192, ""weight_decay"": 0.00012933617309926848, ""batch_size"": 64, ""dropout"": 0.1, ""static_h"": 64, ""rnn_h"": 64, ""cw_power"": 0.0}",37.865055387713994,0.060503401530013344,6.302820296077878,79.10372608257804
program,hyb1,3,7,"{""epochs"": 15, ""lr"": 0.00040486716871246484, ""weight_decay"": 0.0026488856042940863, ""batch_size"": 64, ""dropout"": 0.1, ""static_h"": 64, ""rnn_h"": 128, ""cw_power"": 0.0}",43.051359516616316,0.055851704800531914,6.282465030445225,82.2759315206445
program,hyb2,3,0,"{""epochs"": 15, ""lr"": 0.001, ""weight_decay"": 0.01, ""batch_size"": 128, ""dropout"": 0.2, ""static_h"": 128, ""rnn_h"": 64, ""cw_power"": 1.0}",12.336354481369586,0.04837447112560108,16.96415388118336,41.893252769385704
program,hyb2,3,1,"{""epochs"": 25, ""lr"": 0.002574738199157457, ""weight_decay"": 0.0003331964037470595, ""batch_size"": 128, ""dropout"": 0.5, ""static_h"": 128, ""rnn_h"": 128, ""cw_power"": 0.0}",43.705941591137965,0.05504312533406747,6.28671759395028,82.07452165156093
program,hyb2,3,2,"{""epochs"": 25, ""lr"": 0.0003821906763143887, ""weight_decay"": 0.09119032111992426, ""batch_size"": 128, ""dropout"": 0.2, ""static_h"": 64, ""rnn_h"": 128, ""cw_power"": 0.0}",42.59818731117825,0.05946405799047703,6.4593152669725,81.97381671701913
program,hyb2,3,3,"{""epochs"": 25, ""lr"": 0.0014415015052909584, ""weight_decay"": 0.003547106103076788, ""batch_size"": 128, ""dropout"": 0.2, ""static_h"": 256, ""rnn_h"": 32, ""cw_power"": 0.5}",28.751258811681772,0.07220593231419321,8.386168997842253,72.30614300100704
program,hyb2,3,4,"{""epochs"": 15, ""lr"": 0.001217256113982098, ""weight_decay"": 0.00805849241443454, ""batch_size"": 256, ""dropout"": 0.3, ""static_h"": 64, ""rnn_h"": 64, ""cw_power"": 0.5}",35.146022155085596,0.0674627225912982,7.381272747791323,77.59315206445116
program,hyb2,3,5,"{""epochs"": 25, ""lr"": 0.0003665193300732933, ""weight_decay"": 0.005744396313648285, ""batch_size"": 256, ""dropout"": 0.5, ""static_h"": 128, ""rnn_h"": 32, ""cw_power"": 0.0}",43.50453172205438,0.04606272208396786,5.8051592184417755,82.22557905337362
program,hyb2,3,6,"{""epochs"": 25, ""lr"": 0.0014055880120055805, ""weight_decay"": 0.028142606648322202, ""batch_size"": 64, ""dropout"": 0.3, ""static_h"": 64, ""rnn_h"": 32, ""cw_power"": 1.0}",15.105740181268882,0.04832259559043261,14.440361150969391,48.48942598187311
program,hyb2,3,7,"{""epochs"": 40, ""lr"": 0.00037149826047728427, ""weight_decay"": 0.054909484004835286, ""batch_size"": 128, ""dropout"": 0.5, ""static_h"": 256, ""rnn_h"": 64, ""cw_power"": 1.0}",13.041289023162134,0.046402061395950836,12.334710612578585,48.18731117824773
program,hyb3,3,0,"{""epochs"": 15, ""lr"": 0.001, ""weight_decay"": 0.01, ""batch_size"": 128, ""dropout"": 0.2, ""static_h"": 128, ""rnn_h"": 64, ""cw_power"": 1.0}",14.04833836858006,0.04744156014204958,10.35801731438929,48.036253776435046
program,hyb3,3,1,"{""epochs"": 25, ""lr"": 0.002633882967299394, ""weight_decay"": 0.003961719637979849, ""batch_size"": 128, ""dropout"": 0.1, ""static_h"": 256, ""rnn_h"": 32, ""cw_power"": 0.0}",36.25377643504532,0.0642359514915642,6.576640314034078,76.43504531722054
program,hyb3,3,2,"{""epochs"": 40, ""lr"": 0.001324971638532941, ""weight_decay"": 0.0031668371401091405, ""batch_size"": 64, ""dropout"": 0.3, ""static_h"": 256, ""rnn_h"": 64, ""cw_power"": 0.5}",35.34743202416919,0.07614991677488181,8.862192421618678,76.83786505538771
program,hyb3,3,3,"{""epochs"": 15, ""lr"": 0.0007065955887931349, ""weight_decay"": 0.0003979572117284801, ""batch_size"": 64, ""dropout"": 0.2, ""static_h"": 128, ""rnn_h"": 64, ""cw_power"": 0.0}",41.591137965760325,0.06150035847449803,6.485637328156573,81.82275931520645
program,hyb3,3,4,"{""epochs"": 40, ""lr"": 0.0017203986930475646, ""weight_decay"": 0.0009264592124710653, ""batch_size"": 256, ""dropout"": 0.2, ""static_h"": 256, ""rnn_h"": 32, ""cw_power"": 0.0}",39.577039274924466,0.0615391757233004,6.392957773663527,78.29808660624371
program,hyb3,3,5,"{""epochs"": 25, ""lr"": 0.0016638860317559354, ""weight_decay"": 0.002804379137037306, ""batch_size"": 64, ""dropout"": 0.1, ""static_h"": 128, ""rnn_h"": 32, ""cw_power"": 1.0}",21.299093655589125,0.06266032121042805,9.246011981103885,59.315206445115805
program,hyb3,3,6,"{""epochs"": 40, ""lr"": 0.0007926654285742563, ""weight_decay"": 0.0008017777646164833, ""batch_size"": 128, ""dropout"": 0.2, ""static_h"": 64, ""rnn_h"": 64, ""cw_power"": 1.0}",17.270896273917423,0.04875351095983073,9.070491382637128,56.39476334340383
program,hyb3,3,7,"{""epochs"": 40, ""lr"": 0.0011090198347880897, ""weight_decay"": 0.003302641288540692, ""batch_size"": 256, ""dropout"": 0.2, ""static_h"": 256, ""rnn_h"": 32, ""cw_power"": 0.5}",34.69284994964753,0.06801544674093504,6.9689334253896345,76.33434038267876
program,hyb4,3,0,"{""epochs"": 15, ""lr"": 0.001, ""weight_decay"": 0.01, ""batch_size"": 128, ""dropout"": 0.2, ""static_h"": 128, ""rnn_h"": 64, ""cw_power"": 1.0}",12.638469284994965,0.04603942506441712,14.349071295493607,42.39677744209466
program,hyb4,3,1,"{""epochs"": 40, ""lr"": 0.0009970319952776966, ""weight_decay"": 0.000522555456690189, ""batch_size"": 128, ""dropout"": 0.2, ""static_h"": 128, ""rnn_h"": 64, ""cw_power"": 0.5}",37.160120845921455,0.08051395739988265,13.254842304818638,77.0896273917422
program,hyb4,3,2,"{""epochs"": 40, ""lr"": 0.0023775682144392654, ""weight_decay"": 0.0004286881673426183, ""batch_size"": 128, ""dropout"": 0.1, ""static_h"": 256, ""rnn_h"": 128, ""cw_power"": 0.0}",38.972809667673715,0.06521580810243462,6.659950837365713,74.77341389728097
program,hyb4,3,3,"{""epochs"": 15, ""lr"": 0.0014991512799657587, ""weight_decay"": 0.012845126807414651, ""batch_size"": 256, ""dropout"": 0.2, ""static_h"": 64, ""rnn_h"": 64, ""cw_power"": 0.0}",42.14501510574018,0.055915605617855,6.254002062771762,81.0171198388721
program,hyb4,3,4,"{""epochs"": 15, ""lr"": 0.0022595338683919475, ""weight_decay"": 0.007476226813134224, ""batch_size"": 64, ""dropout"": 0.1, ""static_h"": 64, ""rnn_h"": 32, ""cw_power"": 0.5}",31.92346424974824,0.06769336868214482,8.817996640850094,73.76636455186303
program,hyb4,3,5,"{""epochs"": 40, ""lr"": 0.0003599234106240444, ""weight_decay"": 0.0034392489394260008, ""batch_size"": 64, ""dropout"": 0.5, ""static_h"": 128, ""rnn_h"": 64, ""cw_power"": 1.0}",14.70292044310171,0.048569723940830305,13.576854444425408,47.38167170191339
program,hyb4,3,6,"{""epochs"": 25, ""lr"": 0.001628461492961537, ""weight_decay"": 0.0029131907008188283, ""batch_size"": 128, ""dropout"": 0.1, ""static_h"": 64, ""rnn_h"": 128, ""cw_power"": 0.5}",29.607250755287005,0.06856706518138005,7.98633155148321,73.56495468277946
program,hyb4,3,7,"{""epochs"": 40, ""lr"": 0.002156707425438742, ""weight_decay"": 0.0007264603874537418, ""batch_size"": 64, ""dropout"": 0.2, ""static_h"": 128, ""rnn_h"": 64, ""cw_power"": 1.0}",22.356495468277945,0.05877416236757872,8.776477190035255,62.78952668680765
program,proposed,3,0,"{""epochs"": 15, ""lr"": 0.001, ""weight_decay"": 0.01, ""batch_size"": 128, ""dropout"": 0.2, ""static_h"": 128, ""rnn_h"": 64, ""cw_power"": 1.0}",12.336354481369586,0.049817347915946796,16.725050039601957,41.79254783484391
program,proposed,3,1,"{""epochs"": 40, ""lr"": 0.0021738451893552925, ""weight_decay"": 0.0004390812122161191, ""batch_size"": 256, ""dropout"": 0.5, ""static_h"": 256, ""rnn_h"": 64, ""cw_power"": 1.0}",15.81067472306143,0.04646462210219067,14.703831280015558,51.15810674723061
program,proposed,3,2,"{""epochs"": 25, ""lr"": 0.0014792288270714844, ""weight_decay"": 0.001349668528571211, ""batch_size"": 128, ""dropout"": 0.3, ""static_h"": 128, ""rnn_h"": 64, ""cw_power"": 0.5}",31.520644511581068,0.07183915169865454,7.786635612088739,73.31319234642497
program,proposed,3,3,"{""epochs"": 25, ""lr"": 0.0003916939550321835, ""weight_decay"": 0.02797664039428389, ""batch_size"": 64, ""dropout"": 0.3, ""static_h"": 256, ""rnn_h"": 128, ""cw_power"": 0.0}",41.18831822759315,0.06561954954923509,6.769367299543127,80.41289023162135
program,proposed,3,4,"{""epochs"": 25, ""lr"": 0.0021005751565456505, ""weight_decay"": 0.033999253069145, ""batch_size"": 128, ""dropout"": 0.5, ""static_h"": 64, ""rnn_h"": 128, ""cw_power"": 1.0}",10.221550855991945,0.04314432206333744,17.03698315668245,38.972809667673715
program,proposed,3,5,"{""epochs"": 40, ""lr"": 0.0023112347535621815, ""weight_decay"": 0.0010245806907628995, ""batch_size"": 256, ""dropout"": 0.2, ""static_h"": 256, ""rnn_h"": 64, ""cw_power"": 0.5}",37.10976837865056,0.06631032988896014,7.565514057978848,77.1399798590131
program,proposed,3,6,"{""epochs"": 25, ""lr"": 0.00043978612102040345, ""weight_decay"": 0.0005459340240775404, ""batch_size"": 128, ""dropout"": 0.1, ""static_h"": 128, ""rnn_h"": 32, ""cw_power"": 0.0}",39.72809667673716,0.06722720465034963,6.898297065899133,79.8086606243706
program,proposed,3,7,"{""epochs"": 25, ""lr"": 0.0005180533296666967, ""weight_decay"": 0.0005723222815995885, ""batch_size"": 64, ""dropout"": 0.1, ""static_h"": 128, ""rnn_h"": 64, ""cw_power"": 0.5}",32.527693856998994,0.06940432405140683,7.877056464414959,75.07552870090635
program,static_mlp,4,0,"{""epochs"": 15, ""lr"": 0.001, ""weight_decay"": 0.01, ""batch_size"": 128, ""dropout"": 0.2, ""static_h"": 128, ""rnn_h"": 64, ""cw_power"": 1.0}",9.667673716012084,0.04003621885507713,5.622386389690788,42.74924471299094
program,static_mlp,4,1,"{""epochs"": 40, ""lr"": 0.00034546168024043465, ""weight_decay"": 0.0004818597875693807, ""batch_size"": 128, ""dropout"": 0.1, ""static_h"": 256, ""rnn_h"": 64, ""cw_power"": 0.0}",40.33232628398791,0.05431441634650112,5.975791159302533,77.34138972809667
program,static_mlp,4,2,"{""epochs"": 15, ""lr"": 0.0016087281064882102, ""weight_decay"": 0.002198251215962206, ""batch_size"": 128, ""dropout"": 0.2, ""static_h"": 256, ""rnn_h"": 128, ""cw_power"": 0.0}",40.03021148036254,0.05583618774634186,6.142032352667365,79.05337361530715
program,static_mlp,4,3,"{""epochs"": 40, ""lr"": 0.0004542705201776713, ""weight_decay"": 0.0006677202150945266, ""batch_size"": 256, ""dropout"": 0.1, ""static_h"": 64, ""rnn_h"": 64, ""cw_power"": 0.0}",41.74219536757301,0.048971483873724936,5.842062937468512,80.31218529707955
program,static_mlp,4,4,"{""epochs"": 15, ""lr"": 0.0009891434326849103, ""weight_decay"": 0.09838133637545005, ""batch_size"": 256, ""dropout"": 0.3, ""static_h"": 64, ""rnn_h"": 128, ""cw_power"": 1.0}",4.380664652567976,0.028376455356381967,10.88814432899412,26.78751258811682
program,static_mlp,4,5,"{""epochs"": 40, ""lr"": 0.0005868366091991479, ""weight_decay"": 0.04504310869685016, ""batch_size"": 128, ""dropout"": 0.3, ""static_h"": 256, ""rnn_h"": 32, ""cw_power"": 0.5}",35.750251762336354,0.06382256476950199,6.422467779732235,76.58610271903324
program,static_mlp,4,6,"{""epochs"": 40, ""lr"": 0.0003226674053016557, ""weight_decay"": 0.0003553343948796714, ""batch_size"": 64, ""dropout"": 0.5, ""static_h"": 64, ""rnn_h"": 32, ""cw_power"": 0.0}",42.497482376636455,0.04475836495022574,5.677170935463045,81.36958710976839
program,static_mlp,4,7,"{""epochs"": 15, ""lr"": 0.001787293767179162, ""weight_decay"": 0.001647441914653608, ""batch_size"": 256, ""dropout"": 0.1, ""static_h"": 128, ""rnn_h"": 64, ""cw_power"": 0.0}",41.389728096676734,0.048757610741040784,5.831169975691756,80.01007049345418
program,lstm,4,0,"{""epochs"": 15, ""lr"": 0.001, ""weight_decay"": 0.01, ""batch_size"": 128, ""dropout"": 0.2, ""static_h"": 128, ""rnn_h"": 64, ""cw_power"": 1.0}",4.431017119838873,0.023141372114622527,13.857946182340541,22.608257804632427
program,lstm,4,1,"{""epochs"": 25, ""lr"": 0.0011215491723175909, ""weight_decay"": 0.00034631889643654406, ""batch_size"": 128, ""dropout"": 0.3, ""static_h"": 256, ""rnn_h"": 64, ""cw_power"": 0.5}",41.943605236656595,0.06307078288239085,6.6808607753413085,77.54279959718026
program,lstm,4,2,"{""epochs"": 40, ""lr"": 0.0004123523694906664, ""weight_decay"": 0.005534862991265883, ""batch_size"": 128, ""dropout"": 0.3, ""static_h"": 64, ""rnn_h"": 128, ""cw_power"": 0.0}",43.00100704934542,0.039565272044077754,5.498946039048221,79.90936555891238
program,lstm,4,3,"{""epochs"": 15, ""lr"": 0.0009294217088885521, ""weight_decay"": 0.004875829064997154, ""batch_size"": 128, ""dropout"": 0.1, ""static_h"": 128, ""rnn_h"": 128, ""cw_power"": 0.0}",43.152064451158104,0.03712987581552787,5.443629618473508,79.95971802618328
program,lstm,4,4,"{""epochs"": 15, ""lr"": 0.0016148968837596187, ""weight_decay"": 0.0002974026483992762, ""batch_size"": 64, ""dropout"": 0.2, ""static_h"": 256, ""rnn_h"": 128, ""cw_power"": 1.0}",7.603222557905337,0.028632905809435488,8.399767173169922,30.614300100704934
program,lstm,4,5,"{""epochs"": 40, ""lr"": 0.00036702205031102726, ""weight_decay"": 0.00030151629581057096, ""batch_size"": 128, ""dropout"": 0.5, ""static_h"": 256, ""rnn_h"": 128, ""cw_power"": 1.0}",4.279959718026183,0.026213043797240987,13.776998742248853,23.413897280966765
program,lstm,4,6,"{""epochs"": 15, ""lr"": 0.0007150358548495587, ""weight_decay"": 0.0005374684714033851, ""batch_size"": 64, ""dropout"": 0.2, ""static_h"": 64, ""rnn_h"": 128, ""cw_power"": 1.0}",10.52366565961732,0.038195247121719796,13.611149485024937,35.24672708962739
program,lstm,4,7,"{""epochs"": 40, ""lr"": 0.001833192252105295, ""weight_decay"": 0.05459864797870593, ""batch_size"": 64, ""dropout"": 0.1, ""static_h"": 256, ""rnn_h"": 128, ""cw_power"": 1.0}",5.13595166163142,0.028225652761268486,6.857335570696908,29.003021148036257
program,hyb1,4,0,"{""epochs"": 15, ""lr"": 0.001, ""weight_decay"": 0.01, ""batch_size"": 128, ""dropout"": 0.2, ""static_h"": 128, ""rnn_h"": 64, ""cw_power"": 1.0}",13.695871097683787,0.04983335586312847,11.274180332281695,47.18026183282981
program,hyb1,4,1,"{""epochs"": 25, ""lr"": 0.00098289902849372, ""weight_decay"": 0.00015428782088197266, ""batch_size"": 64, ""dropout"": 0.1, ""static_h"": 256, ""rnn_h"": 32, ""cw_power"": 1.0}",25.981873111782477,0.06722110310665814,8.844493776481215,68.32829808660624
program,hyb1,4,2,"{""epochs"": 40, ""lr"": 0.001690378379727125, ""weight_decay"": 0.03588757032566107, ""batch_size"": 64, ""dropout"": 0.2, ""static_h"": 256, ""rnn_h"": 64, ""cw_power"": 0.5}",36.80765357502518,0.0767500932809569,7.807878098286119,77.84491440080565
program,hyb1,4,3,"{""epochs"": 15, ""lr"": 0.0011893518825183455, ""weight_decay"": 0.02353858547798756, ""batch_size"": 128, ""dropout"": 0.3, ""static_h"": 256, ""rnn_h"": 32, ""cw_power"": 0.0}",42.90030211480362,0.05203005620092577,6.076558186676208,81.2688821752266
program,hyb1,4,4,"{""epochs"": 40, ""lr"": 0.001623909654843196, ""weight_decay"": 0.016647510833908006, ""batch_size"": 128, ""dropout"": 0.1, ""static_h"": 64, ""rnn_h"": 32, ""cw_power"": 1.0}",20.44310171198389,0.06128363670756253,9.04164138567531,59.86908358509567
program,hyb1,4,5,"{""epochs"": 40, ""lr"": 0.0007091949136923793, ""weight_decay"": 0.00032182893019688726, ""batch_size"": 256, ""dropout"": 0.1, ""static_h"": 128, ""rnn_h"": 128, ""cw_power"": 0.5}",35.90130916414904,0.07539595024176737,7.4584265184585465,75.93152064451158
program,hyb1,4,6,"{""epochs"": 25, ""lr"": 0.0019242946823295982, ""weight_decay"": 0.001040325028578077, ""batch_size"": 64, ""dropout"": 0.5, ""static_h"": 256, ""rnn_h"": 32, ""cw_power"": 0.0}",43.80664652567976,0.05439407499950997,6.236091409832376,81.1681772406848
program,hyb1,4,7,"{""epochs"": 15, ""lr"": 0.000493056748499238, ""weight_decay"": 0.0010748528500844296, ""batch_size"": 64, ""dropout"": 0.3, ""static_h"": 128, ""rnn_h"": 32, ""cw_power"": 0.0}",42.64853977844915,0.05378728670077032,6.1384397723231015,81.47029204431017
program,hyb2,4,0,"{""epochs"": 15, ""lr"": 0.001, ""weight_decay"": 0.01, ""batch_size"": 128, ""dropout"": 0.2, ""static_h"": 128, ""rnn_h"": 64, ""cw_power"": 1.0}",14.904330312185296,0.05414265894355288,11.88267590695683,48.992950654582074
program,hyb2,4,1,"{""epochs"": 25, ""lr"": 0.0015844552227951116, ""weight_decay"": 0.005186913647884492, ""batch_size"": 256, ""dropout"": 0.3, ""static_h"": 128, ""rnn_h"": 64, ""cw_power"": 0.0}",42.09466263846928,0.04876334441911009,5.809084471832359,80.61430010070494
program,hyb2,4,2,"{""epochs"": 40, ""lr"": 0.0023819334274946345, ""weight_decay"": 0.04950139402358592, ""batch_size"": 256, ""dropout"": 0.5, ""static_h"": 256, ""rnn_h"": 32, ""cw_power"": 0.5}",36.70694864048338,0.0685574131445362,7.205879864056558,77.0392749244713
program,hyb2,4,3,"{""epochs"": 25, ""lr"": 0.0008425028586497179, ""weight_decay"": 0.0035592172590575588, ""batch_size"": 256, ""dropout"": 0.2, ""static_h"": 128, ""rnn_h"": 128, ""cw_power"": 1.0}",13.293051359516618,0.04766972320397837,9.841744473538808,47.482376636455186
program,hyb2,4,4,"{""epochs"": 15, ""lr"": 0.002492794652409897, ""weight_decay"": 0.03822358278975509, ""batch_size"": 128, ""dropout"": 0.1, ""static_h"": 256, ""rnn_h"": 32, ""cw_power"": 1.0}",16.817724068479357,0.05393864875028953,8.8447210114,55.79053373615307
program,hyb2,4,5,"{""epochs"": 25, ""lr"": 0.0005228055213906132, ""weight_decay"": 0.00014441025482348293, ""batch_size"": 256, ""dropout"": 0.5, ""static_h"": 64, ""rnn_h"": 32, ""cw_power"": 0.5}",40.28197381671702,0.06876199880460379,7.438924796457064,80.81570996978851
program,hyb2,4,6,"{""epochs"": 25, ""lr"": 0.0004449385390058283, ""weight_decay"": 0.0017245696478626605, ""batch_size"": 128, ""dropout"": 0.3, ""static_h"": 256, ""rnn_h"": 128, ""cw_power"": 1.0}",16.91842900302115,0.061575029569099125,11.071886197040982,50.956696878147035
program,hyb2,4,7,"{""epochs"": 25, ""lr"": 0.0023014008555920827, ""weight_decay"": 0.001722207476263025, ""batch_size"": 128, ""dropout"": 0.1, ""static_h"": 64, ""rnn_h"": 128, ""cw_power"": 0.5}",37.00906344410876,0.07021499917799444,7.698473322102009,77.24068479355488
program,hyb3,4,0,"{""epochs"": 15, ""lr"": 0.001, ""weight_decay"": 0.01, ""batch_size"": 128, ""dropout"": 0.2, ""static_h"": 128, ""rnn_h"": 64, ""cw_power"": 1.0}",13.947633434038268,0.0582847527873801,12.581455330381466,49.546827794561935
program,hyb3,4,1,"{""epochs"": 40, ""lr"": 0.000870304356913469, ""weight_decay"": 0.0005302490495490952, ""batch_size"": 64, ""dropout"": 0.2, ""static_h"": 64, ""rnn_h"": 64, ""cw_power"": 0.5}",36.606243705941594,0.07787731823520579,8.07045762366866,76.38469284994964
program,hyb3,4,2,"{""epochs"": 25, ""lr"": 0.0003640204944613279, ""weight_decay"": 0.007044826567297138, ""batch_size"": 128, ""dropout"": 0.5, ""static_h"": 128, ""rnn_h"": 32, ""cw_power"": 0.0}",44.008056394763344,0.044242198251746113,5.772493644904327,81.92346424974824
program,hyb3,4,3,"{""epochs"": 40, ""lr"": 0.0009549101657473422, ""weight_decay"": 0.0696957570486838, ""batch_size"": 64, ""dropout"": 0.3, ""static_h"": 64, ""rnn_h"": 32, ""cw_power"": 0.5}",37.512588116817724,0.07759251298079399,8.320717538855892,75.73011077542799
program,hyb3,4,4,"{""epochs"": 25, ""lr"": 0.0011430569092372028, ""weight_decay"": 0.007728557113589227, ""batch_size"": 128, ""dropout"": 0.1, ""static_h"": 128, ""rnn_h"": 32, ""cw_power"": 1.0}",25.93152064451158,0.06679319004636342,9.329951809192996,67.5730110775428
program,hyb3,4,5,"{""epochs"": 25, ""lr"": 0.0004092016645326534, ""weight_decay"": 0.056552041452904024, ""batch_size"": 128, ""dropout"": 0.2, ""static_h"": 64, ""rnn_h"": 64, ""cw_power"": 0.5}",40.03021148036254,0.08070400994398541,8.243123210826623,77.79456193353475
program,hyb3,4,6,"{""epochs"": 25, ""lr"": 0.0005229721475649745, ""weight_decay"": 0.0070819823291478345, ""batch_size"": 64, ""dropout"": 0.2, ""static_h"": 64, ""rnn_h"": 64, ""cw_power"": 0.0}",43.101711983887206,0.054142368433159775,6.164252136236279,80.61430010070494
program,hyb3,4,7,"{""epochs"": 40, ""lr"": 0.0003392350303238783, ""weight_decay"": 0.03208962644281235, ""batch_size"": 64, ""dropout"": 0.2, ""static_h"": 64, ""rnn_h"": 64, ""cw_power"": 1.0}",16.76737160120846,0.06101547111740197,11.593861087367436,49.848942598187314
program,hyb4,4,0,"{""epochs"": 15, ""lr"": 0.001, ""weight_decay"": 0.01, ""batch_size"": 128, ""dropout"": 0.2, ""static_h"": 128, ""rnn_h"": 64, ""cw_power"": 1.0}",14.098690835850958,0.055106078384755126,10.229597047644793,48.439073514602214
program,hyb4,4,1,"{""epochs"": 25, ""lr"": 0.0006011076153676068, ""weight_decay"": 0.0002722272506821156, ""batch_size"": 256, ""dropout"": 0.2, ""static_h"": 64, ""rnn_h"": 32, ""cw_power"": 0.0}",42.799597180261834,0.04571679165030611,5.73823270999088,81.2688821752266
program,hyb4,4,2,"{""epochs"": 25, ""lr"": 0.0017378048888254322, ""weight_decay"": 0.00018019273179844413, ""batch_size"": 64, ""dropout"": 0.5, ""static_h"": 128, ""rnn_h"": 64, ""cw_power"": 0.5}",40.03021148036254,0.06818787238231805,8.222936403037647,80.36253776435045
program,hyb4,4,3,"{""epochs"": 40, ""lr"": 0.0016765688105409126, ""weight_decay"": 0.005859751576606345, ""batch_size"": 64, ""dropout"": 0.3, ""static_h"": 256, ""rnn_h"": 64, ""cw_power"": 0.5}",36.102719033232624,0.0694459658725052,6.998241560996485,77.99597180261833
program,hyb4,4,4,"{""epochs"": 25, ""lr"": 0.00041213529137190685, ""weight_decay"": 0.00013749319881807686, ""batch_size"": 128, ""dropout"": 0.2, ""static_h"": 256, ""rnn_h"": 128, ""cw_power"": 0.5}",38.11681772406848,0.0720641604846866,7.529281471322393,76.9385699899295
program,hyb4,4,5,"{""epochs"": 25, ""lr"": 0.0010201499700678474, ""weight_decay"": 0.0013643526981264222, ""batch_size"": 128, ""dropout"": 0.1, ""static_h"": 64, ""rnn_h"": 128, ""cw_power"": 0.5}",37.865055387713994,0.0897459268713177,10.553958040352077,77.0392749244713
program,hyb4,4,6,"{""epochs"": 25, ""lr"": 0.002392934949016195, ""weight_decay"": 0.039409194789359475, ""batch_size"": 256, ""dropout"": 0.2, ""static_h"": 64, ""rnn_h"": 128, ""cw_power"": 1.0}",13.192346424974824,0.04793592118502264,12.292304171978259,48.036253776435046
program,hyb4,4,7,"{""epochs"": 40, ""lr"": 0.00035292673499929503, ""weight_decay"": 0.013451926565152691, ""batch_size"": 128, ""dropout"": 0.3, ""static_h"": 128, ""rnn_h"": 64, ""cw_power"": 0.0}",41.591137965760325,0.05339752304630332,6.031489511670475,80.91641490433031
program,proposed,4,0,"{""epochs"": 15, ""lr"": 0.001, ""weight_decay"": 0.01, ""batch_size"": 128, ""dropout"": 0.2, ""static_h"": 128, ""rnn_h"": 64, ""cw_power"": 1.0}",15.609264853977844,0.05509872557205727,10.701760475562532,50.755287009063444
program,proposed,4,1,"{""epochs"": 25, ""lr"": 0.0011054055729755945, ""weight_decay"": 0.00019679916931561697, ""batch_size"": 64, ""dropout"": 0.3, ""static_h"": 128, ""rnn_h"": 64, ""cw_power"": 0.0}",42.195367573011076,0.05774434385275167,6.3202347459285795,79.7583081570997
program,proposed,4,2,"{""epochs"": 40, ""lr"": 0.0013372595265102854, ""weight_decay"": 0.007061373769372928, ""batch_size"": 128, ""dropout"": 0.5, ""static_h"": 256, ""rnn_h"": 128, ""cw_power"": 0.5}",37.814702920443096,0.07320597857351115,7.931331614616001,76.73716012084593
program,proposed,4,3,"{""epochs"": 25, ""lr"": 0.0004587848787952761, ""weight_decay"": 0.0015101938669131118, ""batch_size"": 128, ""dropout"": 0.2, ""static_h"": 256, ""rnn_h"": 64, ""cw_power"": 1.0}",19.83887210473313,0.05463253939547632,7.404346196674115,56.24370594159114
program,proposed,4,4,"{""epochs"": 40, ""lr"": 0.002152869294721114, ""weight_decay"": 0.00794023784758595, ""batch_size"": 128, ""dropout"": 0.5, ""static_h"": 64, ""rnn_h"": 32, ""cw_power"": 1.0}",10.725075528700906,0.04597457024769365,11.63420856603598,41.943605236656595
program,proposed,4,5,"{""epochs"": 40, ""lr"": 0.0006954981320745962, ""weight_decay"": 0.08001204016890262, ""batch_size"": 256, ""dropout"": 0.2, ""static_h"": 256, ""rnn_h"": 64, ""cw_power"": 1.0}",20.2920443101712,0.05960711854549985,8.655078455338462,57.85498489425982
program,proposed,4,6,"{""epochs"": 15, ""lr"": 0.001457744718859082, ""weight_decay"": 0.005956634936694573, ""batch_size"": 256, ""dropout"": 0.2, ""static_h"": 128, ""rnn_h"": 128, ""cw_power"": 0.0}",42.245720040281974,0.05628353930788115,6.241299428278457,81.47029204431017
program,proposed,4,7,"{""epochs"": 40, ""lr"": 0.0004158661266995062, ""weight_decay"": 0.00013102617960672868, ""batch_size"": 256, ""dropout"": 0.1, ""static_h"": 128, ""rnn_h"": 64, ""cw_power"": 0.0}",39.97985901309164,0.06023241376138607,6.363827468141317,80.91641490433031
program,static_mlp,5,0,"{""epochs"": 15, ""lr"": 0.001, ""weight_decay"": 0.01, ""batch_size"": 128, ""dropout"": 0.2, ""static_h"": 128, ""rnn_h"": 64, ""cw_power"": 1.0}",10.070493454179255,0.04587906435498265,8.550264304617468,43.90735146022155
program,static_mlp,5,1,"{""epochs"": 40, ""lr"": 0.0006008671098850601, ""weight_decay"": 0.002956864277389644, ""batch_size"": 256, ""dropout"": 0.2, ""static_h"": 64, ""rnn_h"": 32, ""cw_power"": 1.0}",8.408862034239679,0.0371968998003118,7.172238831161295,41.339375629405836
program,static_mlp,5,2,"{""epochs"": 25, ""lr"": 0.0006830813417560385, ""weight_decay"": 0.001164649400834583, ""batch_size"": 64, ""dropout"": 0.2, ""static_h"": 256, ""rnn_h"": 128, ""cw_power"": 1.0}",20.14098690835851,0.05515929580935101,6.992756440142236,61.83282980866063
program,static_mlp,5,3,"{""epochs"": 25, ""lr"": 0.0010942432413650982, ""weight_decay"": 0.00044847225359103364, ""batch_size"": 64, ""dropout"": 0.5, ""static_h"": 128, ""rnn_h"": 128, ""cw_power"": 0.5}",35.85095669687814,0.05349442204458944,6.058111614558129,78.90231621349446
program,static_mlp,5,4,"{""epochs"": 25, ""lr"": 0.0003734377465727659, ""weight_decay"": 0.04502371810502506, ""batch_size"": 64, ""dropout"": 0.5, ""static_h"": 128, ""rnn_h"": 128, ""cw_power"": 0.0}",42.74924471299094,0.04760033906699431,5.996387868037169,82.07452165156093
program,static_mlp,5,5,"{""epochs"": 15, ""lr"": 0.00035340729478301384, ""weight_decay"": 0.0008514375843500655, ""batch_size"": 128, ""dropout"": 0.3, ""static_h"": 128, ""rnn_h"": 128, ""cw_power"": 1.0}",6.797583081570997,0.0338977022417045,9.502904280235116,31.520644511581068
program,static_mlp,5,6,"{""epochs"": 25, ""lr"": 0.001507368521538192, ""weight_decay"": 0.0014588961681114762, ""batch_size"": 64, ""dropout"": 0.5, ""static_h"": 256, ""rnn_h"": 32, ""cw_power"": 0.0}",40.130916414904334,0.051023883220550965,5.936120338341679,80.91641490433031
program,static_mlp,5,7,"{""epochs"": 40, ""lr"": 0.00034118965527348634, ""weight_decay"": 0.00023578521164118173, ""batch_size"": 128, ""dropout"": 0.3, ""static_h"": 128, ""rnn_h"": 64, ""cw_power"": 0.0}",43.101711983887206,0.04770116179661434,6.0171552250401525,81.2688821752266
program,lstm,5,0,"{""epochs"": 15, ""lr"": 0.001, ""weight_decay"": 0.01, ""batch_size"": 128, ""dropout"": 0.2, ""static_h"": 128, ""rnn_h"": 64, ""cw_power"": 1.0}",5.53877139979859,0.03051313952172745,10.03390191170102,27.542799597180263
program,lstm,5,1,"{""epochs"": 40, ""lr"": 0.0021099342094086414, ""weight_decay"": 0.006528612653044464, ""batch_size"": 128, ""dropout"": 0.2, ""static_h"": 128, ""rnn_h"": 64, ""cw_power"": 0.5}",41.08761329305136,0.0750203139354969,8.370380009670289,78.4491440080564
program,lstm,5,2,"{""epochs"": 15, ""lr"": 0.00032514275315393646, ""weight_decay"": 0.000225011640838008, ""batch_size"": 256, ""dropout"": 0.5, ""static_h"": 128, ""rnn_h"": 128, ""cw_power"": 1.0}",5.689828801611279,0.030789962361624946,7.614443188038364,20.54380664652568
program,lstm,5,3,"{""epochs"": 40, ""lr"": 0.0017296825992394779, ""weight_decay"": 0.00014972259880780093, ""batch_size"": 64, ""dropout"": 0.2, ""static_h"": 128, ""rnn_h"": 64, ""cw_power"": 0.0}",43.051359516616316,0.03855734528051527,5.698310343844282,79.35548841893252
program,lstm,5,4,"{""epochs"": 40, ""lr"": 0.0009548412722165004, ""weight_decay"": 0.008110000408454866, ""batch_size"": 64, ""dropout"": 0.2, ""static_h"": 128, ""rnn_h"": 32, ""cw_power"": 1.0}",8.207452165156093,0.027872172208658553,7.574680161139716,33.48439073514602
program,lstm,5,5,"{""epochs"": 40, ""lr"": 0.002272041305437297, ""weight_decay"": 0.03721320873433934, ""batch_size"": 64, ""dropout"": 0.2, ""static_h"": 256, ""rnn_h"": 64, ""cw_power"": 0.0}",43.101711983887206,0.0388973074801166,5.725251163472346,79.00302114803625
program,lstm,5,6,"{""epochs"": 40, ""lr"": 0.00035705988412825976, ""weight_decay"": 0.0002952613083459054, ""batch_size"": 256, ""dropout"": 0.2, ""static_h"": 128, ""rnn_h"": 128, ""cw_power"": 0.5}",41.18831822759315,0.05512823522453599,6.4542846698852605,78.90231621349446
program,lstm,5,7,"{""epochs"": 15, ""lr"": 0.0007022767440718029, ""weight_decay"": 0.0016514892157371015, ""batch_size"": 128, ""dropout"": 0.5, ""static_h"": 256, ""rnn_h"": 128, ""cw_power"": 1.0}",5.085599194360524,0.03695870086096216,10.92964692197791,26.636455186304133
program,hyb1,5,0,"{""epochs"": 15, ""lr"": 0.001, ""weight_decay"": 0.01, ""batch_size"": 128, ""dropout"": 0.2, ""static_h"": 128, ""rnn_h"": 64, ""cw_power"": 1.0}",11.782477341389729,0.048362902048388834,11.559788450639093,45.9214501510574
program,hyb1,5,1,"{""epochs"": 40, ""lr"": 0.0008141181309899033, ""weight_decay"": 0.002963321731820455, ""batch_size"": 256, ""dropout"": 0.3, ""static_h"": 256, ""rnn_h"": 128, ""cw_power"": 0.5}",36.70694864048338,0.07484443019503575,8.031795018006111,78.24773413897282
program,hyb1,5,2,"{""epochs"": 15, ""lr"": 0.0014480445118202174, ""weight_decay"": 0.001686638011380009, ""batch_size"": 256, ""dropout"": 0.5, ""static_h"": 64, ""rnn_h"": 64, ""cw_power"": 0.0}",43.152064451158104,0.04114940045828622,5.764470359686188,82.07452165156093
program,hyb1,5,3,"{""epochs"": 25, ""lr"": 0.0016392561088421455, ""weight_decay"": 0.015585169607945674, ""batch_size"": 128, ""dropout"": 0.1, ""static_h"": 64, ""rnn_h"": 128, ""cw_power"": 0.0}",38.670694864048336,0.06379805521991468,6.630494617407957,80.46324269889224
program,hyb1,5,4,"{""epochs"": 15, ""lr"": 0.0010586728941170212, ""weight_decay"": 0.0058075298319813584, ""batch_size"": 128, ""dropout"": 0.2, ""static_h"": 128, ""rnn_h"": 64, ""cw_power"": 0.0}",42.74924471299094,0.06402034733442119,6.914300232945101,81.0171198388721
program,hyb1,5,5,"{""epochs"": 15, ""lr"": 0.00038364813592218756, ""weight_decay"": 0.0015457091751321379, ""batch_size"": 128, ""dropout"": 0.1, ""static_h"": 64, ""rnn_h"": 32, ""cw_power"": 0.5}",38.16717019133938,0.07771070399222653,7.865449574441796,80.51359516616314
program,hyb1,5,6,"{""epochs"": 40, ""lr"": 0.002346910499792433, ""weight_decay"": 0.0013126447401470272, ""batch_size"": 64, ""dropout"": 0.5, ""static_h"": 128, ""rnn_h"": 128, ""cw_power"": 1.0}",16.86807653575025,0.05776897354404605,9.922619535014213,56.14300100704934
program,hyb1,5,7,"{""epochs"": 25, ""lr"": 0.002726314230054576, ""weight_decay"": 0.0017523149811902378, ""batch_size"": 256, ""dropout"": 0.3, ""static_h"": 128, ""rnn_h"": 64, ""cw_power"": 0.0}",42.84994964753273,0.06047837491726401,6.672095117424391,81.2185297079557
program,hyb2,5,0,"{""epochs"": 15, ""lr"": 0.001, ""weight_decay"": 0.01, ""batch_size"": 128, ""dropout"": 0.2, ""static_h"": 128, ""rnn_h"": 64, ""cw_power"": 1.0}",12.03423967774421,0.04301216697417386,8.290808431406058,50.20140986908358
program,hyb2,5,1,"{""epochs"": 40, ""lr"": 0.001352073007679542, ""weight_decay"": 0.003156251825074691, ""batch_size"": 256, ""dropout"": 0.1, ""static_h"": 256, ""rnn_h"": 64, ""cw_power"": 0.5}",34.59214501510574,0.07886001880238615,8.231074194589448,76.8882175226586
program,hyb2,5,2,"{""epochs"": 40, ""lr"": 0.0009334795269687763, ""weight_decay"": 0.00011054180314908066, ""batch_size"": 256, ""dropout"": 0.2, ""static_h"": 128, ""rnn_h"": 32, ""cw_power"": 0.5}",36.5558912386707,0.07183089410639269,8.287367661630835,77.99597180261833
program,hyb2,5,3,"{""epochs"": 25, ""lr"": 0.0018415925982616648, ""weight_decay"": 0.0025725285306706157, ""batch_size"": 128, ""dropout"": 0.2, ""static_h"": 64, ""rnn_h"": 32, ""cw_power"": 0.5}",34.99496475327291,0.07504032283608754,8.190789622525926,76.78751258811681
program,hyb2,5,4,"{""epochs"": 40, ""lr"": 0.002717574819079581, ""weight_decay"": 0.03406074428588829, ""batch_size"": 256, ""dropout"": 0.5, ""static_h"": 128, ""rnn_h"": 64, ""cw_power"": 0.5}",38.51963746223565,0.06155159917479049,7.076339045854274,78.29808660624371
program,hyb2,5,5,"{""epochs"": 25, ""lr"": 0.0006334057961332984, ""weight_decay"": 0.00636944880562702, ""batch_size"": 256, ""dropout"": 0.5, ""static_h"": 128, ""rnn_h"": 32, ""cw_power"": 0.5}",37.96576032225579,0.07422475599390681,7.745955300097489,79.8590130916415
program,hyb2,5,6,"{""epochs"": 25, ""lr"": 0.0003215694415069355, ""weight_decay"": 0.00015938962907478994, ""batch_size"": 128, ""dropout"": 0.3, ""static_h"": 64, ""rnn_h"": 128, ""cw_power"": 0.5}",38.318227593152066,0.08008387298263789,8.339449301260391,79.35548841893252
program,hyb2,5,7,"{""epochs"": 15, ""lr"": 0.000686264688914353, ""weight_decay"": 0.013118702618962856, ""batch_size"": 64, ""dropout"": 0.3, ""static_h"": 64, ""rnn_h"": 32, ""cw_power"": 1.0}",11.07754279959718,0.04977739669140908,11.837287066901865,43.705941591137965
program,hyb3,5,0,"{""epochs"": 15, ""lr"": 0.001, ""weight_decay"": 0.01, ""batch_size"": 128, ""dropout"": 0.2, ""static_h"": 128, ""rnn_h"": 64, ""cw_power"": 1.0}",11.63141993957704,0.049438081091906685,12.092751283836064,45.41792547834844
program,hyb3,5,1,"{""epochs"": 25, ""lr"": 0.0003260741058898288, ""weight_decay"": 0.00018826854876399375, ""batch_size"": 128, ""dropout"": 0.1, ""static_h"": 64, ""rnn_h"": 64, ""cw_power"": 0.0}",42.54783484390735,0.05927857903567594,6.562581959849699,81.41993957703929
program,hyb3,5,2,"{""epochs"": 15, ""lr"": 0.0016106257453829455, ""weight_decay"": 0.00010741345814317505, ""batch_size"": 256, ""dropout"": 0.3, ""static_h"": 64, ""rnn_h"": 32, ""cw_power"": 0.5}",39.2245720040282,0.07483559417176242,7.949144543360926,79.15407854984893
program,hyb3,5,3,"{""epochs"": 15, ""lr"": 0.000626354362720812, ""weight_decay"": 0.08544912325117482, ""batch_size"": 128, ""dropout"": 0.2, ""static_h"": 128, ""rnn_h"": 64, ""cw_power"": 0.5}",38.418932527693855,0.08913382086849199,8.978165444030301,79.10372608257804
program,hyb3,5,4,"{""epochs"": 25, ""lr"": 0.00033978708376611403, ""weight_decay"": 0.0033690791038046277, ""batch_size"": 128, ""dropout"": 0.5, ""static_h"": 128, ""rnn_h"": 128, ""cw_power"": 0.0}",43.101711983887206,0.05028982977678639,6.163926057691619,81.82275931520645
program,hyb3,5,5,"{""epochs"": 25, ""lr"": 0.0030121909436241585, ""weight_decay"": 0.02477156004398859, ""batch_size"": 128, ""dropout"": 0.5, ""static_h"": 64, ""rnn_h"": 64, ""cw_power"": 1.0}",8.50956696878147,0.03806746431043853,10.320649968102119,37.56294058408862
program,hyb3,5,6,"{""epochs"": 15, ""lr"": 0.0008146631150172094, ""weight_decay"": 0.0008324356336281861, ""batch_size"": 128, ""dropout"": 0.3, ""static_h"": 256, ""rnn_h"": 64, ""cw_power"": 0.5}",35.69989929506546,0.08183461056884896,10.15269330088063,77.54279959718026
program,hyb3,5,7,"{""epochs"": 25, ""lr"": 0.0026168177327416005, ""weight_decay"": 0.0027371508064938915, ""batch_size"": 64, ""dropout"": 0.1, ""static_h"": 256, ""rnn_h"": 64, ""cw_power"": 0.5}",34.18932527693857,0.07357438226270835,10.28358430501149,76.48539778449144
program,hyb4,5,0,"{""epochs"": 15, ""lr"": 0.001, ""weight_decay"": 0.01, ""batch_size"": 128, ""dropout"": 0.2, ""static_h"": 128, ""rnn_h"": 64, ""cw_power"": 1.0}",12.588116817724067,0.0464532008771029,10.172657631045574,48.48942598187311
program,hyb4,5,1,"{""epochs"": 40, ""lr"": 0.0004234012137834525, ""weight_decay"": 0.004953809209023514, ""batch_size"": 128, ""dropout"": 0.5, ""static_h"": 256, ""rnn_h"": 32, ""cw_power"": 1.0}",10.926485397784491,0.04687318245172492,11.473362460870472,47.73413897280967
program,hyb4,5,2,"{""epochs"": 40, ""lr"": 0.0003733812945516899, ""weight_decay"": 0.0011673755256493314, ""batch_size"": 128, ""dropout"": 0.1, ""static_h"": 256, ""rnn_h"": 32, ""cw_power"": 0.0}",38.26787512588117,0.06670328774614474,6.930544083421568,77.29103726082577
program,hyb4,5,3,"{""epochs"": 15, ""lr"": 0.0007589461283183744, ""weight_decay"": 0.0014492034364921226, ""batch_size"": 256, ""dropout"": 0.5, ""static_h"": 256, ""rnn_h"": 64, ""cw_power"": 0.5}",40.080563947633436,0.06411692290887593,6.706991085280039,80.86606243705941
program,hyb4,5,4,"{""epochs"": 25, ""lr"": 0.0011615571378553074, ""weight_decay"": 0.0010368360675672695, ""batch_size"": 128, ""dropout"": 0.5, ""static_h"": 256, ""rnn_h"": 128, ""cw_power"": 0.0}",42.799597180261834,0.04380868748765369,5.823928569163497,81.62134944612286
program,hyb4,5,5,"{""epochs"": 15, ""lr"": 0.0007161367820430366, ""weight_decay"": 0.00033439043014702466, ""batch_size"": 128, ""dropout"": 0.2, ""static_h"": 128, ""rnn_h"": 128, ""cw_power"": 1.0}",10.52366565961732,0.04205933544965703,11.28617570304709,44.058408862034234
program,hyb4,5,6,"{""epochs"": 40, ""lr"": 0.0011868578162522688, ""weight_decay"": 0.002526250612463551, ""batch_size"": 64, ""dropout"": 0.5, ""static_h"": 256, ""rnn_h"": 128, ""cw_power"": 0.5}",34.08862034239677,0.05855305108847999,7.377539751896782,78.09667673716012
program,hyb4,5,7,"{""epochs"": 25, ""lr"": 0.0026460947249285684, ""weight_decay"": 0.02863324161483029, ""batch_size"": 256, ""dropout"": 0.5, ""static_h"": 256, ""rnn_h"": 128, ""cw_power"": 1.0}",6.143001007049345,0.02958212358480501,8.708210676393582,35.95166163141994
program,proposed,5,0,"{""epochs"": 15, ""lr"": 0.001, ""weight_decay"": 0.01, ""batch_size"": 128, ""dropout"": 0.2, ""static_h"": 128, ""rnn_h"": 64, ""cw_power"": 1.0}",13.041289023162134,0.05235891710344549,11.996557186255858,47.482376636455186
program,proposed,5,1,"{""epochs"": 15, ""lr"": 0.0018440016191204245, ""weight_decay"": 0.005511241077094505, ""batch_size"": 128, ""dropout"": 0.1, ""static_h"": 128, ""rnn_h"": 128, ""cw_power"": 0.0}",40.181268882175225,0.0605216091773164,6.476831405532322,80.01007049345418
program,proposed,5,2,"{""epochs"": 25, ""lr"": 0.00047640975087784657, ""weight_decay"": 0.04054875893507666, ""batch_size"": 128, ""dropout"": 0.1, ""static_h"": 256, ""rnn_h"": 64, ""cw_power"": 0.5}",36.4551863041289,0.07643937851204793,8.582773501035385,76.9385699899295
program,proposed,5,3,"{""epochs"": 25, ""lr"": 0.00200412660668394, ""weight_decay"": 0.0028031104620735462, ""batch_size"": 256, ""dropout"": 0.1, ""static_h"": 256, ""rnn_h"": 128, ""cw_power"": 0.5}",36.958710976837864,0.08976664170209182,9.824022515815033,76.9889224572004
program,proposed,5,4,"{""epochs"": 25, ""lr"": 0.002357267559223459, ""weight_decay"": 0.004364726165047617, ""batch_size"": 256, ""dropout"": 0.3, ""static_h"": 128, ""rnn_h"": 128, ""cw_power"": 1.0}",11.732124874118831,0.0473038462713419,9.268007088118196,50.956696878147035
program,proposed,5,5,"{""epochs"": 40, ""lr"": 0.0030057004721149457, ""weight_decay"": 0.0030818536605724403, ""batch_size"": 256, ""dropout"": 0.1, ""static_h"": 128, ""rnn_h"": 32, ""cw_power"": 1.0}",23.011077542799597,0.0562826163234819,7.970718189872001,65.20644511581068
program,proposed,5,6,"{""epochs"": 15, ""lr"": 0.00036702866454574063, ""weight_decay"": 0.09608199795340458, ""batch_size"": 128, ""dropout"": 0.1, ""static_h"": 128, ""rnn_h"": 64, ""cw_power"": 0.5}",38.82175226586103,0.09111010833303317,8.956138266581744,79.20443101711983
program,proposed,5,7,"{""epochs"": 15, ""lr"": 0.0027429427458555184, ""weight_decay"": 0.0002586513228794047, ""batch_size"": 128, ""dropout"": 0.2, ""static_h"": 128, ""rnn_h"": 64, ""cw_power"": 0.0}",42.04431017119839,0.06585894471121653,6.896197133137641,81.1681772406848
track,rf,1,0,"{""n_estimators"": 100, ""max_depth"": null, ""min_samples_leaf"": 1, ""max_features"": ""sqrt"", ""cw_power"": 1.0}",41.389728096676734,0.3319983516105177,34.222983095565446,
track,rf,1,1,"{""n_estimators"": 300, ""max_depth"": 10, ""min_samples_leaf"": 5, ""max_features"": ""sqrt"", ""cw_power"": 0.0}",44.71299093655589,0.2485376984713134,29.17423147136166,
track,rf,1,2,"{""n_estimators"": 200, ""max_depth"": 10, ""min_samples_leaf"": 5, ""max_features"": 0.3, ""cw_power"": 1.0}",35.54884189325277,0.3139412043615523,36.23048402788359,
track,rf,1,3,"{""n_estimators"": 100, ""max_depth"": 10, ""min_samples_leaf"": 5, ""max_features"": 0.3, ""cw_power"": 0.0}",44.51158106747231,0.2743378456756314,30.41151898784901,
track,rf,1,4,"{""n_estimators"": 100, ""max_depth"": 30, ""min_samples_leaf"": 10, ""max_features"": 0.3, ""cw_power"": 0.0}",44.51158106747231,0.27826186678575765,30.621824046482182,
track,rf,1,5,"{""n_estimators"": 300, ""max_depth"": 30, ""min_samples_leaf"": 1, ""max_features"": 0.5, ""cw_power"": 0.5}",42.296072507552864,0.3189506835244794,32.71449344235749,
track,rf,1,6,"{""n_estimators"": 200, ""max_depth"": 30, ""min_samples_leaf"": 1, ""max_features"": 0.3, ""cw_power"": 1.0}",40.23162134944612,0.34234689300605314,35.4796389307391,
track,rf,1,7,"{""n_estimators"": 300, ""max_depth"": 30, ""min_samples_leaf"": 1, ""max_features"": 0.5, ""cw_power"": 0.0}",43.605236656596176,0.2863676489404508,30.646494531290696,
track,rf,2,0,"{""n_estimators"": 100, ""max_depth"": null, ""min_samples_leaf"": 1, ""max_features"": ""sqrt"", ""cw_power"": 1.0}",40.6344410876133,0.33435458392813694,34.02586767686508,
track,rf,2,1,"{""n_estimators"": 100, ""max_depth"": 20, ""min_samples_leaf"": 10, ""max_features"": 0.3, ""cw_power"": 1.0}",36.958710976837864,0.3364821450396815,38.33373491041988,
track,rf,2,2,"{""n_estimators"": 300, ""max_depth"": null, ""min_samples_leaf"": 2, ""max_features"": 0.5, ""cw_power"": 1.0}",39.2245720040282,0.33459419054975603,35.07334398771287,
track,rf,2,3,"{""n_estimators"": 300, ""max_depth"": 20, ""min_samples_leaf"": 5, ""max_features"": 0.5, ""cw_power"": 0.0}",43.85699899295065,0.2741727164276627,30.13066954493833,
track,rf,2,4,"{""n_estimators"": 200, ""max_depth"": 10, ""min_samples_leaf"": 10, ""max_features"": 0.5, ""cw_power"": 1.0}",37.91540785498489,0.34539511244471244,40.268493241329196,
track,rf,2,5,"{""n_estimators"": 200, ""max_depth"": null, ""min_samples_leaf"": 1, ""max_features"": 0.5, ""cw_power"": 1.0}",39.87915407854985,0.33272777209597343,34.53859815428493,
track,rf,2,6,"{""n_estimators"": 300, ""max_depth"": 20, ""min_samples_leaf"": 10, ""max_features"": 0.3, ""cw_power"": 0.5}",42.497482376636455,0.3358369375089512,34.905253088093545,
track,rf,2,7,"{""n_estimators"": 100, ""max_depth"": 20, ""min_samples_leaf"": 2, ""max_features"": ""sqrt"", ""cw_power"": 0.5}",42.69889224572004,0.3181632661601382,32.695828359856776,
track,rf,3,0,"{""n_estimators"": 100, ""max_depth"": null, ""min_samples_leaf"": 1, ""max_features"": ""sqrt"", ""cw_power"": 1.0}",42.74924471299094,0.3468684254796551,35.17732709768886,
track,rf,3,1,"{""n_estimators"": 100, ""max_depth"": 20, ""min_samples_leaf"": 2, ""max_features"": 0.5, ""cw_power"": 0.5}",43.65558912386707,0.33495392057909806,33.96109071872983,
track,rf,3,2,"{""n_estimators"": 300, ""max_depth"": 30, ""min_samples_leaf"": 5, ""max_features"": 0.3, ""cw_power"": 0.0}",45.8710976837865,0.2978229281029819,31.87958531570278,
track,rf,3,3,"{""n_estimators"": 100, ""max_depth"": 20, ""min_samples_leaf"": 10, ""max_features"": 0.3, ""cw_power"": 1.0}",36.85800604229607,0.3334049148553282,37.362414119229456,
track,rf,3,4,"{""n_estimators"": 100, ""max_depth"": null, ""min_samples_leaf"": 10, ""max_features"": ""sqrt"", ""cw_power"": 1.0}",35.750251762336354,0.3247166487073133,37.536081091154635,
track,rf,3,5,"{""n_estimators"": 300, ""max_depth"": 10, ""min_samples_leaf"": 2, ""max_features"": 0.3, ""cw_power"": 0.0}",45.367573011077546,0.27582628189720015,30.805942736374693,
track,rf,3,6,"{""n_estimators"": 300, ""max_depth"": null, ""min_samples_leaf"": 1, ""max_features"": 0.3, ""cw_power"": 1.0}",41.591137965760325,0.3448218790211373,35.39972726322767,
track,rf,3,7,"{""n_estimators"": 100, ""max_depth"": 20, ""min_samples_leaf"": 10, ""max_features"": ""sqrt"", ""cw_power"": 0.0}",45.51863041289023,0.2700730279137792,30.331997220435813,
track,rf,4,0,"{""n_estimators"": 100, ""max_depth"": null, ""min_samples_leaf"": 1, ""max_features"": ""sqrt"", ""cw_power"": 1.0}",43.00100704934542,0.35568283737089834,35.89566713586112,
track,rf,4,1,"{""n_estimators"": 200, ""max_depth"": 10, ""min_samples_leaf"": 10, ""max_features"": 0.3, ""cw_power"": 0.5}",45.8710976837865,0.3601009060804968,37.39927104511387,
track,rf,4,2,"{""n_estimators"": 300, ""max_depth"": 10, ""min_samples_leaf"": 10, ""max_features"": 0.5, ""cw_power"": 0.0}",45.9214501510574,0.2757920343532475,30.941462368176975,
track,rf,4,3,"{""n_estimators"": 300, ""max_depth"": 30, ""min_samples_leaf"": 10, ""max_features"": ""sqrt"", ""cw_power"": 1.0}",38.46928499496475,0.3536867936591199,40.09603429184047,
track,rf,4,4,"{""n_estimators"": 100, ""max_depth"": null, ""min_samples_leaf"": 5, ""max_features"": ""sqrt"", ""cw_power"": 0.5}",45.720040281973816,0.3447177233588327,35.37161160663783,
track,rf,4,5,"{""n_estimators"": 100, ""max_depth"": 30, ""min_samples_leaf"": 1, ""max_features"": ""sqrt"", ""cw_power"": 0.0}",44.813695871097686,0.2889903659648588,30.927384816902943,
track,rf,4,6,"{""n_estimators"": 100, ""max_depth"": 20, ""min_samples_leaf"": 1, ""max_features"": 0.5, ""cw_power"": 0.5}",43.55488418932528,0.3486194847699688,34.84673508131705,
track,rf,4,7,"{""n_estimators"": 200, ""max_depth"": 10, ""min_samples_leaf"": 5, ""max_features"": 0.3, ""cw_power"": 1.0}",38.51963746223565,0.35461664004406945,40.62698233198674,
track,rf,5,0,"{""n_estimators"": 100, ""max_depth"": null, ""min_samples_leaf"": 1, ""max_features"": ""sqrt"", ""cw_power"": 1.0}",42.69889224572004,0.35998891796033317,36.64636120183792,
track,rf,5,1,"{""n_estimators"": 200, ""max_depth"": 20, ""min_samples_leaf"": 5, ""max_features"": 0.3, ""cw_power"": 1.0}",39.42598187311178,0.3560075267244074,39.3731154884726,
track,rf,5,2,"{""n_estimators"": 100, ""max_depth"": null, ""min_samples_leaf"": 10, ""max_features"": 0.3, ""cw_power"": 0.0}",44.71299093655589,0.28297944152195353,31.100945617658137,
track,rf,5,3,"{""n_estimators"": 100, ""max_depth"": 10, ""min_samples_leaf"": 5, ""max_features"": 0.3, ""cw_power"": 0.0}",45.770392749244714,0.28904972946875923,31.925603880400644,
track,rf,5,4,"{""n_estimators"": 200, ""max_depth"": null, ""min_samples_leaf"": 5, ""max_features"": 0.3, ""cw_power"": 1.0}",38.972809667673715,0.3536450358618147,39.15305030722836,
track,rf,5,5,"{""n_estimators"": 300, ""max_depth"": null, ""min_samples_leaf"": 2, ""max_features"": 0.5, ""cw_power"": 0.0}",43.50453172205438,0.28661247043082794,30.656388610788003,
track,rf,5,6,"{""n_estimators"": 100, ""max_depth"": null, ""min_samples_leaf"": 10, ""max_features"": ""sqrt"", ""cw_power"": 0.5}",44.41087613293052,0.3522016066540738,36.2407112233455,
track,rf,5,7,"{""n_estimators"": 300, ""max_depth"": 20, ""min_samples_leaf"": 10, ""max_features"": ""sqrt"", ""cw_power"": 0.0}",45.9214501510574,0.2761645764143207,30.973718728157202,
program,logreg,1,0,"{""C"": 1.0, ""cw_power"": 1.0}",9.013091641490432,0.0402801633608323,6.6452393835881685,38.82175226586103
program,logreg,1,1,"{""C"": 0.0029652225978662474, ""cw_power"": 0.5}",40.83585095669688,0.05855540293700473,6.392545575029468,78.75125881168177
program,logreg,1,2,"{""C"": 3.705718579526373, ""cw_power"": 0.5}",30.71500503524673,0.07155952334962748,8.15484346503846,70.44310171198389
program,logreg,1,3,"{""C"": 0.0012848959331447827, ""cw_power"": 0.5}",41.74219536757301,0.05223652494886504,6.097597709188834,79.8590130916415
program,logreg,1,4,"{""C"": 0.010007903524306775, ""cw_power"": 0.5}",39.526686807653576,0.06803999118696412,6.997426552684552,77.49244712990937
program,logreg,1,5,"{""C"": 0.06496343130666273, ""cw_power"": 0.0}",42.64853977844915,0.05071589003304704,5.938842398719315,80.21148036253777
program,logreg,1,6,"{""C"": 0.00341764481821539, ""cw_power"": 0.0}",43.605236656596176,0.04460955039787,5.733460365648705,80.81570996978851
program,logreg,1,7,"{""C"": 1.6804936839787366, ""cw_power"": 1.0}",9.617321248741188,0.04225526639868241,7.212816586699149,40.080563947633436
program,logreg,2,0,"{""C"": 1.0, ""cw_power"": 1.0}",10.624370594159114,0.0502632883516221,13.584452672901214,41.54078549848943
program,logreg,2,1,"{""C"": 0.00175959083420428, ""cw_power"": 0.0}",43.353474320241695,0.0411025631765571,5.5577672049677975,82.72910372608257
program,logreg,2,2,"{""C"": 0.437300324089879, ""cw_power"": 1.0}",10.8257804632427,0.050161359300909744,13.588763775915377,39.67774420946626
program,logreg,2,3,"{""C"": 3.752864606041097, ""cw_power"": 0.5}",33.58509566968782,0.08989167858570656,11.637032995626887,73.66565961732124
program,logreg,2,4,"{""C"": 0.2667257610118884, ""cw_power"": 0.0}",43.00100704934542,0.058803451598526756,6.3740701927130665,81.77240684793556
program,logreg,2,5,"{""C"": 0.05448411414805728, ""cw_power"": 0.0}",43.2527693856999,0.055208140238960646,6.206508593525521,82.3262839879154
program,logreg,2,6,"{""C"": 1.568816102852518, ""cw_power"": 0.5}",33.8368580060423,0.0918020594881422,11.640701869567337,74.21953675730111
program,logreg,2,7,"{""C"": 0.02134259335783084, ""cw_power"": 1.0}",9.264853977844915,0.04216050578713272,15.043269818242768,30.664652567975832
program,logreg,3,0,"{""C"": 1.0, ""cw_power"": 1.0}",10.473313192346426,0.04110173378467955,10.154722671459927,40.98690835850957
program,logreg,3,1,"{""C"": 0.05955516775309552, ""cw_power"": 0.0}",42.74924471299094,0.05252199759748264,6.028302621642911,82.527693856999
program,logreg,3,2,"{""C"": 0.0031237727762250264, ""cw_power"": 0.5}",41.23867069486405,0.06017799543181823,6.603385989969755,81.36958710976839
program,logreg,3,3,"{""C"": 0.003410248275109717, ""cw_power"": 0.5}",41.289023162134946,0.061321314529000526,6.6599560840202905,81.2185297079557
program,logreg,3,4,"{""C"": 0.001537763678051074, ""cw_power"": 0.0}",42.90030211480362,0.039826789251600866,5.483101066676647,82.98086606243706
program,logreg,3,5,"{""C"": 0.7004728866453235, ""cw_power"": 1.0}",10.42296072507553,0.04103723717035682,10.122114003765658,40.23162134944612
program,logreg,3,6,"{""C"": 0.06464939414042582, ""cw_power"": 0.0}",42.84994964753273,0.05268148239045032,6.044306620450284,82.3262839879154
program,logreg,3,7,"{""C"": 0.0108513099855405, ""cw_power"": 0.0}",42.59818731117825,0.04863048027807594,5.820680580636073,82.72910372608257
program,logreg,4,0,"{""C"": 1.0, ""cw_power"": 1.0}",12.134944612286,0.04737046356990166,10.668698809418087,42.39677744209466
program,logreg,4,1,"{""C"": 0.04676309177035083, ""cw_power"": 1.0}",10.8257804632427,0.049597295484291405,14.332756801106076,35.0956696878147
program,logreg,4,2,"{""C"": 0.007645054327875909, ""cw_power"": 0.5}",41.339375629405836,0.0691251505444301,7.124781551690866,79.60725075528701
program,logreg,4,3,"{""C"": 0.0872106712170092, ""cw_power"": 0.0}",42.74924471299094,0.0514987227751165,6.003188630183131,81.36958710976839
program,logreg,4,4,"{""C"": 1.3555913330162743, ""cw_power"": 0.0}",42.54783484390735,0.056148999250077505,6.216953864593151,80.96676737160121
program,logreg,4,5,"{""C"": 0.0013125238036429988, ""cw_power"": 1.0}",5.236656596173213,0.0342616363179305,14.634414978640683,19.284994964753274
program,logreg,4,6,"{""C"": 0.06665830491856498, ""cw_power"": 0.0}",42.54783484390735,0.050486560626114896,5.9331627314024695,81.36958710976839
program,logreg,4,7,"{""C"": 1.0454104567716709, ""cw_power"": 0.0}",42.69889224572004,0.05679709093964343,6.265974268359723,81.0171198388721
program,logreg,5,0,"{""C"": 1.0, ""cw_power"": 1.0}",9.818731117824774,0.044874332009117335,10.88021057533129,41.74219536757301
program,logreg,5,1,"{""C"": 0.09736092567339191, ""cw_power"": 1.0}",8.308157099697885,0.04251220203083361,13.766453029429645,35.69989929506546
program,logreg,5,2,"{""C"": 0.023896636537163042, ""cw_power"": 1.0}",6.646525679758309,0.03509271314965089,14.832373171632657,30.463242698892245
program,logreg,5,3,"{""C"": 0.6360209832873298, ""cw_power"": 0.0}",43.65558912386707,0.06513874520377806,6.953737020405224,81.41993957703929
program,logreg,5,4,"{""C"": 0.0011767888036725144, ""cw_power"": 0.5}",42.69889224572004,0.05535884115935571,6.650734811793929,81.2688821752266
program,logreg,5,5,"{""C"": 0.03715691989155586, ""cw_power"": 0.5}",40.38267875125881,0.0788093643854297,8.318252994070829,80.01007049345418
program,logreg,5,6,"{""C"": 0.0054072523472769255, ""cw_power"": 0.5}",42.39677744209466,0.07636165085750085,7.854943275320135,81.57099697885197
program,logreg,5,7,"{""C"": 4.060275453510417, ""cw_power"": 1.0}",10.926485397784491,0.048201834934363884,10.39963738987975,44.008056394763344
track,static_mlp,1,0,"{""epochs"": 15, ""lr"": 0.001, ""weight_decay"": 0.01, ""batch_size"": 128, ""dropout"": 0.2, ""static_h"": 128, ""rnn_h"": 64, ""cw_power"": 1.0}",30.866062437059416,0.28973809387412297,33.1407162522922,
track,static_mlp,1,1,"{""epochs"": 25, ""lr"": 0.002800240249420991, ""weight_decay"": 0.023847738009506753, ""batch_size"": 256, ""dropout"": 0.1, ""static_h"": 256, ""rnn_h"": 32, ""cw_power"": 0.5}",37.66364551863041,0.2807226052294699,28.41770922264677,
track,static_mlp,1,2,"{""epochs"": 25, ""lr"": 0.00043651973653795363, ""weight_decay"": 0.005525219463207876, ""batch_size"": 128, ""dropout"": 0.2, ""static_h"": 128, ""rnn_h"": 64, ""cw_power"": 0.5}",38.16717019133938,0.2972663263213708,30.565259746481388,
track,static_mlp,1,3,"{""epochs"": 40, ""lr"": 0.0005754578045243374, ""weight_decay"": 0.00013801632183567988, ""batch_size"": 64, ""dropout"": 0.2, ""static_h"": 128, ""rnn_h"": 64, ""cw_power"": 0.5}",37.36153071500504,0.2877737354339006,29.50793748685455,
track,static_mlp,1,4,"{""epochs"": 25, ""lr"": 0.0009223701664115867, ""weight_decay"": 0.0209194012518047, ""batch_size"": 64, ""dropout"": 0.3, ""static_h"": 64, ""rnn_h"": 64, ""cw_power"": 0.0}",41.23867069486405,0.24929039315036472,27.293356479928356,
track,static_mlp,1,5,"{""epochs"": 40, ""lr"": 0.0007429904389746782, ""weight_decay"": 0.04738245027841602, ""batch_size"": 128, ""dropout"": 0.1, ""static_h"": 128, ""rnn_h"": 128, ""cw_power"": 0.5}",36.656596173212485,0.29076365151124306,29.44323171446564,
track,static_mlp,1,6,"{""epochs"": 15, ""lr"": 0.0006229146893440892, ""weight_decay"": 0.005642781819105463, ""batch_size"": 128, ""dropout"": 0.2, ""static_h"": 64, ""rnn_h"": 128, ""cw_power"": 0.5}",39.42598187311178,0.3087529599585308,31.71703255155608,
track,static_mlp,1,7,"{""epochs"": 40, ""lr"": 0.0013606955307298421, ""weight_decay"": 0.014320558207280386, ""batch_size"": 256, ""dropout"": 0.3, ""static_h"": 256, ""rnn_h"": 32, ""cw_power"": 1.0}",32.98086606243706,0.29380122826341726,31.238618211519164,
track,lstm,1,0,"{""epochs"": 15, ""lr"": 0.001, ""weight_decay"": 0.01, ""batch_size"": 128, ""dropout"": 0.2, ""static_h"": 128, ""rnn_h"": 64, ""cw_power"": 1.0}",31.520644511581068,0.28754822510850886,36.42174625719024,
track,lstm,1,1,"{""epochs"": 15, ""lr"": 0.001001200783473297, ""weight_decay"": 0.0041756609889209255, ""batch_size"": 64, ""dropout"": 0.2, ""static_h"": 64, ""rnn_h"": 64, ""cw_power"": 0.5}",40.23162134944612,0.28225162778409724,29.697125648641183,
track,lstm,1,2,"{""epochs"": 40, ""lr"": 0.002475996397385003, ""weight_decay"": 0.0007333833172817056, ""batch_size"": 64, ""dropout"": 0.2, ""static_h"": 128, ""rnn_h"": 128, ""cw_power"": 1.0}",32.88016112789527,0.2929685629372889,35.182069924297664,
track,lstm,1,3,"{""epochs"": 15, ""lr"": 0.0005462500795895832, ""weight_decay"": 0.004478394718502033, ""batch_size"": 128, ""dropout"": 0.1, ""static_h"": 64, ""rnn_h"": 128, ""cw_power"": 0.5}",40.5337361530715,0.28495346621532996,29.823095633904927,
track,lstm,1,4,"{""epochs"": 40, ""lr"": 0.0028250726783678004, ""weight_decay"": 0.00013491334803742873, ""batch_size"": 128, ""dropout"": 0.3, ""static_h"": 256, ""rnn_h"": 128, ""cw_power"": 0.5}",41.69184290030212,0.28864197722594886,30.11011998275667,
track,lstm,1,5,"{""epochs"": 40, ""lr"": 0.001664570270379162, ""weight_decay"": 0.0926828202181544, ""batch_size"": 64, ""dropout"": 0.3, ""static_h"": 256, ""rnn_h"": 32, ""cw_power"": 1.0}",33.23262839879154,0.29278216008990887,35.604306798018506,
track,lstm,1,6,"{""epochs"": 25, ""lr"": 0.0020231058718107246, ""weight_decay"": 0.08018082206475713, ""batch_size"": 128, ""dropout"": 0.3, ""static_h"": 64, ""rnn_h"": 64, ""cw_power"": 1.0}",32.88016112789527,0.2887600461118379,35.51082443651713,
track,lstm,1,7,"{""epochs"": 25, ""lr"": 0.0008859947454774223, ""weight_decay"": 0.0004291367215839058, ""batch_size"": 256, ""dropout"": 0.2, ""static_h"": 128, ""rnn_h"": 32, ""cw_power"": 0.5}",40.735146022155085,0.26193812644454734,28.396341891326355,
track,hyb1,1,0,"{""epochs"": 15, ""lr"": 0.001, ""weight_decay"": 0.01, ""batch_size"": 128, ""dropout"": 0.2, ""static_h"": 128, ""rnn_h"": 64, ""cw_power"": 1.0}",33.58509566968782,0.3134795004831392,36.25089251898877,
track,hyb1,1,1,"{""epochs"": 25, ""lr"": 0.0009776150384373252, ""weight_decay"": 0.03974306546328216, ""batch_size"": 256, ""dropout"": 0.5, ""static_h"": 64, ""rnn_h"": 64, ""cw_power"": 0.0}",43.45417925478349,0.2797329763083188,30.724958337875698,
track,hyb1,1,2,"{""epochs"": 40, ""lr"": 0.002744748884670852, ""weight_decay"": 0.013544493839850964, ""batch_size"": 128, ""dropout"": 0.2, ""static_h"": 256, ""rnn_h"": 64, ""cw_power"": 0.0}",38.26787512588117,0.3104908331706343,31.009126346614696,
track,hyb1,1,3,"{""epochs"": 15, ""lr"": 0.0011404196421043796, ""weight_decay"": 0.00041821920567932573, ""batch_size"": 256, ""dropout"": 0.5, ""static_h"": 256, ""rnn_h"": 64, ""cw_power"": 0.5}",40.5337361530715,0.3490378520069678,36.915096262651346,
track,hyb1,1,4,"{""epochs"": 40, ""lr"": 0.000444157536621766, ""weight_decay"": 0.0034995477437671455, ""batch_size"": 64, ""dropout"": 0.2, ""static_h"": 256, ""rnn_h"": 128, ""cw_power"": 1.0}",37.160120845921455,0.31733291304253797,32.38702833294169,
track,hyb1,1,5,"{""epochs"": 40, ""lr"": 0.002836426629087121, ""weight_decay"": 0.014467671197109285, ""batch_size"": 128, ""dropout"": 0.2, ""static_h"": 128, ""rnn_h"": 64, ""cw_power"": 0.0}",37.26082578046324,0.3019913026889682,30.118535297110366,
track,hyb1,1,6,"{""epochs"": 40, ""lr"": 0.0023928893808035675, ""weight_decay"": 0.0027649546248912998, ""batch_size"": 128, ""dropout"": 0.3, ""static_h"": 256, ""rnn_h"": 64, ""cw_power"": 0.5}",38.318227593152066,0.3071479740923562,31.072543615253124,
track,hyb1,1,7,"{""epochs"": 15, ""lr"": 0.0007490391715839275, ""weight_decay"": 0.05821774531431374, ""batch_size"": 64, ""dropout"": 0.2, ""static_h"": 256, ""rnn_h"": 128, ""cw_power"": 0.5}",39.47633434038268,0.3432003364963525,35.32990102978579,
track,hyb2,1,0,"{""epochs"": 15, ""lr"": 0.001, ""weight_decay"": 0.01, ""batch_size"": 128, ""dropout"": 0.2, ""static_h"": 128, ""rnn_h"": 64, ""cw_power"": 1.0}",33.33333333333333,0.3088507123284426,35.15457294473104,
track,hyb2,1,1,"{""epochs"": 25, ""lr"": 0.0022275183092950014, ""weight_decay"": 0.009382615346945901, ""batch_size"": 128, ""dropout"": 0.2, ""static_h"": 128, ""rnn_h"": 32, ""cw_power"": 1.0}",36.05236656596173,0.31631245021578935,32.80474810661969,
track,hyb2,1,2,"{""epochs"": 25, ""lr"": 0.0003570021695449496, ""weight_decay"": 0.00013857881687783053, ""batch_size"": 256, ""dropout"": 0.3, ""static_h"": 64, ""rnn_h"": 128, ""cw_power"": 1.0}",33.383685800604226,0.29786070626861605,37.003217730592496,
track,hyb2,1,3,"{""epochs"": 15, ""lr"": 0.0026255943900782086, ""weight_decay"": 0.0008199806150461623, ""batch_size"": 128, ""dropout"": 0.3, ""static_h"": 128, ""rnn_h"": 32, ""cw_power"": 1.0}",33.434038267875124,0.31292524336183464,36.97878999014227,
track,hyb2,1,4,"{""epochs"": 40, ""lr"": 0.00047774587428841636, ""weight_decay"": 0.0003698441573279628, ""batch_size"": 64, ""dropout"": 0.5, ""static_h"": 256, ""rnn_h"": 128, ""cw_power"": 0.5}",40.78549848942598,0.32956084316211337,33.63055742979602,
track,hyb2,1,5,"{""epochs"": 40, ""lr"": 0.001797621261885021, ""weight_decay"": 0.0005864298613346015, ""batch_size"": 256, ""dropout"": 0.2, ""static_h"": 128, ""rnn_h"": 64, ""cw_power"": 1.0}",35.80060422960725,0.32229360719401234,34.32516175764794,
track,hyb2,1,6,"{""epochs"": 25, ""lr"": 0.0007957137882748461, ""weight_decay"": 0.0007901234934952424, ""batch_size"": 256, ""dropout"": 0.2, ""static_h"": 128, ""rnn_h"": 64, ""cw_power"": 0.5}",38.51963746223565,0.3243376753496262,33.70951462392194,
track,hyb2,1,7,"{""epochs"": 40, ""lr"": 0.002063409191614063, ""weight_decay"": 0.0006258392132896489, ""batch_size"": 64, ""dropout"": 0.1, ""static_h"": 64, ""rnn_h"": 32, ""cw_power"": 1.0}",33.8368580060423,0.30104181759547843,31.348880019914798,
track,hyb3,1,0,"{""epochs"": 15, ""lr"": 0.001, ""weight_decay"": 0.01, ""batch_size"": 128, ""dropout"": 0.2, ""static_h"": 128, ""rnn_h"": 64, ""cw_power"": 1.0}",34.74320241691843,0.3253436406905461,36.577219025717135,
track,hyb3,1,1,"{""epochs"": 15, ""lr"": 0.0003568666521207313, ""weight_decay"": 0.02865771647179922, ""batch_size"": 128, ""dropout"": 0.1, ""static_h"": 128, ""rnn_h"": 64, ""cw_power"": 0.5}",39.97985901309164,0.34112462035452235,35.07885796113131,
track,hyb3,1,2,"{""epochs"": 15, ""lr"": 0.0004777120455183912, ""weight_decay"": 0.013304291568379515, ""batch_size"": 256, ""dropout"": 0.3, ""static_h"": 256, ""rnn_h"": 128, ""cw_power"": 0.5}",40.735146022155085,0.3435854978354978,36.153998041964925,
track,hyb3,1,3,"{""epochs"": 40, ""lr"": 0.0007327428570315388, ""weight_decay"": 0.0004883139910009425, ""batch_size"": 64, ""dropout"": 0.5, ""static_h"": 128, ""rnn_h"": 128, ""cw_power"": 0.0}",42.59818731117825,0.27648765830214095,30.17705707669931,
track,hyb3,1,4,"{""epochs"": 15, ""lr"": 0.0031119429576183214, ""weight_decay"": 0.014345965261516208, ""batch_size"": 256, ""dropout"": 0.5, ""static_h"": 128, ""rnn_h"": 128, ""cw_power"": 0.5}",37.31117824773414,0.31644151962105616,35.57835479317616,
track,hyb3,1,5,"{""epochs"": 40, ""lr"": 0.0015074231596033563, ""weight_decay"": 0.004336902692928729, ""batch_size"": 128, ""dropout"": 0.3, ""static_h"": 256, ""rnn_h"": 128, ""cw_power"": 1.0}",37.56294058408862,0.3200941550953541,33.192617051072695,
track,hyb3,1,6,"{""epochs"": 40, ""lr"": 0.000390695524530082, ""weight_decay"": 0.0017294710293468576, ""batch_size"": 128, ""dropout"": 0.3, ""static_h"": 128, ""rnn_h"": 128, ""cw_power"": 1.0}",34.94461228600201,0.3131284877340037,33.99139052869054,
track,hyb3,1,7,"{""epochs"": 40, ""lr"": 0.0024476213782171595, ""weight_decay"": 0.0008695843992842163, ""batch_size"": 128, ""dropout"": 0.1, ""static_h"": 128, ""rnn_h"": 32, ""cw_power"": 0.0}",38.11681772406848,0.30300026394554325,30.650998466626266,
track,hyb4,1,0,"{""epochs"": 15, ""lr"": 0.001, ""weight_decay"": 0.01, ""batch_size"": 128, ""dropout"": 0.2, ""static_h"": 128, ""rnn_h"": 64, ""cw_power"": 1.0}",33.58509566968782,0.310076782291196,35.63166110105656,
track,hyb4,1,1,"{""epochs"": 40, ""lr"": 0.002267017570896474, ""weight_decay"": 0.001327067374407781, ""batch_size"": 64, ""dropout"": 0.1, ""static_h"": 256, ""rnn_h"": 32, ""cw_power"": 1.0}",35.44813695871098,0.29589713228981107,29.784070577061648,
track,hyb4,1,2,"{""epochs"": 25, ""lr"": 0.0025915785835902063, ""weight_decay"": 0.0005309771030935015, ""batch_size"": 256, ""dropout"": 0.2, ""static_h"": 256, ""rnn_h"": 128, ""cw_power"": 0.5}",36.606243705941594,0.2811098032643655,30.048478729454963,
track,hyb4,1,3,"{""epochs"": 15, ""lr"": 0.0006474705252125758, ""weight_decay"": 0.01397724157336964, ""batch_size"": 128, ""dropout"": 0.2, ""static_h"": 64, ""rnn_h"": 32, ""cw_power"": 0.0}",43.65558912386707,0.28179081164489267,30.246151336362924,
track,hyb4,1,4,"{""epochs"": 25, ""lr"": 0.00044725105831976147, ""weight_decay"": 0.0744840169736878, ""batch_size"": 256, ""dropout"": 0.5, ""static_h"": 256, ""rnn_h"": 128, ""cw_power"": 0.5}",41.339375629405836,0.3318753781927559,35.37043347771956,
track,hyb4,1,5,"{""epochs"": 25, ""lr"": 0.003073033460161933, ""weight_decay"": 0.007936944798755154, ""batch_size"": 64, ""dropout"": 0.5, ""static_h"": 256, ""rnn_h"": 32, ""cw_power"": 0.5}",39.12386706948641,0.2980850204168805,32.32776581380598,
track,hyb4,1,6,"{""epochs"": 25, ""lr"": 0.0012043917943440638, ""weight_decay"": 0.0028829831545864556, ""batch_size"": 64, ""dropout"": 0.1, ""static_h"": 256, ""rnn_h"": 128, ""cw_power"": 1.0}",33.434038267875124,0.2942016425474668,30.698335848070702,
track,hyb4,1,7,"{""epochs"": 25, ""lr"": 0.0005322690933096164, ""weight_decay"": 0.04553721398596922, ""batch_size"": 256, ""dropout"": 0.3, ""static_h"": 128, ""rnn_h"": 32, ""cw_power"": 0.5}",38.318227593152066,0.3292991594822602,34.107117986396254,
track,proposed,1,0,"{""epochs"": 15, ""lr"": 0.001, ""weight_decay"": 0.01, ""batch_size"": 128, ""dropout"": 0.2, ""static_h"": 128, ""rnn_h"": 64, ""cw_power"": 1.0}",34.79355488418933,0.3240094148099274,37.01556688423925,
track,proposed,1,1,"{""epochs"": 40, ""lr"": 0.0010124059555761187, ""weight_decay"": 0.003662407726397446, ""batch_size"": 128, ""dropout"": 0.5, ""static_h"": 128, ""rnn_h"": 64, ""cw_power"": 0.0}",41.842900302114806,0.2868666744729105,31.469370404489677,
track,proposed,1,2,"{""epochs"": 25, ""lr"": 0.0008960327867000835, ""weight_decay"": 0.001973528680178019, ""batch_size"": 128, ""dropout"": 0.2, ""static_h"": 256, ""rnn_h"": 128, ""cw_power"": 0.0}",40.98690835850957,0.3097098899336411,31.23012989725826,
track,proposed,1,3,"{""epochs"": 15, ""lr"": 0.0014885188854717789, ""weight_decay"": 0.0005191210675246525, ""batch_size"": 256, ""dropout"": 0.2, ""static_h"": 128, ""rnn_h"": 64, ""cw_power"": 1.0}",34.69284994964753,0.32982627984510354,38.60593637685781,
track,proposed,1,4,"{""epochs"": 25, ""lr"": 0.000519163768876848, ""weight_decay"": 0.018300237469195877, ""batch_size"": 128, ""dropout"": 0.1, ""static_h"": 256, ""rnn_h"": 32, ""cw_power"": 1.0}",36.25377643504532,0.3195223731642017,32.991883842380666,
track,proposed,1,5,"{""epochs"": 25, ""lr"": 0.0004396609969798612, ""weight_decay"": 0.0006765532836819526, ""batch_size"": 64, ""dropout"": 0.5, ""static_h"": 64, ""rnn_h"": 32, ""cw_power"": 0.5}",40.78549848942598,0.32540842272461945,35.170483280128224,
track,proposed,1,6,"{""epochs"": 25, ""lr"": 0.0003407872529932812, ""weight_decay"": 0.0015949206719345027, ""batch_size"": 256, ""dropout"": 0.3, ""static_h"": 256, ""rnn_h"": 128, ""cw_power"": 0.5}",40.130916414904334,0.3416177970444531,35.97383539476809,
track,proposed,1,7,"{""epochs"": 15, ""lr"": 0.0007252701709105548, ""weight_decay"": 0.013226287362726324, ""batch_size"": 256, ""dropout"": 0.1, ""static_h"": 128, ""rnn_h"": 32, ""cw_power"": 0.5}",38.77139979859013,0.33675815187012803,34.90550939852211,
track,static_mlp,2,0,"{""epochs"": 15, ""lr"": 0.001, ""weight_decay"": 0.01, ""batch_size"": 128, ""dropout"": 0.2, ""static_h"": 128, ""rnn_h"": 64, ""cw_power"": 1.0}",32.3262839879154,0.2998126069317608,32.31976263506219,
track,static_mlp,2,1,"{""epochs"": 15, ""lr"": 0.003038617627086496, ""weight_decay"": 0.0085007646572204, ""batch_size"": 256, ""dropout"": 0.3, ""static_h"": 64, ""rnn_h"": 32, ""cw_power"": 0.0}",42.195367573011076,0.26553726635112007,28.720002063198606,
track,static_mlp,2,2,"{""epochs"": 15, ""lr"": 0.0009799144427759703, ""weight_decay"": 0.0003079791351081537, ""batch_size"": 128, ""dropout"": 0.2, ""static_h"": 256, ""rnn_h"": 64, ""cw_power"": 0.0}",41.289023162134946,0.2724655888642807,28.587626324035618,
track,static_mlp,2,3,"{""epochs"": 25, ""lr"": 0.0003187644802756788, ""weight_decay"": 0.012465230129516315, ""batch_size"": 64, ""dropout"": 0.5, ""static_h"": 128, ""rnn_h"": 64, ""cw_power"": 0.5}",39.627391742195364,0.31688339999075266,32.87376907739471,
track,static_mlp,2,4,"{""epochs"": 15, ""lr"": 0.0007919637870673388, ""weight_decay"": 0.009479472873066984, ""batch_size"": 128, ""dropout"": 0.3, ""static_h"": 64, ""rnn_h"": 32, ""cw_power"": 1.0}",31.268882175226587,0.2969272298892805,35.191114222677086,
track,static_mlp,2,5,"{""epochs"": 25, ""lr"": 0.0021482252110620187, ""weight_decay"": 0.004791814343825545, ""batch_size"": 64, ""dropout"": 0.2, ""static_h"": 64, ""rnn_h"": 64, ""cw_power"": 1.0}",30.916414904330313,0.28436495395879446,31.401723492007825,
track,static_mlp,2,6,"{""epochs"": 40, ""lr"": 0.0007213509807264717, ""weight_decay"": 0.0001146572113063862, ""batch_size"": 128, ""dropout"": 0.2, ""static_h"": 64, ""rnn_h"": 128, ""cw_power"": 1.0}",32.4269889224572,0.2982083095702165,31.84965455101747,
track,static_mlp,2,7,"{""epochs"": 40, ""lr"": 0.0004766569527189256, ""weight_decay"": 0.02209959919715674, ""batch_size"": 128, ""dropout"": 0.1, ""static_h"": 128, ""rnn_h"": 32, ""cw_power"": 0.0}",39.577039274924466,0.2984957843877477,29.786117978022208,
track,lstm,2,0,"{""epochs"": 15, ""lr"": 0.001, ""weight_decay"": 0.01, ""batch_size"": 128, ""dropout"": 0.2, ""static_h"": 128, ""rnn_h"": 64, ""cw_power"": 1.0}",32.3262839879154,0.29086654228580633,36.89558602199896,
track,lstm,2,1,"{""epochs"": 25, ""lr"": 0.0024386221885526987, ""weight_decay"": 0.0006198366624026373, ""batch_size"": 256, ""dropout"": 0.3, ""static_h"": 128, ""rnn_h"": 128, ""cw_power"": 0.0}",43.90735146022155,0.20886756040766902,26.803060654442902,
track,lstm,2,2,"{""epochs"": 15, ""lr"": 0.0030642781261414624, ""weight_decay"": 0.0009807428112677393, ""batch_size"": 64, ""dropout"": 0.5, ""static_h"": 128, ""rnn_h"": 128, ""cw_power"": 0.5}",41.99395770392749,0.27826259023296196,29.17972338586818,
track,lstm,2,3,"{""epochs"": 40, ""lr"": 0.0009182828405819379, ""weight_decay"": 0.0003018453590784551, ""batch_size"": 128, ""dropout"": 0.2, ""static_h"": 128, ""rnn_h"": 128, ""cw_power"": 0.5}",42.54783484390735,0.2838586269128413,29.779252005222524,
track,lstm,2,4,"{""epochs"": 15, ""lr"": 0.00040779566536534775, ""weight_decay"": 0.0009503523895959944, ""batch_size"": 64, ""dropout"": 0.3, ""static_h"": 128, ""rnn_h"": 32, ""cw_power"": 1.0}",32.72910372608258,0.2929193403845163,36.787393416603464,
track,lstm,2,5,"{""epochs"": 25, ""lr"": 0.0018789895153299588, ""weight_decay"": 0.00015482914277020383, ""batch_size"": 128, ""dropout"": 0.2, ""static_h"": 256, ""rnn_h"": 128, ""cw_power"": 1.0}",29.85901309164149,0.2684148596763683,35.86117410976525,
track,lstm,2,6,"{""epochs"": 25, ""lr"": 0.0008264649106642671, ""weight_decay"": 0.03138997601204401, ""batch_size"": 64, ""dropout"": 0.1, ""static_h"": 64, ""rnn_h"": 32, ""cw_power"": 1.0}",32.124874118831826,0.2907827421575281,36.86293587831999,
track,lstm,2,7,"{""epochs"": 25, ""lr"": 0.0015259601916786175, ""weight_decay"": 0.0006233785376451478, ""batch_size"": 128, ""dropout"": 0.2, ""static_h"": 64, ""rnn_h"": 128, ""cw_power"": 1.0}",30.16112789526687,0.2696745367895752,35.699980136062194,
track,hyb1,2,0,"{""epochs"": 15, ""lr"": 0.001, ""weight_decay"": 0.01, ""batch_size"": 128, ""dropout"": 0.2, ""static_h"": 128, ""rnn_h"": 64, ""cw_power"": 1.0}",34.843907351460224,0.3191312943063329,33.90307388593697,
track,hyb1,2,1,"{""epochs"": 15, ""lr"": 0.0014544171135422504, ""weight_decay"": 0.007568409910418468, ""batch_size"": 256, ""dropout"": 0.1, ""static_h"": 128, ""rnn_h"": 64, ""cw_power"": 0.0}",42.74924471299094,0.3056890392734053,30.837507530212555,
track,hyb1,2,2,"{""epochs"": 25, ""lr"": 0.0004424276395958051, ""weight_decay"": 0.09854849241089793, ""batch_size"": 128, ""dropout"": 0.5, ""static_h"": 128, ""rnn_h"": 32, ""cw_power"": 0.0}",44.914400805639474,0.29749553639776233,32.329487115334956,
track,hyb1,2,3,"{""epochs"": 15, ""lr"": 0.0008928936119352511, ""weight_decay"": 0.004576168749948864, ""batch_size"": 128, ""dropout"": 0.3, ""static_h"": 128, ""rnn_h"": 32, ""cw_power"": 0.0}",44.46122860020141,0.2892682420666528,30.731395382036464,
track,hyb1,2,4,"{""epochs"": 40, ""lr"": 0.0020153811863947066, ""weight_decay"": 0.0011552854099917203, ""batch_size"": 64, ""dropout"": 0.3, ""static_h"": 64, ""rnn_h"": 32, ""cw_power"": 0.5}",39.274924471299094,0.3300409036202958,33.2355665392597,
track,hyb1,2,5,"{""epochs"": 40, ""lr"": 0.0005744166163591609, ""weight_decay"": 0.0001531526118773426, ""batch_size"": 64, ""dropout"": 0.5, ""static_h"": 128, ""rnn_h"": 32, ""cw_power"": 1.0}",35.90130916414904,0.32143107016129074,35.07073166026557,
track,hyb1,2,6,"{""epochs"": 40, ""lr"": 0.0017906814098674277, ""weight_decay"": 0.039186808292647556, ""batch_size"": 64, ""dropout"": 0.3, ""static_h"": 128, ""rnn_h"": 128, ""cw_power"": 0.0}",40.83585095669688,0.3041071481763979,30.636032811356756,
track,hyb1,2,7,"{""epochs"": 40, ""lr"": 0.0015681901641426829, ""weight_decay"": 0.0012828370512169259, ""batch_size"": 64, ""dropout"": 0.3, ""static_h"": 128, ""rnn_h"": 32, ""cw_power"": 0.0}",40.130916414904334,0.3200003345710922,31.984129434862364,
track,hyb2,2,0,"{""epochs"": 15, ""lr"": 0.001, ""weight_decay"": 0.01, ""batch_size"": 128, ""dropout"": 0.2, ""static_h"": 128, ""rnn_h"": 64, ""cw_power"": 1.0}",34.39073514602215,0.32403553601772067,35.667621622758105,
track,hyb2,2,1,"{""epochs"": 15, ""lr"": 0.0007798592651422183, ""weight_decay"": 0.000816150893977796, ""batch_size"": 256, ""dropout"": 0.1, ""static_h"": 128, ""rnn_h"": 128, ""cw_power"": 1.0}",35.95166163141994,0.3296517637769537,35.60845926777924,
track,hyb2,2,2,"{""epochs"": 40, ""lr"": 0.0003563803154556816, ""weight_decay"": 0.023818061091278462, ""batch_size"": 64, ""dropout"": 0.1, ""static_h"": 128, ""rnn_h"": 64, ""cw_power"": 0.5}",39.07351460221551,0.3278246728453179,32.96014390977267,
track,hyb2,2,3,"{""epochs"": 40, ""lr"": 0.002253292088257616, ""weight_decay"": 0.0009041974430770707, ""batch_size"": 64, ""dropout"": 0.2, ""static_h"": 128, ""rnn_h"": 32, ""cw_power"": 1.0}",34.340382678751254,0.31441862096200046,32.889797108485716,
track,hyb2,2,4,"{""epochs"": 25, ""lr"": 0.0003347274729083179, ""weight_decay"": 0.05612047251425231, ""batch_size"": 256, ""dropout"": 0.3, ""static_h"": 256, ""rnn_h"": 64, ""cw_power"": 0.0}",44.813695871097686,0.3035051967730229,32.00299898774318,
track,hyb2,2,5,"{""epochs"": 15, ""lr"": 0.0006182162805867735, ""weight_decay"": 0.05557167889803002, ""batch_size"": 256, ""dropout"": 0.5, ""static_h"": 256, ""rnn_h"": 128, ""cw_power"": 0.0}",44.864048338368576,0.292229956332374,31.941876648670874,
track,hyb2,2,6,"{""epochs"": 15, ""lr"": 0.0003201911672060512, ""weight_decay"": 0.019417512694148317, ""batch_size"": 256, ""dropout"": 0.5, ""static_h"": 128, ""rnn_h"": 32, ""cw_power"": 1.0}",35.0956696878147,0.3308106148400029,40.79791876702614,
track,hyb2,2,7,"{""epochs"": 25, ""lr"": 0.0005317027900759595, ""weight_decay"": 0.06769509036154557, ""batch_size"": 128, ""dropout"": 0.5, ""static_h"": 64, ""rnn_h"": 32, ""cw_power"": 0.0}",44.76334340382679,0.29161941176335743,31.852110041848615,
track,hyb3,2,0,"{""epochs"": 15, ""lr"": 0.001, ""weight_decay"": 0.01, ""batch_size"": 128, ""dropout"": 0.2, ""static_h"": 128, ""rnn_h"": 64, ""cw_power"": 1.0}",34.843907351460224,0.33004226456714564,36.7940544213329,
track,hyb3,2,1,"{""epochs"": 40, ""lr"": 0.0009796839348531646, ""weight_decay"": 0.0003078148088636368, ""batch_size"": 256, ""dropout"": 0.3, ""static_h"": 128, ""rnn_h"": 64, ""cw_power"": 0.5}",37.91540785498489,0.3274320764509057,33.91847179313125,
track,hyb3,2,2,"{""epochs"": 25, ""lr"": 0.0031325745010181445, ""weight_decay"": 0.020646414830665396, ""batch_size"": 64, ""dropout"": 0.3, ""static_h"": 128, ""rnn_h"": 128, ""cw_power"": 0.0}",41.49043303121853,0.3108775234504379,31.38316416063728,
track,hyb3,2,3,"{""epochs"": 40, ""lr"": 0.0011772748386079267, ""weight_decay"": 0.0006727970185883427, ""batch_size"": 64, ""dropout"": 0.2, ""static_h"": 64, ""rnn_h"": 128, ""cw_power"": 1.0}",36.102719033232624,0.32282193970881146,33.66470692125044,
track,hyb3,2,4,"{""epochs"": 25, ""lr"": 0.000376744246464904, ""weight_decay"": 0.006531857017448403, ""batch_size"": 64, ""dropout"": 0.3, ""static_h"": 64, ""rnn_h"": 64, ""cw_power"": 0.0}",43.65558912386707,0.3099841120817985,32.41744972379031,
track,hyb3,2,5,"{""epochs"": 15, ""lr"": 0.0003345783716892708, ""weight_decay"": 0.05045033258495133, ""batch_size"": 128, ""dropout"": 0.3, ""static_h"": 64, ""rnn_h"": 64, ""cw_power"": 1.0}",35.397784491440085,0.3298267651185457,39.37414212666765,
track,hyb3,2,6,"{""epochs"": 40, ""lr"": 0.0018315965435895057, ""weight_decay"": 0.0008010622217839685, ""batch_size"": 256, ""dropout"": 0.2, ""static_h"": 256, ""rnn_h"": 64, ""cw_power"": 1.0}",34.64249748237664,0.3071314184735129,31.39827695559222,
track,hyb3,2,7,"{""epochs"": 15, ""lr"": 0.0007808658253819571, ""weight_decay"": 0.0012518708882549752, ""batch_size"": 128, ""dropout"": 0.1, ""static_h"": 256, ""rnn_h"": 64, ""cw_power"": 1.0}",36.4551863041289,0.3238120162587194,33.80562920442219,
track,hyb4,2,0,"{""epochs"": 15, ""lr"": 0.001, ""weight_decay"": 0.01, ""batch_size"": 128, ""dropout"": 0.2, ""static_h"": 128, ""rnn_h"": 64, ""cw_power"": 1.0}",35.95166163141994,0.33478405976065273,35.97122552366251,
track,hyb4,2,1,"{""epochs"": 15, ""lr"": 0.00044051350285550714, ""weight_decay"": 0.0024211063758793495, ""batch_size"": 128, ""dropout"": 0.5, ""static_h"": 128, ""rnn_h"": 128, ""cw_power"": 1.0}",33.68580060422961,0.3143139304096294,38.70199092950386,
track,hyb4,2,2,"{""epochs"": 40, ""lr"": 0.0005499527983188778, ""weight_decay"": 0.0015808512303534443, ""batch_size"": 128, ""dropout"": 0.5, ""static_h"": 128, ""rnn_h"": 64, ""cw_power"": 1.0}",35.69989929506546,0.3203425895829972,37.35396584494405,
track,hyb4,2,3,"{""epochs"": 25, ""lr"": 0.0006756320930674029, ""weight_decay"": 0.0001926516607981466, ""batch_size"": 128, ""dropout"": 0.5, ""static_h"": 64, ""rnn_h"": 64, ""cw_power"": 0.0}",43.45417925478349,0.2742093307092161,31.00098975480097,
track,hyb4,2,4,"{""epochs"": 40, ""lr"": 0.0004148352339002913, ""weight_decay"": 0.002433834501491307, ""batch_size"": 64, ""dropout"": 0.3, ""static_h"": 256, ""rnn_h"": 128, ""cw_power"": 0.0}",40.130916414904334,0.29801852683719215,30.06246197647235,
track,hyb4,2,5,"{""epochs"": 40, ""lr"": 0.0003200292482526655, ""weight_decay"": 0.03247108322066342, ""batch_size"": 256, ""dropout"": 0.2, ""static_h"": 256, ""rnn_h"": 32, ""cw_power"": 0.5}",38.418932527693855,0.3152332476630774,31.566651554653035,
track,hyb4,2,6,"{""epochs"": 15, ""lr"": 0.0004653369107609132, ""weight_decay"": 0.07764153482071068, ""batch_size"": 256, ""dropout"": 0.2, ""static_h"": 128, ""rnn_h"": 128, ""cw_power"": 1.0}",34.44108761329305,0.3232296321014763,37.93862144361534,
track,hyb4,2,7,"{""epochs"": 15, ""lr"": 0.0003436460100205076, ""weight_decay"": 0.06147451955303588, ""batch_size"": 64, ""dropout"": 0.5, ""static_h"": 64, ""rnn_h"": 64, ""cw_power"": 1.0}",32.62839879154079,0.3076225784637122,38.500939664695295,
track,proposed,2,0,"{""epochs"": 15, ""lr"": 0.001, ""weight_decay"": 0.01, ""batch_size"": 128, ""dropout"": 0.2, ""static_h"": 128, ""rnn_h"": 64, ""cw_power"": 1.0}",35.85095669687814,0.32699793351908857,34.85326968880224,
track,proposed,2,1,"{""epochs"": 15, ""lr"": 0.001261997083814647, ""weight_decay"": 0.08839683460418259, ""batch_size"": 64, ""dropout"": 0.1, ""static_h"": 64, ""rnn_h"": 64, ""cw_power"": 1.0}",35.90130916414904,0.3295784291783023,35.64324352288697,
track,proposed,2,2,"{""epochs"": 15, ""lr"": 0.0024007418418783475, ""weight_decay"": 0.0014544263188423282, ""batch_size"": 256, ""dropout"": 0.3, ""static_h"": 64, ""rnn_h"": 64, ""cw_power"": 1.0}",35.90130916414904,0.3287606507838853,36.53979441196836,
track,proposed,2,3,"{""epochs"": 15, ""lr"": 0.0016588051363753225, ""weight_decay"": 0.007886140060544224, ""batch_size"": 64, ""dropout"": 0.3, ""static_h"": 256, ""rnn_h"": 128, ""cw_power"": 0.0}",41.339375629405836,0.2999958886263133,30.716809175371985,
track,proposed,2,4,"{""epochs"": 40, ""lr"": 0.0023484288199386847, ""weight_decay"": 0.006273305079709683, ""batch_size"": 64, ""dropout"": 0.5, ""static_h"": 128, ""rnn_h"": 32, ""cw_power"": 1.0}",33.93756294058409,0.31219980581510753,34.601849082030746,
track,proposed,2,5,"{""epochs"": 25, ""lr"": 0.00037594488694285734, ""weight_decay"": 0.0005547264416555265, ""batch_size"": 128, ""dropout"": 0.1, ""static_h"": 256, ""rnn_h"": 128, ""cw_power"": 1.0}",34.29003021148036,0.31306053208523527,33.76735315520401,
track,proposed,2,6,"{""epochs"": 40, ""lr"": 0.0004938931252504217, ""weight_decay"": 0.07053250782151683, ""batch_size"": 256, ""dropout"": 0.2, ""static_h"": 256, ""rnn_h"": 128, ""cw_power"": 0.0}",40.88620342396778,0.31013812348572106,30.928250412459906,
track,proposed,2,7,"{""epochs"": 25, ""lr"": 0.0015052603043243368, ""weight_decay"": 0.013748934450918043, ""batch_size"": 128, ""dropout"": 0.1, ""static_h"": 128, ""rnn_h"": 32, ""cw_power"": 1.0}",31.722054380664655,0.3001264184668927,33.22688194242443,
track,static_mlp,3,0,"{""epochs"": 15, ""lr"": 0.001, ""weight_decay"": 0.01, ""batch_size"": 128, ""dropout"": 0.2, ""static_h"": 128, ""rnn_h"": 64, ""cw_power"": 1.0}",31.973816717019133,0.30158234126265776,33.877261892572704,
track,static_mlp,3,1,"{""epochs"": 25, ""lr"": 0.0013484005556102542, ""weight_decay"": 0.005874900981703137, ""batch_size"": 128, ""dropout"": 0.5, ""static_h"": 128, ""rnn_h"": 64, ""cw_power"": 0.5}",37.91540785498489,0.31490563242732006,33.28587460111579,
track,static_mlp,3,2,"{""epochs"": 15, ""lr"": 0.0004071495517711981, ""weight_decay"": 0.0003536014912705654, ""batch_size"": 256, ""dropout"": 0.1, ""static_h"": 64, ""rnn_h"": 32, ""cw_power"": 0.5}",40.83585095669688,0.3160796488390676,32.60619669128395,
track,static_mlp,3,3,"{""epochs"": 15, ""lr"": 0.0003457561301814525, ""weight_decay"": 0.08591358662643205, ""batch_size"": 256, ""dropout"": 0.1, ""static_h"": 256, ""rnn_h"": 64, ""cw_power"": 0.0}",42.95065458207452,0.2906262868966864,30.667254536134287,
track,static_mlp,3,4,"{""epochs"": 25, ""lr"": 0.0004346503021449109, ""weight_decay"": 0.004529149336082591, ""batch_size"": 64, ""dropout"": 0.2, ""static_h"": 64, ""rnn_h"": 32, ""cw_power"": 0.5}",36.656596173212485,0.3122658574734981,32.46182451630168,
track,static_mlp,3,5,"{""epochs"": 40, ""lr"": 0.0017901491494272542, ""weight_decay"": 0.02909685883089916, ""batch_size"": 128, ""dropout"": 0.2, ""static_h"": 128, ""rnn_h"": 64, ""cw_power"": 0.0}",40.33232628398791,0.29153341003616634,29.533949375060427,
track,static_mlp,3,6,"{""epochs"": 15, ""lr"": 0.00219576703058136, ""weight_decay"": 0.000964120187285211, ""batch_size"": 256, ""dropout"": 0.1, ""static_h"": 256, ""rnn_h"": 128, ""cw_power"": 0.5}",34.843907351460224,0.30204271377241565,31.272174648965965,
track,static_mlp,3,7,"{""epochs"": 40, ""lr"": 0.0009510104227634642, ""weight_decay"": 0.00017499691078674633, ""batch_size"": 256, ""dropout"": 0.2, ""static_h"": 128, ""rnn_h"": 128, ""cw_power"": 0.0}",40.6344410876133,0.2830477195295744,29.12387728486659,
track,lstm,3,0,"{""epochs"": 15, ""lr"": 0.001, ""weight_decay"": 0.01, ""batch_size"": 128, ""dropout"": 0.2, ""static_h"": 128, ""rnn_h"": 64, ""cw_power"": 1.0}",32.93051359516616,0.2917766450940776,35.52018362827244,
track,lstm,3,1,"{""epochs"": 25, ""lr"": 0.002528392028873492, ""weight_decay"": 0.0003027292252230924, ""batch_size"": 256, ""dropout"": 0.1, ""static_h"": 128, ""rnn_h"": 64, ""cw_power"": 0.0}",43.90735146022155,0.24502452928402557,28.49388017069886,
track,lstm,3,2,"{""epochs"": 25, ""lr"": 0.0007740283442270879, ""weight_decay"": 0.0020222818333649212, ""batch_size"": 128, ""dropout"": 0.5, ""static_h"": 256, ""rnn_h"": 32, ""cw_power"": 1.0}",32.72910372608258,0.29286389690633186,34.99462627887746,
track,lstm,3,3,"{""epochs"": 25, ""lr"": 0.0003641594551475648, ""weight_decay"": 0.0076027190224545495, ""batch_size"": 128, ""dropout"": 0.3, ""static_h"": 128, ""rnn_h"": 32, ""cw_power"": 0.5}",42.44712990936556,0.28755851318204145,30.65199519551119,
track,lstm,3,4,"{""epochs"": 40, ""lr"": 0.000344886860349255, ""weight_decay"": 0.026536776100195395, ""batch_size"": 64, ""dropout"": 0.5, ""static_h"": 256, ""rnn_h"": 128, ""cw_power"": 1.0}",32.67875125881169,0.29203908454754746,35.691248820570664,
track,lstm,3,5,"{""epochs"": 25, ""lr"": 0.000711747909083645, ""weight_decay"": 0.0002455971836793792, ""batch_size"": 128, ""dropout"": 0.1, ""static_h"": 64, ""rnn_h"": 32, ""cw_power"": 1.0}",32.72910372608258,0.2920824929072597,35.05601563674388,
track,lstm,3,6,"{""epochs"": 25, ""lr"": 0.0027941074572587683, ""weight_decay"": 0.0007577201656405955, ""batch_size"": 256, ""dropout"": 0.2, ""static_h"": 128, ""rnn_h"": 64, ""cw_power"": 0.0}",44.10876132930513,0.25004224680175374,28.805331200402446,
track,lstm,3,7,"{""epochs"": 40, ""lr"": 0.0014269576996843425, ""weight_decay"": 0.0014928162143187861, ""batch_size"": 128, ""dropout"": 0.1, ""static_h"": 256, ""rnn_h"": 128, ""cw_power"": 0.0}",44.46122860020141,0.24573769036829068,28.475906813292134,
track,hyb1,3,0,"{""epochs"": 15, ""lr"": 0.001, ""weight_decay"": 0.01, ""batch_size"": 128, ""dropout"": 0.2, ""static_h"": 128, ""rnn_h"": 64, ""cw_power"": 1.0}",33.33333333333333,0.31824338865132007,35.9549002752233,
track,hyb1,3,1,"{""epochs"": 25, ""lr"": 0.0004757880277192611, ""weight_decay"": 0.010442533702207157, ""batch_size"": 128, ""dropout"": 0.5, ""static_h"": 64, ""rnn_h"": 32, ""cw_power"": 0.5}",40.5337361530715,0.32609722514616035,36.88448407987456,
track,hyb1,3,2,"{""epochs"": 15, ""lr"": 0.002410699669512031, ""weight_decay"": 0.00190969651394244, ""batch_size"": 256, ""dropout"": 0.3, ""static_h"": 128, ""rnn_h"": 64, ""cw_power"": 0.5}",39.87915407854985,0.33988611495258775,36.26362177947592,
track,hyb1,3,3,"{""epochs"": 25, ""lr"": 0.0007405762141423625, ""weight_decay"": 0.013443566230588023, ""batch_size"": 64, ""dropout"": 0.2, ""static_h"": 128, ""rnn_h"": 32, ""cw_power"": 1.0}",33.88721047331319,0.3204043031457189,35.70306921856661,
track,hyb1,3,4,"{""epochs"": 25, ""lr"": 0.0021085759963159934, ""weight_decay"": 0.00012071301800117498, ""batch_size"": 256, ""dropout"": 0.2, ""static_h"": 256, ""rnn_h"": 64, ""cw_power"": 1.0}",35.59919436052367,0.3237978368944277,34.46678053410643,
track,hyb1,3,5,"{""epochs"": 40, ""lr"": 0.00072201227250707, ""weight_decay"": 0.004731867477898594, ""batch_size"": 256, ""dropout"": 0.5, ""static_h"": 128, ""rnn_h"": 64, ""cw_power"": 1.0}",35.80060422960725,0.33097776562384373,38.18215789986212,
track,hyb1,3,6,"{""epochs"": 25, ""lr"": 0.0012209485614498505, ""weight_decay"": 0.008300533655144542, ""batch_size"": 64, ""dropout"": 0.1, ""static_h"": 128, ""rnn_h"": 128, ""cw_power"": 0.5}",37.31117824773414,0.3171693850386673,32.011245151663076,
track,hyb1,3,7,"{""epochs"": 25, ""lr"": 0.00042335041942145836, ""weight_decay"": 0.0012948931544740248, ""batch_size"": 128, ""dropout"": 0.3, ""static_h"": 128, ""rnn_h"": 32, ""cw_power"": 0.5}",39.1742195367573,0.3457010717056147,36.78038184535237,
track,hyb2,3,0,"{""epochs"": 15, ""lr"": 0.001, ""weight_decay"": 0.01, ""batch_size"": 128, ""dropout"": 0.2, ""static_h"": 128, ""rnn_h"": 64, ""cw_power"": 1.0}",34.340382678751254,0.3299449117273765,37.798318543865726,
track,hyb2,3,1,"{""epochs"": 25, ""lr"": 0.00043764538436677974, ""weight_decay"": 0.0004425842685633186, ""batch_size"": 256, ""dropout"": 0.3, ""static_h"": 128, ""rnn_h"": 64, ""cw_power"": 1.0}",35.49848942598187,0.32809097249045577,38.45196507530315,
track,hyb2,3,2,"{""epochs"": 40, ""lr"": 0.0005526289186681327, ""weight_decay"": 0.00042666885516387255, ""batch_size"": 64, ""dropout"": 0.5, ""static_h"": 256, ""rnn_h"": 32, ""cw_power"": 0.0}",42.64853977844915,0.2864146557670386,30.059525363754346,
track,hyb2,3,3,"{""epochs"": 25, ""lr"": 0.001431415554228003, ""weight_decay"": 0.004602270273901333, ""batch_size"": 64, ""dropout"": 0.2, ""static_h"": 256, ""rnn_h"": 64, ""cw_power"": 0.0}",39.1742195367573,0.3158922577905234,31.74955403430335,
track,hyb2,3,4,"{""epochs"": 25, ""lr"": 0.0013603445881100638, ""weight_decay"": 0.05557896283045966, ""batch_size"": 64, ""dropout"": 0.5, ""static_h"": 128, ""rnn_h"": 64, ""cw_power"": 0.5}",38.066465256797585,0.33052621696197915,36.76050909361466,
track,hyb2,3,5,"{""epochs"": 25, ""lr"": 0.0003304351644091996, ""weight_decay"": 0.0006394698181385515, ""batch_size"": 256, ""dropout"": 0.1, ""static_h"": 256, ""rnn_h"": 128, ""cw_power"": 0.0}",41.99395770392749,0.3128173083453068,32.18591980165654,
track,hyb2,3,6,"{""epochs"": 40, ""lr"": 0.0014304462460993787, ""weight_decay"": 0.003668895393343899, ""batch_size"": 256, ""dropout"": 0.3, ""static_h"": 256, ""rnn_h"": 128, ""cw_power"": 0.5}",38.16717019133938,0.3247764011764175,33.238750375547355,
track,hyb2,3,7,"{""epochs"": 40, ""lr"": 0.0011006183834227615, ""weight_decay"": 0.08813989224716205, ""batch_size"": 256, ""dropout"": 0.2, ""static_h"": 64, ""rnn_h"": 128, ""cw_power"": 1.0}",37.61329305135951,0.3398777606825584,36.8775578062938,
track,hyb3,3,0,"{""epochs"": 15, ""lr"": 0.001, ""weight_decay"": 0.01, ""batch_size"": 128, ""dropout"": 0.2, ""static_h"": 128, ""rnn_h"": 64, ""cw_power"": 1.0}",35.196374622356494,0.3290603852878846,36.85408449106552,
track,hyb3,3,1,"{""epochs"": 40, ""lr"": 0.0003237176271122212, ""weight_decay"": 0.0016952490433292115, ""batch_size"": 256, ""dropout"": 0.1, ""static_h"": 128, ""rnn_h"": 32, ""cw_power"": 1.0}",36.20342396777442,0.33910249683397675,37.02466649044368,
track,hyb3,3,2,"{""epochs"": 15, ""lr"": 0.0008482148038761227, ""weight_decay"": 0.001693562503778995, ""batch_size"": 64, ""dropout"": 0.1, ""static_h"": 256, ""rnn_h"": 64, ""cw_power"": 0.0}",41.54078549848943,0.3201937451640606,31.90799109354253,
track,hyb3,3,3,"{""epochs"": 15, ""lr"": 0.00202133357183057, ""weight_decay"": 0.005841776510499304, ""batch_size"": 64, ""dropout"": 0.2, ""static_h"": 64, ""rnn_h"": 128, ""cw_power"": 1.0}",36.908358509566966,0.3388846235262953,36.125613600583655,
track,hyb3,3,4,"{""epochs"": 40, ""lr"": 0.0009238685479367895, ""weight_decay"": 0.0016191062053870398, ""batch_size"": 256, ""dropout"": 0.1, ""static_h"": 64, ""rnn_h"": 32, ""cw_power"": 1.0}",36.908358509566966,0.3310013451113481,34.94602691575132,
track,hyb3,3,5,"{""epochs"": 40, ""lr"": 0.0006872030830869852, ""weight_decay"": 0.00012840243346726169, ""batch_size"": 256, ""dropout"": 0.1, ""static_h"": 128, ""rnn_h"": 64, ""cw_power"": 0.0}",41.339375629405836,0.31758520359825326,31.65971352852069,
track,hyb3,3,6,"{""epochs"": 25, ""lr"": 0.000679131102054946, ""weight_decay"": 0.03306819872183577, ""batch_size"": 256, ""dropout"": 0.5, ""static_h"": 64, ""rnn_h"": 32, ""cw_power"": 0.0}",44.15911379657603,0.2816359649713307,31.096603161317578,
track,hyb3,3,7,"{""epochs"": 25, ""lr"": 0.0028453729664048586, ""weight_decay"": 0.017926330545265157, ""batch_size"": 256, ""dropout"": 0.1, ""static_h"": 64, ""rnn_h"": 64, ""cw_power"": 0.0}",42.54783484390735,0.3375888320101959,33.82651510881986,
track,hyb4,3,0,"{""epochs"": 15, ""lr"": 0.001, ""weight_decay"": 0.01, ""batch_size"": 128, ""dropout"": 0.2, ""static_h"": 128, ""rnn_h"": 64, ""cw_power"": 1.0}",34.13897280966767,0.3191929342538186,35.94830809622561,
track,hyb4,3,1,"{""epochs"": 25, ""lr"": 0.0023642485861801797, ""weight_decay"": 0.00022849880590134915, ""batch_size"": 64, ""dropout"": 0.3, ""static_h"": 256, ""rnn_h"": 32, ""cw_power"": 0.5}",36.05236656596173,0.3150340213016544,33.183767172943206,
track,hyb4,3,2,"{""epochs"": 25, ""lr"": 0.000320350397660191, ""weight_decay"": 0.09172963061803047, ""batch_size"": 64, ""dropout"": 0.2, ""static_h"": 256, ""rnn_h"": 64, ""cw_power"": 0.0}",39.97985901309164,0.32305259309283335,32.15793144136411,
track,hyb4,3,3,"{""epochs"": 25, ""lr"": 0.0014085591748212235, ""weight_decay"": 0.025266723586712954, ""batch_size"": 128, ""dropout"": 0.5, ""static_h"": 64, ""rnn_h"": 64, ""cw_power"": 0.0}",44.36052366565962,0.28062450627155544,32.064873802217136,
track,hyb4,3,4,"{""epochs"": 40, ""lr"": 0.0014084880933242575, ""weight_decay"": 0.0011390713065371281, ""batch_size"": 64, ""dropout"": 0.2, ""static_h"": 64, ""rnn_h"": 64, ""cw_power"": 0.0}",40.5840886203424,0.3145219255592708,31.516400422128584,
track,hyb4,3,5,"{""epochs"": 15, ""lr"": 0.0016415298192783508, ""weight_decay"": 0.006069761170511726, ""batch_size"": 256, ""dropout"": 0.2, ""static_h"": 64, ""rnn_h"": 128, ""cw_power"": 0.0}",43.705941591137965,0.3224421237213696,33.54887040518324,
track,hyb4,3,6,"{""epochs"": 25, ""lr"": 0.0024996354463397374, ""weight_decay"": 0.0011093759981865064, ""batch_size"": 256, ""dropout"": 0.2, ""static_h"": 256, ""rnn_h"": 64, ""cw_power"": 1.0}",34.99496475327291,0.31544331503438094,34.06189879029569,
track,hyb4,3,7,"{""epochs"": 40, ""lr"": 0.0008666753930940362, ""weight_decay"": 0.0016252455296447183, ""batch_size"": 64, ""dropout"": 0.1, ""static_h"": 128, ""rnn_h"": 64, ""cw_power"": 1.0}",38.87210473313193,0.33762947258514603,34.23092290711466,
track,proposed,3,0,"{""epochs"": 15, ""lr"": 0.001, ""weight_decay"": 0.01, ""batch_size"": 128, ""dropout"": 0.2, ""static_h"": 128, ""rnn_h"": 64, ""cw_power"": 1.0}",33.7361530715005,0.3107364671059635,34.26273272505279,
track,proposed,3,1,"{""epochs"": 25, ""lr"": 0.0008707333385225591, ""weight_decay"": 0.0008771898070965003, ""batch_size"": 64, ""dropout"": 0.2, ""static_h"": 128, ""rnn_h"": 64, ""cw_power"": 0.5}",36.908358509566966,0.33010914040204464,34.470869909599436,
track,proposed,3,2,"{""epochs"": 25, ""lr"": 0.00047238082591268313, ""weight_decay"": 0.0006949720310884779, ""batch_size"": 64, ""dropout"": 0.2, ""static_h"": 256, ""rnn_h"": 128, ""cw_power"": 0.0}",40.23162134944612,0.3298209463184957,33.13556127401898,
track,proposed,3,3,"{""epochs"": 15, ""lr"": 0.0005336092004969944, ""weight_decay"": 0.0002890023327783497, ""batch_size"": 64, ""dropout"": 0.5, ""static_h"": 64, ""rnn_h"": 128, ""cw_power"": 0.5}",42.497482376636455,0.34919907386089394,36.038687407789254,
track,proposed,3,4,"{""epochs"": 25, ""lr"": 0.0006841914841931764, ""weight_decay"": 0.0008229811458740714, ""batch_size"": 64, ""dropout"": 0.2, ""static_h"": 256, ""rnn_h"": 64, ""cw_power"": 0.0}",38.77139979859013,0.32248799334761374,32.20250643375299,
track,proposed,3,5,"{""epochs"": 15, ""lr"": 0.0018116438149260426, ""weight_decay"": 0.010544665593327751, ""batch_size"": 64, ""dropout"": 0.2, ""static_h"": 256, ""rnn_h"": 32, ""cw_power"": 1.0}",35.85095669687814,0.3249234969026974,34.310649144907956,
track,proposed,3,6,"{""epochs"": 15, ""lr"": 0.0004145909144832136, ""weight_decay"": 0.00012005747156094286, ""batch_size"": 256, ""dropout"": 0.2, ""static_h"": 256, ""rnn_h"": 128, ""cw_power"": 0.0}",43.152064451158104,0.2921084041152222,30.989380746683704,
track,proposed,3,7,"{""epochs"": 25, ""lr"": 0.002473673190278193, ""weight_decay"": 0.004671343878095097, ""batch_size"": 64, ""dropout"": 0.5, ""static_h"": 64, ""rnn_h"": 64, ""cw_power"": 1.0}",33.23262839879154,0.30695820104252103,38.34828253807028,
track,static_mlp,4,0,"{""epochs"": 15, ""lr"": 0.001, ""weight_decay"": 0.01, ""batch_size"": 128, ""dropout"": 0.2, ""static_h"": 128, ""rnn_h"": 64, ""cw_power"": 1.0}",32.02416918429003,0.30014432814606545,32.81478495970855,
track,static_mlp,4,1,"{""epochs"": 15, ""lr"": 0.0010479605964810617, ""weight_decay"": 0.00031450327427019845, ""batch_size"": 128, ""dropout"": 0.1, ""static_h"": 256, ""rnn_h"": 128, ""cw_power"": 1.0}",32.779456193353475,0.3020643586911794,32.39820016039623,
track,static_mlp,4,2,"{""epochs"": 15, ""lr"": 0.0015367287532302948, ""weight_decay"": 0.00026341195903353235, ""batch_size"": 64, ""dropout"": 0.2, ""static_h"": 64, ""rnn_h"": 64, ""cw_power"": 1.0}",33.131923464249745,0.3071508737639877,33.94104855968598,
track,static_mlp,4,3,"{""epochs"": 25, ""lr"": 0.00033553371359578863, ""weight_decay"": 0.0002515830629994691, ""batch_size"": 128, ""dropout"": 0.3, ""static_h"": 128, ""rnn_h"": 64, ""cw_power"": 0.0}",42.95065458207452,0.2652133042875705,28.691031952889407,
track,static_mlp,4,4,"{""epochs"": 15, ""lr"": 0.0022031272698774394, ""weight_decay"": 0.018035029497617285, ""batch_size"": 128, ""dropout"": 0.1, ""static_h"": 64, ""rnn_h"": 64, ""cw_power"": 0.0}",41.842900302114806,0.2916149853889268,30.010314050449317,
track,static_mlp,4,5,"{""epochs"": 25, ""lr"": 0.0009352682284437489, ""weight_decay"": 0.06816350280522324, ""batch_size"": 64, ""dropout"": 0.2, ""static_h"": 256, ""rnn_h"": 32, ""cw_power"": 0.5}",35.397784491440085,0.28902727070159,28.967975234501324,
track,static_mlp,4,6,"{""epochs"": 25, ""lr"": 0.000384456046595249, ""weight_decay"": 0.04281166508917405, ""batch_size"": 128, ""dropout"": 0.5, ""static_h"": 128, ""rnn_h"": 128, ""cw_power"": 1.0}",30.71500503524673,0.2918170721469969,34.50865252311311,
track,static_mlp,4,7,"{""epochs"": 15, ""lr"": 0.0010566242046567353, ""weight_decay"": 0.006761061196871822, ""batch_size"": 64, ""dropout"": 0.3, ""static_h"": 128, ""rnn_h"": 32, ""cw_power"": 1.0}",31.319234642497484,0.2944995698726788,32.572792771787114,
track,lstm,4,0,"{""epochs"": 15, ""lr"": 0.001, ""weight_decay"": 0.01, ""batch_size"": 128, ""dropout"": 0.2, ""static_h"": 128, ""rnn_h"": 64, ""cw_power"": 1.0}",33.7865055387714,0.29581246389560995,35.80854706867051,
track,lstm,4,1,"{""epochs"": 15, ""lr"": 0.0007521190829802932, ""weight_decay"": 0.006724082099336697, ""batch_size"": 64, ""dropout"": 0.2, ""static_h"": 64, ""rnn_h"": 32, ""cw_power"": 0.5}",44.31017119838872,0.2808504092651725,30.483121332954745,
track,lstm,4,2,"{""epochs"": 25, ""lr"": 0.002575641071835492, ""weight_decay"": 0.002102330312085396, ""batch_size"": 256, ""dropout"": 0.2, ""static_h"": 64, ""rnn_h"": 32, ""cw_power"": 0.5}",43.90735146022155,0.27864590695855057,30.217911690707012,
track,lstm,4,3,"{""epochs"": 25, ""lr"": 0.00034744470983091716, ""weight_decay"": 0.00010784922195249411, ""batch_size"": 64, ""dropout"": 0.2, ""static_h"": 64, ""rnn_h"": 64, ""cw_power"": 0.5}",43.353474320241695,0.2814243796360591,30.187164312808445,
track,lstm,4,4,"{""epochs"": 25, ""lr"": 0.001200476521153794, ""weight_decay"": 0.05359191410184012, ""batch_size"": 256, ""dropout"": 0.2, ""static_h"": 128, ""rnn_h"": 64, ""cw_power"": 1.0}",33.081570996978854,0.29697298394343075,35.79561097778866,
track,lstm,4,5,"{""epochs"": 25, ""lr"": 0.00041612357505105225, ""weight_decay"": 0.00014427142851495812, ""batch_size"": 128, ""dropout"": 0.5, ""static_h"": 128, ""rnn_h"": 128, ""cw_power"": 0.0}",44.259818731117825,0.21832945364486467,27.57212140382581,
track,lstm,4,6,"{""epochs"": 40, ""lr"": 0.0009707075965246104, ""weight_decay"": 0.006073997684870347, ""batch_size"": 128, ""dropout"": 0.5, ""static_h"": 256, ""rnn_h"": 64, ""cw_power"": 0.5}",43.85699899295065,0.3010450399811324,31.408714015781825,
track,lstm,4,7,"{""epochs"": 25, ""lr"": 0.000553096028514184, ""weight_decay"": 0.00032816372338702543, ""batch_size"": 64, ""dropout"": 0.5, ""static_h"": 256, ""rnn_h"": 64, ""cw_power"": 0.5}",43.65558912386707,0.2832571811215533,30.342560517324447,
track,hyb1,4,0,"{""epochs"": 15, ""lr"": 0.001, ""weight_decay"": 0.01, ""batch_size"": 128, ""dropout"": 0.2, ""static_h"": 128, ""rnn_h"": 64, ""cw_power"": 1.0}",36.80765357502518,0.3443856954993225,37.65665781694373,
track,hyb1,4,1,"{""epochs"": 25, ""lr"": 0.0005448896074226458, ""weight_decay"": 0.004936427367245394, ""batch_size"": 128, ""dropout"": 0.5, ""static_h"": 128, ""rnn_h"": 64, ""cw_power"": 1.0}",35.24672708962739,0.332600638561727,38.71383810644091,
track,hyb1,4,2,"{""epochs"": 15, ""lr"": 0.0007127187321450064, ""weight_decay"": 0.0009986724761064615, ""batch_size"": 256, ""dropout"": 0.2, ""static_h"": 128, ""rnn_h"": 32, ""cw_power"": 0.5}",42.39677744209466,0.35332146452895374,36.2089314594993,
track,hyb1,4,3,"{""epochs"": 40, ""lr"": 0.0008688778590868447, ""weight_decay"": 0.0009090481373191665, ""batch_size"": 128, ""dropout"": 0.3, ""static_h"": 128, ""rnn_h"": 128, ""cw_power"": 0.0}",43.152064451158104,0.3369496100917222,33.59087747693004,
track,hyb1,4,4,"{""epochs"": 40, ""lr"": 0.0025937983074838674, ""weight_decay"": 0.00017639237508774836, ""batch_size"": 256, ""dropout"": 0.5, ""static_h"": 128, ""rnn_h"": 128, ""cw_power"": 1.0}",35.29707955689829,0.31973266351184687,36.3924183558249,
track,hyb1,4,5,"{""epochs"": 40, ""lr"": 0.0011709266586431922, ""weight_decay"": 0.013559870812355998, ""batch_size"": 256, ""dropout"": 0.3, ""static_h"": 256, ""rnn_h"": 128, ""cw_power"": 1.0}",35.80060422960725,0.3113402479129951,32.23554858067245,
track,hyb1,4,6,"{""epochs"": 40, ""lr"": 0.0023346785281165077, ""weight_decay"": 0.00018914736567934515, ""batch_size"": 128, ""dropout"": 0.5, ""static_h"": 256, ""rnn_h"": 64, ""cw_power"": 1.0}",35.64954682779456,0.31584482152314586,34.136012383584166,
track,hyb1,4,7,"{""epochs"": 40, ""lr"": 0.003120578028332247, ""weight_decay"": 0.007935909703686071, ""batch_size"": 128, ""dropout"": 0.3, ""static_h"": 128, ""rnn_h"": 64, ""cw_power"": 1.0}",37.36153071500504,0.3282522639018093,33.85220903723632,
track,hyb2,4,0,"{""epochs"": 15, ""lr"": 0.001, ""weight_decay"": 0.01, ""batch_size"": 128, ""dropout"": 0.2, ""static_h"": 128, ""rnn_h"": 64, ""cw_power"": 1.0}",37.814702920443096,0.34640838627976545,37.029201378895834,
track,hyb2,4,1,"{""epochs"": 40, ""lr"": 0.0018578123735648285, ""weight_decay"": 0.00028935676760502506, ""batch_size"": 64, ""dropout"": 0.2, ""static_h"": 64, ""rnn_h"": 128, ""cw_power"": 0.0}",40.5337361530715,0.3099868774134423,31.119930829930887,
track,hyb2,4,2,"{""epochs"": 40, ""lr"": 0.0005035625796295332, ""weight_decay"": 0.0002641716189674863, ""batch_size"": 128, ""dropout"": 0.1, ""static_h"": 256, ""rnn_h"": 32, ""cw_power"": 1.0}",38.46928499496475,0.3230170122916207,32.30864149173061,
track,hyb2,4,3,"{""epochs"": 25, ""lr"": 0.0010928316956843407, ""weight_decay"": 0.0008009938497109032, ""batch_size"": 64, ""dropout"": 0.1, ""static_h"": 64, ""rnn_h"": 64, ""cw_power"": 1.0}",35.64954682779456,0.3269810444694035,34.83178353797154,
track,hyb2,4,4,"{""epochs"": 40, ""lr"": 0.0007445750151629531, ""weight_decay"": 0.00016920541410323832, ""batch_size"": 256, ""dropout"": 0.3, ""static_h"": 128, ""rnn_h"": 32, ""cw_power"": 1.0}",37.46223564954683,0.3487931071175718,38.27263963927007,
track,hyb2,4,5,"{""epochs"": 25, ""lr"": 0.00263256565506482, ""weight_decay"": 0.03186408479698339, ""batch_size"": 64, ""dropout"": 0.1, ""static_h"": 128, ""rnn_h"": 128, ""cw_power"": 0.0}",38.56998992950655,0.30461219454235067,30.362076473386335,
track,hyb2,4,6,"{""epochs"": 40, ""lr"": 0.0015260136672306081, ""weight_decay"": 0.02060069882925681, ""batch_size"": 64, ""dropout"": 0.3, ""static_h"": 256, ""rnn_h"": 128, ""cw_power"": 1.0}",36.908358509566966,0.32221140431090184,33.18394260069473,
track,hyb2,4,7,"{""epochs"": 25, ""lr"": 0.0026148962722167854, ""weight_decay"": 0.00031554984745868746, ""batch_size"": 128, ""dropout"": 0.2, ""static_h"": 128, ""rnn_h"": 32, ""cw_power"": 0.5}",40.83585095669688,0.3380136343012958,33.732981902650316,
track,hyb3,4,0,"{""epochs"": 15, ""lr"": 0.001, ""weight_decay"": 0.01, ""batch_size"": 128, ""dropout"": 0.2, ""static_h"": 128, ""rnn_h"": 64, ""cw_power"": 1.0}",37.61329305135951,0.348556693074871,37.59293490233354,
track,hyb3,4,1,"{""epochs"": 15, ""lr"": 0.0003445372840198042, ""weight_decay"": 0.005194623268170159, ""batch_size"": 256, ""dropout"": 0.2, ""static_h"": 128, ""rnn_h"": 64, ""cw_power"": 0.0}",47.02920443101712,0.29849216489808095,32.70898992043225,
track,hyb3,4,2,"{""epochs"": 25, ""lr"": 0.00222531559909918, ""weight_decay"": 0.004074441125462405, ""batch_size"": 256, ""dropout"": 0.5, ""static_h"": 256, ""rnn_h"": 32, ""cw_power"": 0.0}",45.66968781470292,0.3082146120699825,32.243433196778284,
track,hyb3,4,3,"{""epochs"": 15, ""lr"": 0.0005893558745191559, ""weight_decay"": 0.0092907289907074, ""batch_size"": 256, ""dropout"": 0.1, ""static_h"": 128, ""rnn_h"": 64, ""cw_power"": 1.0}",35.29707955689829,0.32970832564813807,37.14526508249044,
track,hyb3,4,4,"{""epochs"": 15, ""lr"": 0.0005202640690497068, ""weight_decay"": 0.08554767125683327, ""batch_size"": 256, ""dropout"": 0.5, ""static_h"": 128, ""rnn_h"": 128, ""cw_power"": 1.0}",35.750251762336354,0.33680240317884624,40.10283747540833,
track,hyb3,4,5,"{""epochs"": 40, ""lr"": 0.0005795539834766337, ""weight_decay"": 0.031848981521365644, ""batch_size"": 256, ""dropout"": 0.1, ""static_h"": 128, ""rnn_h"": 128, ""cw_power"": 0.5}",40.03021148036254,0.33915055892847645,33.91794745247374,
track,hyb3,4,6,"{""epochs"": 25, ""lr"": 0.0012095769704506712, ""weight_decay"": 0.025287784124328267, ""batch_size"": 256, ""dropout"": 0.2, ""static_h"": 64, ""rnn_h"": 32, ""cw_power"": 1.0}",38.46928499496475,0.3473689372106932,37.02540006967405,
track,hyb3,4,7,"{""epochs"": 15, ""lr"": 0.00042092422188336973, ""weight_decay"": 0.0004789783032364677, ""batch_size"": 256, ""dropout"": 0.2, ""static_h"": 64, ""rnn_h"": 64, ""cw_power"": 0.5}",45.21651560926485,0.3676722418377636,37.8312535429117,
track,hyb4,4,0,"{""epochs"": 15, ""lr"": 0.001, ""weight_decay"": 0.01, ""batch_size"": 128, ""dropout"": 0.2, ""static_h"": 128, ""rnn_h"": 64, ""cw_power"": 1.0}",36.75730110775428,0.3385406027718989,36.71654312948184,
track,hyb4,4,1,"{""epochs"": 15, ""lr"": 0.00034629513280282407, ""weight_decay"": 0.004315616992597045, ""batch_size"": 64, ""dropout"": 0.2, ""static_h"": 64, ""rnn_h"": 128, ""cw_power"": 0.0}",44.813695871097686,0.30614939387351314,31.85889312515611,
track,hyb4,4,2,"{""epochs"": 40, ""lr"": 0.0006594682903396366, ""weight_decay"": 0.0001723292375526437, ""batch_size"": 256, ""dropout"": 0.2, ""static_h"": 128, ""rnn_h"": 64, ""cw_power"": 1.0}",36.70694864048338,0.32702411627332695,35.08642827787853,
track,hyb4,4,3,"{""epochs"": 15, ""lr"": 0.00031643322414574626, ""weight_decay"": 0.0001861485465416477, ""batch_size"": 64, ""dropout"": 0.3, ""static_h"": 64, ""rnn_h"": 64, ""cw_power"": 0.5}",42.09466263846928,0.36070725407347315,37.30266553341441,
track,hyb4,4,4,"{""epochs"": 40, ""lr"": 0.0003455210247949322, ""weight_decay"": 0.001575498351078551, ""batch_size"": 128, ""dropout"": 0.5, ""static_h"": 64, ""rnn_h"": 32, ""cw_power"": 0.0}",45.9214501510574,0.30051970353800234,32.96054808234012,
track,hyb4,4,5,"{""epochs"": 25, ""lr"": 0.00033195645848452135, ""weight_decay"": 0.00022822976923681895, ""batch_size"": 256, ""dropout"": 0.1, ""static_h"": 256, ""rnn_h"": 128, ""cw_power"": 0.5}",41.339375629405836,0.34059667400467064,34.34446250285514,
track,hyb4,4,6,"{""epochs"": 25, ""lr"": 0.0017930099975912899, ""weight_decay"": 0.06732756343337486, ""batch_size"": 128, ""dropout"": 0.2, ""static_h"": 64, ""rnn_h"": 64, ""cw_power"": 0.0}",43.45417925478349,0.3076240591994996,31.40401158234798,
track,hyb4,4,7,"{""epochs"": 40, ""lr"": 0.0011212971256572145, ""weight_decay"": 0.0006172691933500204, ""batch_size"": 256, ""dropout"": 0.1, ""static_h"": 64, ""rnn_h"": 64, ""cw_power"": 1.0}",36.80765357502518,0.3234697078768989,33.746914866907765,
track,proposed,4,0,"{""epochs"": 15, ""lr"": 0.001, ""weight_decay"": 0.01, ""batch_size"": 128, ""dropout"": 0.2, ""static_h"": 128, ""rnn_h"": 64, ""cw_power"": 1.0}",36.5055387713998,0.3325086307402119,35.848231388366216,
track,proposed,4,1,"{""epochs"": 25, ""lr"": 0.0008625606153090894, ""weight_decay"": 0.0010572765225139054, ""batch_size"": 128, ""dropout"": 0.2, ""static_h"": 256, ""rnn_h"": 64, ""cw_power"": 1.0}",38.11681772406848,0.32329963276191426,32.684962820554844,
track,proposed,4,2,"{""epochs"": 15, ""lr"": 0.001854985373090553, ""weight_decay"": 0.0005135110018231041, ""batch_size"": 256, ""dropout"": 0.2, ""static_h"": 128, ""rnn_h"": 64, ""cw_power"": 1.0}",37.00906344410876,0.34005015882522266,37.026413671860595,
track,proposed,4,3,"{""epochs"": 25, ""lr"": 0.000861733229276577, ""weight_decay"": 0.0766306716782995, ""batch_size"": 128, ""dropout"": 0.1, ""static_h"": 64, ""rnn_h"": 128, ""cw_power"": 0.5}",41.037260825780464,0.33011514505127526,33.35597658701124,
track,proposed,4,4,"{""epochs"": 40, ""lr"": 0.003131103161213866, ""weight_decay"": 0.0016879437048514356, ""batch_size"": 256, ""dropout"": 0.1, ""static_h"": 128, ""rnn_h"": 128, ""cw_power"": 0.0}",39.526686807653576,0.31089489336819875,31.09694502628883,
track,proposed,4,5,"{""epochs"": 25, ""lr"": 0.000812596421270304, ""weight_decay"": 0.0001583054640425988, ""batch_size"": 128, ""dropout"": 0.3, ""static_h"": 256, ""rnn_h"": 32, ""cw_power"": 0.0}",43.2527693856999,0.30425830147196375,30.987020009635796,
track,proposed,4,6,"{""epochs"": 25, ""lr"": 0.0010349157244328468, ""weight_decay"": 0.07109063219700829, ""batch_size"": 128, ""dropout"": 0.5, ""static_h"": 128, ""rnn_h"": 64, ""cw_power"": 0.5}",41.943605236656595,0.3447948599808143,36.02467391405421,
track,proposed,4,7,"{""epochs"": 15, ""lr"": 0.0015334426265443803, ""weight_decay"": 0.003060838189924447, ""batch_size"": 64, ""dropout"": 0.3, ""static_h"": 128, ""rnn_h"": 32, ""cw_power"": 0.5}",42.39677744209466,0.3560322763345797,36.16806177029633,
track,static_mlp,5,0,"{""epochs"": 15, ""lr"": 0.001, ""weight_decay"": 0.01, ""batch_size"": 128, ""dropout"": 0.2, ""static_h"": 128, ""rnn_h"": 64, ""cw_power"": 1.0}",30.866062437059416,0.2848726986689268,31.037116426376976,
track,static_mlp,5,1,"{""epochs"": 40, ""lr"": 0.00037703822353011516, ""weight_decay"": 0.01578149412825117, ""batch_size"": 256, ""dropout"": 0.5, ""static_h"": 128, ""rnn_h"": 32, ""cw_power"": 0.0}",41.842900302114806,0.2766772601466956,29.262445398569774,
track,static_mlp,5,2,"{""epochs"": 15, ""lr"": 0.0004004046852551115, ""weight_decay"": 0.0042548630391445515, ""batch_size"": 256, ""dropout"": 0.5, ""static_h"": 128, ""rnn_h"": 32, ""cw_power"": 0.5}",40.130916414904334,0.3154597176369551,33.63563322320202,
track,static_mlp,5,3,"{""epochs"": 15, ""lr"": 0.0003999155476909787, ""weight_decay"": 0.005900551966561087, ""batch_size"": 64, ""dropout"": 0.1, ""static_h"": 128, ""rnn_h"": 128, ""cw_power"": 0.0}",39.72809667673716,0.26197783752204845,27.67264267398486,
track,static_mlp,5,4,"{""epochs"": 15, ""lr"": 0.000499743134796839, ""weight_decay"": 0.025016821275559962, ""batch_size"": 128, ""dropout"": 0.2, ""static_h"": 128, ""rnn_h"": 128, ""cw_power"": 1.0}",29.556898288016114,0.2795428518058001,32.34885096361481,
track,static_mlp,5,5,"{""epochs"": 15, ""lr"": 0.00045915237598724405, ""weight_decay"": 0.0029552982553430244, ""batch_size"": 256, ""dropout"": 0.2, ""static_h"": 256, ""rnn_h"": 128, ""cw_power"": 0.5}",40.78549848942598,0.3178543782852191,32.906202957784465,
track,static_mlp,5,6,"{""epochs"": 15, ""lr"": 0.0015506994625391379, ""weight_decay"": 0.035232069647527675, ""batch_size"": 256, ""dropout"": 0.3, ""static_h"": 64, ""rnn_h"": 32, ""cw_power"": 0.5}",40.23162134944612,0.31341692975120994,32.43997053489414,
track,static_mlp,5,7,"{""epochs"": 25, ""lr"": 0.0007507188278259265, ""weight_decay"": 0.07138383773839911, ""batch_size"": 64, ""dropout"": 0.2, ""static_h"": 64, ""rnn_h"": 128, ""cw_power"": 0.5}",37.764350453172206,0.3037470880318976,30.90472696607306,
track,lstm,5,0,"{""epochs"": 15, ""lr"": 0.001, ""weight_decay"": 0.01, ""batch_size"": 128, ""dropout"": 0.2, ""static_h"": 128, ""rnn_h"": 64, ""cw_power"": 1.0}",33.88721047331319,0.31071391963069367,36.976953536849265,
track,lstm,5,1,"{""epochs"": 15, ""lr"": 0.0003862804826826726, ""weight_decay"": 0.027266735544658867, ""batch_size"": 256, ""dropout"": 0.3, ""static_h"": 128, ""rnn_h"": 128, ""cw_power"": 0.0}",44.66263846928499,0.20181065962861328,27.024434420066278,
track,lstm,5,2,"{""epochs"": 25, ""lr"": 0.0031153027518979197, ""weight_decay"": 0.0010452576814987988, ""batch_size"": 64, ""dropout"": 0.2, ""static_h"": 128, ""rnn_h"": 32, ""cw_power"": 0.0}",44.15911379657603,0.23546448436538636,27.770935614051297,
track,lstm,5,3,"{""epochs"": 25, ""lr"": 0.0003844942052786325, ""weight_decay"": 0.08403698791983284, ""batch_size"": 256, ""dropout"": 0.1, ""static_h"": 64, ""rnn_h"": 128, ""cw_power"": 0.5}",43.051359516616316,0.2848085199895181,30.374759224775467,
track,lstm,5,4,"{""epochs"": 40, ""lr"": 0.0003608324159643128, ""weight_decay"": 0.018100796242244605, ""batch_size"": 256, ""dropout"": 0.5, ""static_h"": 256, ""rnn_h"": 64, ""cw_power"": 1.0}",32.98086606243706,0.2901042841915706,36.394047761013546,
track,lstm,5,5,"{""epochs"": 25, ""lr"": 0.001721208971319417, ""weight_decay"": 0.00017550358008796028, ""batch_size"": 128, ""dropout"": 0.3, ""static_h"": 128, ""rnn_h"": 32, ""cw_power"": 0.0}",43.80664652567976,0.2321281069581952,27.609978921651084,
track,lstm,5,6,"{""epochs"": 40, ""lr"": 0.0003220816034258956, ""weight_decay"": 0.001011959957522381, ""batch_size"": 64, ""dropout"": 0.3, ""static_h"": 128, ""rnn_h"": 32, ""cw_power"": 1.0}",33.383685800604226,0.302805486512664,36.710529241495706,
track,lstm,5,7,"{""epochs"": 40, ""lr"": 0.0016488996597467402, ""weight_decay"": 0.0067833747529731075, ""batch_size"": 256, ""dropout"": 0.5, ""static_h"": 128, ""rnn_h"": 128, ""cw_power"": 0.0}",45.06545820745217,0.21915450551699173,27.677452288312075,
track,hyb1,5,0,"{""epochs"": 15, ""lr"": 0.001, ""weight_decay"": 0.01, ""batch_size"": 128, ""dropout"": 0.2, ""static_h"": 128, ""rnn_h"": 64, ""cw_power"": 1.0}",36.25377643504532,0.335091120077385,36.125464373484704,
track,hyb1,5,1,"{""epochs"": 25, ""lr"": 0.0006066324070298474, ""weight_decay"": 0.00016285833198849636, ""batch_size"": 256, ""dropout"": 0.2, ""static_h"": 256, ""rnn_h"": 64, ""cw_power"": 1.0}",35.397784491440085,0.32780574216425795,35.55430090874523,
track,hyb1,5,2,"{""epochs"": 15, ""lr"": 0.0008333601669390144, ""weight_decay"": 0.01821737840327505, ""batch_size"": 64, ""dropout"": 0.3, ""static_h"": 128, ""rnn_h"": 32, ""cw_power"": 0.0}",42.90030211480362,0.3244683645196318,33.31831102315145,
track,hyb1,5,3,"{""epochs"": 40, ""lr"": 0.0005002372966256079, ""weight_decay"": 0.0038928484989586543, ""batch_size"": 128, ""dropout"": 0.1, ""static_h"": 64, ""rnn_h"": 32, ""cw_power"": 0.0}",41.18831822759315,0.32082533405952607,32.55314637335223,
track,hyb1,5,4,"{""epochs"": 25, ""lr"": 0.0030757439625531285, ""weight_decay"": 0.0011854145062090793, ""batch_size"": 64, ""dropout"": 0.1, ""static_h"": 128, ""rnn_h"": 64, ""cw_power"": 0.0}",37.61329305135951,0.30824801358932885,30.917301090759004,
track,hyb1,5,5,"{""epochs"": 15, ""lr"": 0.0007837261892081085, ""weight_decay"": 0.05186309097986669, ""batch_size"": 128, ""dropout"": 0.3, ""static_h"": 128, ""rnn_h"": 128, ""cw_power"": 0.0}",44.15911379657603,0.33722848036031505,33.911769252035555,
track,hyb1,5,6,"{""epochs"": 15, ""lr"": 0.00038784450418545585, ""weight_decay"": 0.009238680909636659, ""batch_size"": 256, ""dropout"": 0.2, ""static_h"": 256, ""rnn_h"": 32, ""cw_power"": 1.0}",35.59919436052367,0.3315617677733865,37.986660834701716,
track,hyb1,5,7,"{""epochs"": 25, ""lr"": 0.0021961036356902843, ""weight_decay"": 0.001883593982300292, ""batch_size"": 128, ""dropout"": 0.1, ""static_h"": 256, ""rnn_h"": 32, ""cw_power"": 0.0}",37.865055387713994,0.30743536294954465,30.601577703582755,
track,hyb2,5,0,"{""epochs"": 15, ""lr"": 0.001, ""weight_decay"": 0.01, ""batch_size"": 128, ""dropout"": 0.2, ""static_h"": 128, ""rnn_h"": 64, ""cw_power"": 1.0}",36.05236656596173,0.3358324286946825,36.11884936776631,
track,hyb2,5,1,"{""epochs"": 15, ""lr"": 0.00038615561861529176, ""weight_decay"": 0.0016153996164416083, ""batch_size"": 64, ""dropout"": 0.5, ""static_h"": 128, ""rnn_h"": 64, ""cw_power"": 0.0}",45.720040281973816,0.29765686773400024,32.23191283302843,
track,hyb2,5,2,"{""epochs"": 25, ""lr"": 0.0029194697786218554, ""weight_decay"": 0.04864997756928748, ""batch_size"": 256, ""dropout"": 0.5, ""static_h"": 256, ""rnn_h"": 128, ""cw_power"": 1.0}",35.80060422960725,0.3352775122708492,38.696881502039645,
track,hyb2,5,3,"{""epochs"": 25, ""lr"": 0.0007317486831808915, ""weight_decay"": 0.0016566512303300039, ""batch_size"": 256, ""dropout"": 0.1, ""static_h"": 256, ""rnn_h"": 64, ""cw_power"": 0.0}",39.47633434038268,0.31079437484418265,30.75722255518936,
track,hyb2,5,4,"{""epochs"": 40, ""lr"": 0.0005825807803771058, ""weight_decay"": 0.00039348990218947017, ""batch_size"": 64, ""dropout"": 0.1, ""static_h"": 256, ""rnn_h"": 64, ""cw_power"": 1.0}",37.26082578046324,0.3232161710935627,32.6327915089779,
track,hyb2,5,5,"{""epochs"": 25, ""lr"": 0.0007881355380426689, ""weight_decay"": 0.0189261361300674, ""batch_size"": 128, ""dropout"": 0.5, ""static_h"": 128, ""rnn_h"": 128, ""cw_power"": 0.5}",40.130916414904334,0.3499831669622768,36.950494783961815,
track,hyb2,5,6,"{""epochs"": 25, ""lr"": 0.0017782697781811919, ""weight_decay"": 0.01156133561910015, ""batch_size"": 64, ""dropout"": 0.3, ""static_h"": 128, ""rnn_h"": 128, ""cw_power"": 0.0}",41.13796576032225,0.3330091718764611,32.858187600098695,
track,hyb2,5,7,"{""epochs"": 15, ""lr"": 0.000711521230077169, ""weight_decay"": 0.09199125052037405, ""batch_size"": 64, ""dropout"": 0.1, ""static_h"": 64, ""rnn_h"": 32, ""cw_power"": 0.5}",39.77844914400806,0.3527905941351859,36.634717309844405,
track,hyb3,5,0,"{""epochs"": 15, ""lr"": 0.001, ""weight_decay"": 0.01, ""batch_size"": 128, ""dropout"": 0.2, ""static_h"": 128, ""rnn_h"": 64, ""cw_power"": 1.0}",37.31117824773414,0.3408498848526081,36.653571585094355,
track,hyb3,5,1,"{""epochs"": 25, ""lr"": 0.0011253728160742337, ""weight_decay"": 0.00010759687710100918, ""batch_size"": 256, ""dropout"": 0.3, ""static_h"": 64, ""rnn_h"": 128, ""cw_power"": 0.0}",43.705941591137965,0.31275737231474143,32.5383463134233,
track,hyb3,5,2,"{""epochs"": 40, ""lr"": 0.0009425900247625578, ""weight_decay"": 0.00016280071751562675, ""batch_size"": 256, ""dropout"": 0.3, ""static_h"": 128, ""rnn_h"": 64, ""cw_power"": 0.0}",44.259818731117825,0.33694547353344717,33.38964989001651,
track,hyb3,5,3,"{""epochs"": 40, ""lr"": 0.0007739792607418738, ""weight_decay"": 0.00026243676753326064, ""batch_size"": 128, ""dropout"": 0.3, ""static_h"": 64, ""rnn_h"": 32, ""cw_power"": 0.5}",40.433031218529706,0.34988450059410026,36.332525171601034,
track,hyb3,5,4,"{""epochs"": 25, ""lr"": 0.002818259277926441, ""weight_decay"": 0.0456562096927441, ""batch_size"": 128, ""dropout"": 0.3, ""static_h"": 128, ""rnn_h"": 64, ""cw_power"": 1.0}",37.160120845921455,0.3385303770057113,35.9609390055766,
track,hyb3,5,5,"{""epochs"": 25, ""lr"": 0.0018098238553572196, ""weight_decay"": 0.02010316136731807, ""batch_size"": 64, ""dropout"": 0.1, ""static_h"": 128, ""rnn_h"": 32, ""cw_power"": 0.0}",38.56998992950655,0.31466634987699177,31.600738438550362,
track,hyb3,5,6,"{""epochs"": 25, ""lr"": 0.0007295998291222259, ""weight_decay"": 0.01838829923870523, ""batch_size"": 256, ""dropout"": 0.1, ""static_h"": 256, ""rnn_h"": 128, ""cw_power"": 0.5}",39.526686807653576,0.3213515172069058,32.19207019943467,
track,hyb3,5,7,"{""epochs"": 25, ""lr"": 0.0006883429914507705, ""weight_decay"": 0.014242069446999354, ""batch_size"": 64, ""dropout"": 0.3, ""static_h"": 128, ""rnn_h"": 128, ""cw_power"": 0.0}",42.245720040281974,0.3159929964667671,31.79235554133417,
track,hyb4,5,0,"{""epochs"": 15, ""lr"": 0.001, ""weight_decay"": 0.01, ""batch_size"": 128, ""dropout"": 0.2, ""static_h"": 128, ""rnn_h"": 64, ""cw_power"": 1.0}",35.80060422960725,0.33136175745616214,35.96498495634226,
track,hyb4,5,1,"{""epochs"": 25, ""lr"": 0.0003238585196360891, ""weight_decay"": 0.0001862505605919092, ""batch_size"": 64, ""dropout"": 0.2, ""static_h"": 64, ""rnn_h"": 32, ""cw_power"": 0.5}",41.591137965760325,0.35566639663964594,36.42860628452363,
track,hyb4,5,2,"{""epochs"": 40, ""lr"": 0.002493819112486572, ""weight_decay"": 0.00023346975044670633, ""batch_size"": 256, ""dropout"": 0.5, ""static_h"": 128, ""rnn_h"": 64, ""cw_power"": 1.0}",34.18932527693857,0.32369981604222314,36.62571811414238,
track,hyb4,5,3,"{""epochs"": 15, ""lr"": 0.0012548509835818135, ""weight_decay"": 0.01838088117733985, ""batch_size"": 64, ""dropout"": 0.3, ""static_h"": 128, ""rnn_h"": 64, ""cw_power"": 1.0}",33.383685800604226,0.31609214850026046,36.46244030184212,
track,hyb4,5,4,"{""epochs"": 40, ""lr"": 0.0019951011375350233, ""weight_decay"": 0.08625426803910272, ""batch_size"": 256, ""dropout"": 0.3, ""static_h"": 256, ""rnn_h"": 128, ""cw_power"": 0.0}",38.77139979859013,0.2944706777922594,29.76652170425467,
track,hyb4,5,5,"{""epochs"": 40, ""lr"": 0.0011077279570192544, ""weight_decay"": 0.0011898521458859614, ""batch_size"": 64, ""dropout"": 0.1, ""static_h"": 64, ""rnn_h"": 64, ""cw_power"": 1.0}",33.03121852970796,0.30422647671346764,32.995837420137995,
track,hyb4,5,6,"{""epochs"": 40, ""lr"": 0.000896029464054538, ""weight_decay"": 0.0020542127858958247, ""batch_size"": 256, ""dropout"": 0.1, ""static_h"": 128, ""rnn_h"": 64, ""cw_power"": 0.5}",37.71399798590131,0.3253222940293611,33.75236688280548,
track,hyb4,5,7,"{""epochs"": 25, ""lr"": 0.002621324362109201, ""weight_decay"": 0.00018495351373040163, ""batch_size"": 64, ""dropout"": 0.3, ""static_h"": 64, ""rnn_h"": 32, ""cw_power"": 0.5}",38.066465256797585,0.3230898086349035,33.55368593226674,
track,proposed,5,0,"{""epochs"": 15, ""lr"": 0.001, ""weight_decay"": 0.01, ""batch_size"": 128, ""dropout"": 0.2, ""static_h"": 128, ""rnn_h"": 64, ""cw_power"": 1.0}",36.25377643504532,0.34350106098160255,38.283571391580615,
track,proposed,5,1,"{""epochs"": 40, ""lr"": 0.00036699008253916103, ""weight_decay"": 0.00010704039596050942, ""batch_size"": 128, ""dropout"": 0.5, ""static_h"": 128, ""rnn_h"": 128, ""cw_power"": 1.0}",35.49848942598187,0.3331620354669688,37.963402991843495,
track,proposed,5,2,"{""epochs"": 25, ""lr"": 0.0004623030391580374, ""weight_decay"": 0.003962125600984405, ""batch_size"": 64, ""dropout"": 0.2, ""static_h"": 64, ""rnn_h"": 128, ""cw_power"": 1.0}",35.80060422960725,0.33019525434472796,35.939924646276125,
track,proposed,5,3,"{""epochs"": 40, ""lr"": 0.001892189849959039, ""weight_decay"": 0.0004688646732427073, ""batch_size"": 64, ""dropout"": 0.1, ""static_h"": 256, ""rnn_h"": 64, ""cw_power"": 1.0}",35.64954682779456,0.3015715811510056,30.375203231219228,
track,proposed,5,4,"{""epochs"": 15, ""lr"": 0.0003705052774807322, ""weight_decay"": 0.0727298747108729, ""batch_size"": 256, ""dropout"": 0.5, ""static_h"": 256, ""rnn_h"": 128, ""cw_power"": 1.0}",36.304128902316215,0.3303827265984892,39.33448617873382,
track,proposed,5,5,"{""epochs"": 25, ""lr"": 0.00047441391636622387, ""weight_decay"": 0.055696762105889294, ""batch_size"": 256, ""dropout"": 0.2, ""static_h"": 128, ""rnn_h"": 32, ""cw_power"": 0.0}",44.10876132930513,0.3295337820607751,33.14518105709412,
track,proposed,5,6,"{""epochs"": 15, ""lr"": 0.002379734587900114, ""weight_decay"": 0.04425847787586293, ""batch_size"": 64, ""dropout"": 0.3, ""static_h"": 64, ""rnn_h"": 64, ""cw_power"": 1.0}",33.131923464249745,0.31875278633212756,38.28045341003842,
track,proposed,5,7,"{""epochs"": 15, ""lr"": 0.0015681312857275807, ""weight_decay"": 0.055478041977355806, ""batch_size"": 128, ""dropout"": 0.2, ""static_h"": 128, ""rnn_h"": 64, ""cw_power"": 1.0}",34.18932527693857,0.32559990900412006,36.81510912253302,
track,logreg,1,0,"{""C"": 1.0, ""cw_power"": 1.0}",35.24672708962739,0.32768504124957104,37.416499119544376,
track,logreg,1,1,"{""C"": 6.34234205322812, ""cw_power"": 0.0}",44.20946626384693,0.294458068792934,31.35253609993916,
track,logreg,1,2,"{""C"": 2.137135711460403, ""cw_power"": 0.5}",41.79254783484391,0.3390125627308966,34.72004151878954,
track,logreg,1,3,"{""C"": 0.00861704437673436, ""cw_power"": 1.0}",35.69989929506546,0.3287663104186457,37.38311258709385,
track,logreg,1,4,"{""C"": 0.001831723714766415, ""cw_power"": 0.0}",45.26686807653575,0.2518857422293426,29.32217169942937,
track,logreg,1,5,"{""C"": 0.27994124660463016, ""cw_power"": 0.0}",43.80664652567976,0.28931404660555016,30.976471787942433,
track,logreg,1,6,"{""C"": 2.119903661644577, ""cw_power"": 0.5}",41.842900302114806,0.33953099592319175,34.76492482220067,
track,logreg,1,7,"{""C"": 0.13896586163220617, ""cw_power"": 0.5}",41.943605236656595,0.3396475909071904,34.80776303650227,
track,logreg,2,0,"{""C"": 1.0, ""cw_power"": 1.0}",37.160120845921455,0.3484559730331335,40.384655054101934,
track,logreg,2,1,"{""C"": 0.04114415812830334, ""cw_power"": 1.0}",36.908358509566966,0.3452069185728702,40.020461936605756,
track,logreg,2,2,"{""C"": 0.16054110313352107, ""cw_power"": 0.5}",42.74924471299094,0.3502460833432826,35.68114977226726,
track,logreg,2,3,"{""C"": 0.27873974556748354, ""cw_power"": 0.5}",42.69889224572004,0.3496376454577566,35.63626646885613,
track,logreg,2,4,"{""C"": 0.0445146316299722, ""cw_power"": 0.0}",45.21651560926485,0.2981150661281488,31.626137199522297,
track,logreg,2,5,"{""C"": 0.05856845210571694, ""cw_power"": 0.0}",45.31722054380665,0.3018831645829848,31.877247841655876,
track,logreg,2,6,"{""C"": 1.2051767811434182, ""cw_power"": 0.0}",44.96475327291037,0.3103950462791071,32.25384090930341,
track,logreg,2,7,"{""C"": 3.545878492968145, ""cw_power"": 1.0}",37.36153071500504,0.3500373354876425,40.533241444532884,
track,logreg,3,0,"{""C"": 1.0, ""cw_power"": 1.0}",36.25377643504532,0.3406843235934729,38.62872273518486,
track,logreg,3,1,"{""C"": 0.0017920430047478507, ""cw_power"": 0.0}",45.06545820745217,0.2500509374368976,29.293586817352775,
track,logreg,3,2,"{""C"": 9.213791171356005, ""cw_power"": 0.0}",44.51158106747231,0.301845471574836,31.691084062653836,
track,logreg,3,3,"{""C"": 0.23710932057270465, ""cw_power"": 0.0}",44.66263846928499,0.3006513627862863,31.66388564901519,
track,logreg,3,4,"{""C"": 0.0033637359964912095, ""cw_power"": 1.0}",36.35448136958711,0.33580874882432005,38.56629988358032,
track,logreg,3,5,"{""C"": 0.0036886438603707574, ""cw_power"": 0.5}",44.561933534743204,0.3374011325829589,35.04960662377686,
track,logreg,3,6,"{""C"": 0.0019834438179822675, ""cw_power"": 1.0}",35.69989929506546,0.3272315874590342,37.787213133964784,
track,logreg,3,7,"{""C"": 5.539377493057256, ""cw_power"": 0.5}",41.54078549848943,0.33649017238453044,34.457563970716144,
track,logreg,4,0,"{""C"": 1.0, ""cw_power"": 1.0}",37.26082578046324,0.35010396120214915,39.717942823634225,
track,logreg,4,1,"{""C"": 0.14328199398476085, ""cw_power"": 0.0}",46.07250755287009,0.3047435595388873,32.26790298401915,
track,logreg,4,2,"{""C"": 0.004139855187097678, ""cw_power"": 0.0}",47.02920443101712,0.2883940683252393,31.766542430789084,
track,logreg,4,3,"{""C"": 0.016480063172583923, ""cw_power"": 0.0}",46.47532729103726,0.29781936432964906,32.10008191273512,
track,logreg,4,4,"{""C"": 1.3895979657079494, ""cw_power"": 1.0}",37.31117824773414,0.3502697996219263,39.713865103723506,
track,logreg,4,5,"{""C"": 0.35842199857401097, ""cw_power"": 0.0}",45.9214501510574,0.30357364330864667,32.14821832769225,
track,logreg,4,6,"{""C"": 7.013218889593796, ""cw_power"": 1.0}",37.41188318227593,0.3510882304456603,39.80464802594637,
track,logreg,4,7,"{""C"": 0.0010397754528190012, ""cw_power"": 0.5}",46.72708962739174,0.3334161608838413,34.90701157189328,
track,logreg,5,0,"{""C"": 1.0, ""cw_power"": 1.0}",36.656596173212485,0.340920431934329,38.14760561977623,
track,logreg,5,1,"{""C"": 0.02303629643458865, ""cw_power"": 0.0}",46.37462235649547,0.31824653176645895,33.128758946759746,
track,logreg,5,2,"{""C"": 0.04939659595609963, ""cw_power"": 0.0}",46.52567975830816,0.3262282601021115,33.58109541606588,
track,logreg,5,3,"{""C"": 7.488340448962465, ""cw_power"": 0.0}",46.12286002014099,0.3372904387337858,34.200933457749876,
track,logreg,5,4,"{""C"": 0.37843547375580144, ""cw_power"": 0.0}",46.37462235649547,0.3400666468613488,34.44477439666643,
track,logreg,5,5,"{""C"": 0.008363901448994335, ""cw_power"": 0.5}",44.6122860020141,0.367209888548068,37.37517851246631,
track,logreg,5,6,"{""C"": 6.779346372369138, ""cw_power"": 1.0}",36.70694864048338,0.34152629515482813,38.1753374871444,
track,logreg,5,7,"{""C"": 0.0026305699605551455, ""cw_power"": 0.0}",47.02920443101712,0.28324051734871575,31.620690213312198,
