task,model,fold,trial,cfg,inner_accuracy,inner_macro_f1,inner_bal_acc,inner_top3
program,hgb,1,0,"{""learning_rate"": 0.1, ""max_iter"": 100, ""max_leaf_nodes"": 31, ""l2_regularization"": 0.0, ""min_samples_leaf"": 20, ""cw_power"": 1.0}",36.292016806722685,0.2493492954969075,25.30778721599567,79.8844537815126
program,hgb,1,1,"{""learning_rate"": 0.040932078360990956, ""max_iter"": 300, ""max_leaf_nodes"": 63, ""l2_regularization"": 1.251771389206452, ""min_samples_leaf"": 20, ""cw_power"": 0.5}",43.32983193277311,0.22925747652049275,22.61472222845462,84.08613445378151
program,hgb,1,2,"{""learning_rate"": 0.0687968181623602, ""max_iter"": 300, ""max_leaf_nodes"": 31, ""l2_regularization"": 0.0011341006149565, ""min_samples_leaf"": 20, ""cw_power"": 0.0}",44.27521008403361,0.19936093437470423,20.63105742698144,84.40126050420169
program,hgb,1,3,"{""learning_rate"": 0.032306849993093016, ""max_iter"": 300, ""max_leaf_nodes"": 31, ""l2_regularization"": 0.01600966720955339, ""min_samples_leaf"": 10, ""cw_power"": 0.0}",45.588235294117645,0.20595697102715035,21.258154732830178,84.97899159663865
program,hgb,1,4,"{""learning_rate"": 0.03141604783643677, ""max_iter"": 300, ""max_leaf_nodes"": 31, ""l2_regularization"": 0.028278197833524706, ""min_samples_leaf"": 50, ""cw_power"": 0.0}",45.693277310924366,0.2099491151191292,21.563000439253408,84.71638655462185
program,hgb,1,5,"{""learning_rate"": 0.23228802625773334, ""max_iter"": 300, ""max_leaf_nodes"": 63, ""l2_regularization"": 2.140926852899865, ""min_samples_leaf"": 20, ""cw_power"": 0.0}",43.69747899159664,0.21587520947165184,21.59499299113808,83.14075630252101
program,hgb,1,6,"{""learning_rate"": 0.07958849783451397, ""max_iter"": 200, ""max_leaf_nodes"": 15, ""l2_regularization"": 0.03144204896386074, ""min_samples_leaf"": 10, ""cw_power"": 1.0}",35.294117647058826,0.2484420508621846,26.364957864878523,78.72899159663865
program,hgb,1,7,"{""learning_rate"": 0.08340144229843252, ""max_iter"": 300, ""max_leaf_nodes"": 31, ""l2_regularization"": 0.2189790971989986, ""min_samples_leaf"": 20, ""cw_power"": 0.0}",43.80252100840336,0.2017749230613175,20.77067768023256,84.66386554621849
program,hgb,2,0,"{""learning_rate"": 0.1, ""max_iter"": 100, ""max_leaf_nodes"": 31, ""l2_regularization"": 0.0, ""min_samples_leaf"": 20, ""cw_power"": 1.0}",36.92226890756303,0.2674812657266968,27.27356969640951,79.35924369747899
program,hgb,2,1,"{""learning_rate"": 0.11612138247011618, ""max_iter"": 300, ""max_leaf_nodes"": 31, ""l2_regularization"": 0.016965773639309203, ""min_samples_leaf"": 50, ""cw_power"": 1.0}",40.59873949579832,0.22983517202457415,22.546661463750375,84.50630252100841
program,hgb,2,2,"{""learning_rate"": 0.05124307415004227, ""max_iter"": 200, ""max_leaf_nodes"": 63, ""l2_regularization"": 5.4437068721001545, ""min_samples_leaf"": 10, ""cw_power"": 1.0}",39.075630252100844,0.25419433952238324,25.373115825925947,81.98529411764706
program,hgb,2,3,"{""learning_rate"": 0.1625084513087502, ""max_iter"": 200, ""max_leaf_nodes"": 31, ""l2_regularization"": 0.14391193004905573, ""min_samples_leaf"": 10, ""cw_power"": 0.5}",43.32983193277311,0.21484579231176404,21.569921184993625,84.40126050420169
program,hgb,2,4,"{""learning_rate"": 0.13531410275054037, ""max_iter"": 300, ""max_leaf_nodes"": 31, ""l2_regularization"": 9.007677111880936, ""min_samples_leaf"": 50, ""cw_power"": 1.0}",39.285714285714285,0.23467326971014316,23.219689695393523,82.87815126050421
program,hgb,2,5,"{""learning_rate"": 0.0935953806236703, ""max_iter"": 300, ""max_leaf_nodes"": 15, ""l2_regularization"": 0.08672566694493344, ""min_samples_leaf"": 10, ""cw_power"": 1.0}",38.1827731092437,0.24711284081549775,24.730306298755682,80.5672268907563
program,hgb,2,6,"{""learning_rate"": 0.06389727987328515, ""max_iter"": 300, ""max_leaf_nodes"": 15, ""l2_regularization"": 0.04617201476265939, ""min_samples_leaf"": 10, ""cw_power"": 1.0}",36.44957983193277,0.25724627402000017,26.890279418837576,79.09663865546219
program,hgb,2,7,"{""learning_rate"": 0.10036063022690846, ""max_iter"": 200, ""max_leaf_nodes"": 31, ""l2_regularization"": 9.293275439732081, ""min_samples_leaf"": 20, ""cw_power"": 1.0}",38.1827731092437,0.2503613278054097,25.468656381216714,80.51470588235294
program,hgb,3,0,"{""learning_rate"": 0.1, ""max_iter"": 100, ""max_leaf_nodes"": 31, ""l2_regularization"": 0.0, ""min_samples_leaf"": 20, ""cw_power"": 1.0}",36.97478991596639,0.24773697532830088,25.35557547372271,79.83193277310924
program,hgb,3,1,"{""learning_rate"": 0.1315477743075535, ""max_iter"": 100, ""max_leaf_nodes"": 31, ""l2_regularization"": 0.007924411170803971, ""min_samples_leaf"": 20, ""cw_power"": 1.0}",37.86764705882353,0.2467198920952458,24.952065784794815,80.82983193277312
program,hgb,3,2,"{""learning_rate"": 0.06153497269258438, ""max_iter"": 300, ""max_leaf_nodes"": 31, ""l2_regularization"": 0.039445867348475515, ""min_samples_leaf"": 50, ""cw_power"": 0.0}",44.27521008403361,0.20502213827708282,21.086310573338043,84.55882352941177
program,hgb,3,3,"{""learning_rate"": 0.14347133579924948, ""max_iter"": 200, ""max_leaf_nodes"": 63, ""l2_regularization"": 0.3271527377204789, ""min_samples_leaf"": 50, ""cw_power"": 1.0}",42.121848739495796,0.22471668268915357,22.16328308301665,83.24579831932773
program,hgb,3,4,"{""learning_rate"": 0.1684771457533296, ""max_iter"": 300, ""max_leaf_nodes"": 63, ""l2_regularization"": 0.008561078866987966, ""min_samples_leaf"": 10, ""cw_power"": 1.0}",43.64495798319328,0.21885824083124764,21.874398437476607,83.45588235294117
program,hgb,3,5,"{""learning_rate"": 0.1468354128066526, ""max_iter"": 200, ""max_leaf_nodes"": 63, ""l2_regularization"": 0.03112088196143598, ""min_samples_leaf"": 50, ""cw_power"": 0.5}",43.22478991596639,0.20468288885451888,20.987532911020654,84.08613445378151
program,hgb,3,6,"{""learning_rate"": 0.16537267683453621, ""max_iter"": 300, ""max_leaf_nodes"": 31, ""l2_regularization"": 0.7180655584759071, ""min_samples_leaf"": 10, ""cw_power"": 0.0}",44.11764705882353,0.20880237772702767,21.32679644510047,83.82352941176471
program,hgb,3,7,"{""learning_rate"": 0.07887668385362219, ""max_iter"": 100, ""max_leaf_nodes"": 15, ""l2_regularization"": 1.2341109602685865, ""min_samples_leaf"": 20, ""cw_power"": 0.0}",46.48109243697479,0.20033798991304655,21.1644569065801,84.61134453781513
program,hgb,4,0,"{""learning_rate"": 0.1, ""max_iter"": 100, ""max_leaf_nodes"": 31, ""l2_regularization"": 0.0, ""min_samples_leaf"": 20, ""cw_power"": 1.0}",36.292016806722685,0.25485562789100014,26.32935352601042,79.83193277310924
program,hgb,4,1,"{""learning_rate"": 0.04629307373120376, ""max_iter"": 100, ""max_leaf_nodes"": 15, ""l2_regularization"": 0.48192253059073764, ""min_samples_leaf"": 50, ""cw_power"": 0.5}",41.12394957983193,0.2558570519993433,25.453901694365406,83.56092436974791
program,hgb,4,2,"{""learning_rate"": 0.06922111437304947, ""max_iter"": 300, ""max_leaf_nodes"": 63, ""l2_regularization"": 1.2267225910942863, ""min_samples_leaf"": 20, ""cw_power"": 0.5}",42.226890756302524,0.23366585074700139,22.600788183588897,84.61134453781513
program,hgb,4,3,"{""learning_rate"": 0.26202246862614, ""max_iter"": 300, ""max_leaf_nodes"": 63, ""l2_regularization"": 0.015739349900967967, ""min_samples_leaf"": 20, ""cw_power"": 1.0}",41.17647058823529,0.20861250754477276,20.82727106416058,83.19327731092437
program,hgb,4,4,"{""learning_rate"": 0.14586679252915855, ""max_iter"": 300, ""max_leaf_nodes"": 63, ""l2_regularization"": 0.005317832769659873, ""min_samples_leaf"": 50, ""cw_power"": 0.5}",42.489495798319325,0.22743341758430624,22.17529504949546,84.45378151260505
program,hgb,4,5,"{""learning_rate"": 0.2741950014073737, ""max_iter"": 100, ""max_leaf_nodes"": 31, ""l2_regularization"": 0.011318024119912843, ""min_samples_leaf"": 20, ""cw_power"": 0.0}",41.22899159663865,0.19951821426327898,20.236020071312293,83.50840336134453
program,hgb,4,6,"{""learning_rate"": 0.04046915329612495, ""max_iter"": 200, ""max_leaf_nodes"": 15, ""l2_regularization"": 6.995759278642674, ""min_samples_leaf"": 50, ""cw_power"": 0.0}",44.48529411764706,0.1959455553428302,20.51518486311779,85.60924369747899
program,hgb,4,7,"{""learning_rate"": 0.08834565620887984, ""max_iter"": 100, ""max_leaf_nodes"": 31, ""l2_regularization"": 1.0280471270965479, ""min_samples_leaf"": 20, ""cw_power"": 0.5}",41.28151260504202,0.24980363618176593,24.40679275427634,83.92857142857143
program,hgb,5,0,"{""learning_rate"": 0.1, ""max_iter"": 100, ""max_leaf_nodes"": 31, ""l2_regularization"": 0.0, ""min_samples_leaf"": 20, ""cw_power"": 1.0}",37.97268907563025,0.2682277918267883,27.772558419354894,80.77731092436974
program,hgb,5,1,"{""learning_rate"": 0.2707388509717283, ""max_iter"": 200, ""max_leaf_nodes"": 15, ""l2_regularization"": 0.3368841897771094, ""min_samples_leaf"": 20, ""cw_power"": 0.0}",41.33403361344538,0.20620717061452787,20.705329804608642,83.98109243697479
program,hgb,5,2,"{""learning_rate"": 0.07475649891843644, ""max_iter"": 200, ""max_leaf_nodes"": 63, ""l2_regularization"": 6.727391616023603, ""min_samples_leaf"": 20, ""cw_power"": 1.0}",39.180672268907564,0.24195874821311456,24.141444843417684,81.82773109243698
program,hgb,5,3,"{""learning_rate"": 0.07028954713576777, ""max_iter"": 300, ""max_leaf_nodes"": 63, ""l2_regularization"": 2.099681826419013, ""min_samples_leaf"": 20, ""cw_power"": 0.0}",44.32773109243697,0.20187805347765084,20.98087459873569,83.71848739495799
program,hgb,5,4,"{""learning_rate"": 0.11241731496674562, ""max_iter"": 100, ""max_leaf_nodes"": 63, ""l2_regularization"": 0.0018561199159587045, ""min_samples_leaf"": 10, ""cw_power"": 1.0}",40.07352941176471,0.22288707314282763,22.271909009863208,83.35084033613445
program,hgb,5,5,"{""learning_rate"": 0.03618001323067694, ""max_iter"": 100, ""max_leaf_nodes"": 31, ""l2_regularization"": 0.060190820840689316, ""min_samples_leaf"": 20, ""cw_power"": 1.0}",35.13655462184874,0.2766312699741196,31.771756633206255,75.31512605042016
program,hgb,5,6,"{""learning_rate"": 0.0406232932385568, ""max_iter"": 200, ""max_leaf_nodes"": 31, ""l2_regularization"": 0.680596700167045, ""min_samples_leaf"": 20, ""cw_power"": 0.0}",45.378151260504204,0.20862846818254707,21.41855735603627,84.50630252100841
program,hgb,5,7,"{""learning_rate"": 0.1865286735080479, ""max_iter"": 100, ""max_leaf_nodes"": 63, ""l2_regularization"": 0.06504987096805219, ""min_samples_leaf"": 50, ""cw_power"": 1.0}",39.810924369747895,0.22284555948352877,21.99770124993343,82.87815126050421
program,rf,1,0,"{""n_estimators"": 100, ""max_depth"": null, ""min_samples_leaf"": 1, ""max_features"": ""sqrt"", ""cw_power"": 1.0}",39.023109243697476,0.25652176168753243,25.728440759016873,82.14285714285714
program,rf,1,1,"{""n_estimators"": 100, ""max_depth"": 20, ""min_samples_leaf"": 5, ""max_features"": ""sqrt"", ""cw_power"": 0.5}",45.79831932773109,0.23042933053071799,23.187689086611744,84.08613445378151
program,rf,1,2,"{""n_estimators"": 300, ""max_depth"": null, ""min_samples_leaf"": 10, ""max_features"": 0.3, ""cw_power"": 0.0}",47.794117647058826,0.17181528559839723,20.022940044313067,84.76890756302521
program,rf,1,3,"{""n_estimators"": 100, ""max_depth"": 30, ""min_samples_leaf"": 10, ""max_features"": 0.5, ""cw_power"": 0.0}",46.21848739495798,0.17251275011177256,19.637778545668294,84.76890756302521
program,rf,1,4,"{""n_estimators"": 300, ""max_depth"": null, ""min_samples_leaf"": 5, ""max_features"": ""sqrt"", ""cw_power"": 0.0}",46.84873949579832,0.15721536792393587,19.068709691637107,84.87394957983193
program,rf,1,5,"{""n_estimators"": 200, ""max_depth"": null, ""min_samples_leaf"": 5, ""max_features"": 0.5, ""cw_power"": 0.5}",43.90756302521008,0.24899180473006824,24.300426163419285,84.03361344537815
program,rf,1,6,"{""n_estimators"": 100, ""max_depth"": null, ""min_samples_leaf"": 1, ""max_features"": 0.5, ""cw_power"": 1.0}",37.02731092436975,0.25107683474486603,26.031570259551085,81.25
program,rf,1,7,"{""n_estimators"": 200, ""max_depth"": 30, ""min_samples_leaf"": 10, ""max_features"": 0.3, ""cw_power"": 0.5}",44.27521008403361,0.2519851886510811,24.68810703107456,84.24369747899159
program,rf,2,0,"{""n_estimators"": 100, ""max_depth"": null, ""min_samples_leaf"": 1, ""max_features"": ""sqrt"", ""cw_power"": 1.0}",37.81512605042017,0.2528193917113489,25.307670501217643,81.9327731092437
program,rf,2,1,"{""n_estimators"": 300, ""max_depth"": null, ""min_samples_leaf"": 5, ""max_features"": ""sqrt"", ""cw_power"": 0.5}",44.642857142857146,0.23395197173782822,23.129382567590522,84.87394957983193
program,rf,2,2,"{""n_estimators"": 300, ""max_depth"": 10, ""min_samples_leaf"": 5, ""max_features"": ""sqrt"", ""cw_power"": 1.0}",29.936974789915965,0.23629895343537657,29.45559743717552,70.48319327731093
program,rf,2,3,"{""n_estimators"": 300, ""max_depth"": 10, ""min_samples_leaf"": 10, ""max_features"": 0.5, ""cw_power"": 0.5}",42.64705882352941,0.2557870009039046,24.9554909208032,84.19117647058823
program,rf,2,4,"{""n_estimators"": 300, ""max_depth"": 30, ""min_samples_leaf"": 1, ""max_features"": 0.3, ""cw_power"": 0.0}",45.430672268907564,0.17647323855211314,19.728689237345563,85.03151260504201
program,rf,2,5,"{""n_estimators"": 300, ""max_depth"": 30, ""min_samples_leaf"": 5, ""max_features"": 0.5, ""cw_power"": 0.0}",46.63865546218487,0.1711465705060139,19.81388579818314,85.66176470588235
program,rf,2,6,"{""n_estimators"": 300, ""max_depth"": null, ""min_samples_leaf"": 2, ""max_features"": 0.3, ""cw_power"": 0.0}",46.16596638655462,0.17372320160013055,19.79347277540867,85.60924369747899
program,rf,2,7,"{""n_estimators"": 300, ""max_depth"": 10, ""min_samples_leaf"": 5, ""max_features"": ""sqrt"", ""cw_power"": 0.0}",46.84873949579832,0.1544548584880732,18.95501331620587,86.08193277310924
program,rf,3,0,"{""n_estimators"": 100, ""max_depth"": null, ""min_samples_leaf"": 1, ""max_features"": ""sqrt"", ""cw_power"": 1.0}",38.55042016806723,0.2522567396968239,25.573604628725636,81.61764705882352
program,rf,3,1,"{""n_estimators"": 200, ""max_depth"": 30, ""min_samples_leaf"": 10, ""max_features"": 0.5, ""cw_power"": 0.0}",46.79621848739496,0.17548371364539114,19.935130580885843,85.18907563025209
program,rf,3,2,"{""n_estimators"": 200, ""max_depth"": 10, ""min_samples_leaf"": 5, ""max_features"": 0.3, ""cw_power"": 1.0}",30.14705882352941,0.24571156584519752,31.149787215429907,71.00840336134453
program,rf,3,3,"{""n_estimators"": 200, ""max_depth"": 30, ""min_samples_leaf"": 10, ""max_features"": 0.3, ""cw_power"": 0.5}",42.594537815126046,0.2503325353438638,24.48091795994319,84.24369747899159
program,rf,3,4,"{""n_estimators"": 300, ""max_depth"": 30, ""min_samples_leaf"": 2, ""max_features"": 0.5, ""cw_power"": 0.5}",43.80252100840336,0.25617079798513404,24.772191224618748,83.92857142857143
program,rf,3,5,"{""n_estimators"": 300, ""max_depth"": 10, ""min_samples_leaf"": 1, ""max_features"": ""sqrt"", ""cw_power"": 0.5}",44.537815126050425,0.21927659510340183,22.198841077086662,86.02941176470588
program,rf,3,6,"{""n_estimators"": 100, ""max_depth"": null, ""min_samples_leaf"": 1, ""max_features"": 0.3, ""cw_power"": 1.0}",36.76470588235294,0.2515621500401141,25.630745007327622,80.0420168067227
program,rf,3,7,"{""n_estimators"": 200, ""max_depth"": 30, ""min_samples_leaf"": 10, ""max_features"": 0.5, ""cw_power"": 0.5}",42.542016806722685,0.25357760937719426,24.812585817202347,83.98109243697479
program,rf,4,0,"{""n_estimators"": 100, ""max_depth"": null, ""min_samples_leaf"": 1, ""max_features"": ""sqrt"", ""cw_power"": 1.0}",39.443277310924366,0.26242673017324486,26.269476119438718,82.14285714285714
program,rf,4,1,"{""n_estimators"": 300, ""max_depth"": 30, ""min_samples_leaf"": 5, ""max_features"": 0.5, ""cw_power"": 1.0}",32.247899159663866,0.26104307103379304,31.17289580490152,77.73109243697479
program,rf,4,2,"{""n_estimators"": 300, ""max_depth"": null, ""min_samples_leaf"": 2, ""max_features"": ""sqrt"", ""cw_power"": 1.0}",36.8172268907563,0.2765557147870511,29.530372336768355,81.25
program,rf,4,3,"{""n_estimators"": 100, ""max_depth"": 10, ""min_samples_leaf"": 10, ""max_features"": 0.5, ""cw_power"": 0.0}",44.85294117647059,0.15804758424065599,18.6318490573527,86.34453781512606
program,rf,4,4,"{""n_estimators"": 100, ""max_depth"": null, ""min_samples_leaf"": 1, ""max_features"": 0.5, ""cw_power"": 1.0}",37.55252100840336,0.2648212079486957,27.244112130515656,81.03991596638656
program,rf,4,5,"{""n_estimators"": 300, ""max_depth"": null, ""min_samples_leaf"": 2, ""max_features"": ""sqrt"", ""cw_power"": 1.0}",36.8172268907563,0.2765557147870511,29.530372336768355,81.25
program,rf,4,6,"{""n_estimators"": 100, ""max_depth"": 10, ""min_samples_leaf"": 10, ""max_features"": 0.5, ""cw_power"": 0.0}",44.85294117647059,0.15804758424065599,18.6318490573527,86.34453781512606
program,rf,4,7,"{""n_estimators"": 200, ""max_depth"": 10, ""min_samples_leaf"": 1, ""max_features"": ""sqrt"", ""cw_power"": 1.0}",31.092436974789916,0.26254709269790605,32.91653444794076,76.26050420168067
program,rf,5,0,"{""n_estimators"": 100, ""max_depth"": null, ""min_samples_leaf"": 1, ""max_features"": ""sqrt"", ""cw_power"": 1.0}",39.233193277310924,0.2561969429005296,26.097077411653707,82.09033613445378
program,rf,5,1,"{""n_estimators"": 200, ""max_depth"": null, ""min_samples_leaf"": 1, ""max_features"": 0.3, ""cw_power"": 0.0}",46.008403361344534,0.18209125347359267,20.125566440355144,85.08403361344537
program,rf,5,2,"{""n_estimators"": 300, ""max_depth"": 10, ""min_samples_leaf"": 2, ""max_features"": ""sqrt"", ""cw_power"": 0.0}",47.26890756302521,0.15330302512524982,18.980028372919932,85.71428571428571
program,rf,5,3,"{""n_estimators"": 100, ""max_depth"": null, ""min_samples_leaf"": 1, ""max_features"": ""sqrt"", ""cw_power"": 0.5}",45.168067226890756,0.2287218921487484,22.744583977425957,85.34663865546219
program,rf,5,4,"{""n_estimators"": 300, ""max_depth"": 10, ""min_samples_leaf"": 2, ""max_features"": ""sqrt"", ""cw_power"": 0.5}",46.060924369747895,0.2543078780082914,24.887979623074884,84.76890756302521
program,rf,5,5,"{""n_estimators"": 300, ""max_depth"": 30, ""min_samples_leaf"": 2, ""max_features"": 0.5, ""cw_power"": 1.0}",37.86764705882353,0.2739948018204219,29.16981023609469,79.72689075630252
program,rf,5,6,"{""n_estimators"": 300, ""max_depth"": 20, ""min_samples_leaf"": 10, ""max_features"": 0.3, ""cw_power"": 0.0}",46.53361344537815,0.1694083770442005,19.63281632240308,85.13655462184873
program,rf,5,7,"{""n_estimators"": 100, ""max_depth"": null, ""min_samples_leaf"": 5, ""max_features"": 0.3, ""cw_power"": 1.0}",32.878151260504204,0.2649841630913949,31.563418411465644,75.63025210084034
program,static_mlp,1,0,"{""epochs"": 15, ""lr"": 0.001, ""weight_decay"": 0.01, ""batch_size"": 128, ""dropout"": 0.2, ""static_h"": 128, ""rnn_h"": 64, ""cw_power"": 1.0}",24.107142857142858,0.19796393109113522,23.75488870282694,72.00630252100841
program,static_mlp,1,1,"{""epochs"": 40, ""lr"": 0.0007116332015945283, ""weight_decay"": 0.002165317283595542, ""batch_size"": 256, ""dropout"": 0.5, ""static_h"": 256, ""rnn_h"": 64, ""cw_power"": 1.0}",28.15126050420168,0.22184787709047452,25.76036904351597,76.10294117647058
program,static_mlp,1,2,"{""epochs"": 25, ""lr"": 0.0013796782002690117, ""weight_decay"": 0.06594626760646992, ""batch_size"": 256, ""dropout"": 0.2, ""static_h"": 256, ""rnn_h"": 64, ""cw_power"": 0.5}",37.81512605042017,0.22603716419853068,22.278310059800262,81.03991596638656
program,static_mlp,1,3,"{""epochs"": 40, ""lr"": 0.00033721086977835037, ""weight_decay"": 0.0025922136631451606, ""batch_size"": 256, ""dropout"": 0.2, ""static_h"": 128, ""rnn_h"": 64, ""cw_power"": 0.5}",38.13025210084034,0.2349959472595208,23.494700317043506,81.61764705882352
program,static_mlp,1,4,"{""epochs"": 25, ""lr"": 0.0018802490873414987, ""weight_decay"": 0.004540914631830939, ""batch_size"": 128, ""dropout"": 0.5, ""static_h"": 64, ""rnn_h"": 64, ""cw_power"": 0.5}",38.918067226890756,0.23742950643837157,23.782198182279338,81.82773109243698
program,static_mlp,1,5,"{""epochs"": 25, ""lr"": 0.000718830251339106, ""weight_decay"": 0.0010500718763797618, ""batch_size"": 128, ""dropout"": 0.5, ""static_h"": 64, ""rnn_h"": 64, ""cw_power"": 1.0}",25.52521008403361,0.2165376814343226,27.439549644502737,69.90546218487394
program,static_mlp,1,6,"{""epochs"": 15, ""lr"": 0.000332217825338983, ""weight_decay"": 0.09836752265945088, ""batch_size"": 256, ""dropout"": 0.1, ""static_h"": 256, ""rnn_h"": 64, ""cw_power"": 1.0}",27.04831932773109,0.2171184646122464,25.898782535473742,70.01050420168067
program,static_mlp,1,7,"{""epochs"": 25, ""lr"": 0.0006721450825133937, ""weight_decay"": 0.08823599735201078, ""batch_size"": 256, ""dropout"": 0.5, ""static_h"": 128, ""rnn_h"": 32, ""cw_power"": 0.5}",39.653361344537814,0.2351315075535724,23.40268896780584,82.4579831932773
program,lstm,1,0,"{""epochs"": 15, ""lr"": 0.001, ""weight_decay"": 0.01, ""batch_size"": 128, ""dropout"": 0.2, ""static_h"": 128, ""rnn_h"": 64, ""cw_power"": 1.0}",25.05252100840336,0.17065751973510493,23.167726657370782,58.71848739495798
program,lstm,1,1,"{""epochs"": 15, ""lr"": 0.0016457391419085706, ""weight_decay"": 0.005994902790327624, ""batch_size"": 128, ""dropout"": 0.1, ""static_h"": 256, ""rnn_h"": 64, ""cw_power"": 0.0}",45.168067226890756,0.1261568130230381,17.37404316623182,83.03571428571429
program,lstm,1,2,"{""epochs"": 25, ""lr"": 0.0011575901201491218, ""weight_decay"": 0.004966745206553224, ""batch_size"": 64, ""dropout"": 0.5, ""static_h"": 128, ""rnn_h"": 32, ""cw_power"": 1.0}",26.260504201680675,0.16755842837364834,23.260937852364304,60.24159663865546
program,lstm,1,3,"{""epochs"": 40, ""lr"": 0.0024462518682993686, ""weight_decay"": 0.009007620100681494, ""batch_size"": 128, ""dropout"": 0.1, ""static_h"": 128, ""rnn_h"": 128, ""cw_power"": 0.0}",44.537815126050425,0.12450352963344302,17.158352162036756,82.30042016806722
program,lstm,1,4,"{""epochs"": 40, ""lr"": 0.00043526627165648335, ""weight_decay"": 0.0025475029123143192, ""batch_size"": 256, ""dropout"": 0.1, ""static_h"": 128, ""rnn_h"": 128, ""cw_power"": 0.0}",44.85294117647059,0.1209113166458247,17.126706662447265,83.08823529411765
program,lstm,1,5,"{""epochs"": 40, ""lr"": 0.0011508051774245288, ""weight_decay"": 0.0005187459486162754, ""batch_size"": 256, ""dropout"": 0.1, ""static_h"": 64, ""rnn_h"": 64, ""cw_power"": 0.0}",45.168067226890756,0.12164366097373248,17.24421547560825,83.19327731092437
program,lstm,1,6,"{""epochs"": 25, ""lr"": 0.0011851918821732703, ""weight_decay"": 0.00016897997322798495, ""batch_size"": 256, ""dropout"": 0.1, ""static_h"": 128, ""rnn_h"": 128, ""cw_power"": 0.0}",44.957983193277315,0.12027458308450044,17.142271232175432,83.14075630252101
program,lstm,1,7,"{""epochs"": 25, ""lr"": 0.0008787216970617155, ""weight_decay"": 0.00020888845120648923, ""batch_size"": 256, ""dropout"": 0.2, ""static_h"": 64, ""rnn_h"": 32, ""cw_power"": 1.0}",26.57563025210084,0.1682671938058792,22.47390512618057,58.5609243697479
program,hyb1,1,0,"{""epochs"": 15, ""lr"": 0.001, ""weight_decay"": 0.01, ""batch_size"": 128, ""dropout"": 0.2, ""static_h"": 128, ""rnn_h"": 64, ""cw_power"": 1.0}",27.363445378151262,0.22620034618720694,27.272666390605142,76.31302521008404
program,hyb1,1,1,"{""epochs"": 25, ""lr"": 0.0019067449984689767, ""weight_decay"": 0.02949650748229745, ""batch_size"": 256, ""dropout"": 0.2, ""static_h"": 128, ""rnn_h"": 64, ""cw_power"": 1.0}",30.409663865546214,0.2399838326409408,27.293202647927608,79.14915966386555
program,hyb1,1,2,"{""epochs"": 40, ""lr"": 0.0005916419884023108, ""weight_decay"": 0.00015498603418397674, ""batch_size"": 256, ""dropout"": 0.5, ""static_h"": 256, ""rnn_h"": 128, ""cw_power"": 1.0}",26.52310924369748,0.22340062269491825,27.9324131789703,76.73319327731093
program,hyb1,1,3,"{""epochs"": 40, ""lr"": 0.0006706825182225447, ""weight_decay"": 0.002949116799161753, ""batch_size"": 256, ""dropout"": 0.3, ""static_h"": 128, ""rnn_h"": 128, ""cw_power"": 0.0}",43.17226890756303,0.21961064093690894,22.15520366420134,82.77310924369748
program,hyb1,1,4,"{""epochs"": 15, ""lr"": 0.0003396485481524863, ""weight_decay"": 0.00901685183308984, ""batch_size"": 64, ""dropout"": 0.3, ""static_h"": 256, ""rnn_h"": 128, ""cw_power"": 0.0}",43.17226890756303,0.19364804699671867,20.30102133005637,83.50840336134453
program,hyb1,1,5,"{""epochs"": 15, ""lr"": 0.000547615790768176, ""weight_decay"": 0.00033677709862230506, ""batch_size"": 128, ""dropout"": 0.2, ""static_h"": 256, ""rnn_h"": 32, ""cw_power"": 0.5}",36.712184873949575,0.2503246782938376,25.489735414752495,81.14495798319328
program,hyb1,1,6,"{""epochs"": 15, ""lr"": 0.000836806324888122, ""weight_decay"": 0.003089512988960656, ""batch_size"": 256, ""dropout"": 0.1, ""static_h"": 128, ""rnn_h"": 32, ""cw_power"": 0.0}",41.964285714285715,0.20035704914754363,20.713477072097085,83.45588235294117
program,hyb1,1,7,"{""epochs"": 25, ""lr"": 0.0015854100592619536, ""weight_decay"": 0.00381556961126518, ""batch_size"": 256, ""dropout"": 0.2, ""static_h"": 64, ""rnn_h"": 128, ""cw_power"": 1.0}",27.205882352941174,0.2236726500381523,26.636314927851373,78.72899159663865
program,hyb2,1,0,"{""epochs"": 15, ""lr"": 0.001, ""weight_decay"": 0.01, ""batch_size"": 128, ""dropout"": 0.2, ""static_h"": 128, ""rnn_h"": 64, ""cw_power"": 1.0}",27.836134453781515,0.2289808860715221,28.208573457957904,74.47478991596638
program,hyb2,1,1,"{""epochs"": 25, ""lr"": 0.0027437629787319456, ""weight_decay"": 0.00016477827762027808, ""batch_size"": 128, ""dropout"": 0.5, ""static_h"": 128, ""rnn_h"": 64, ""cw_power"": 0.5}",39.075630252100844,0.24873862104592323,25.795261310560463,81.88025210084034
program,hyb2,1,2,"{""epochs"": 15, ""lr"": 0.000817980250490322, ""weight_decay"": 0.04337503845822465, ""batch_size"": 128, ""dropout"": 0.1, ""static_h"": 256, ""rnn_h"": 128, ""cw_power"": 1.0}",24.527310924369747,0.2020659097608215,24.778993185343875,75.6827731092437
program,hyb2,1,3,"{""epochs"": 25, ""lr"": 0.0012294678561692314, ""weight_decay"": 0.08082915457184024, ""batch_size"": 128, ""dropout"": 0.2, ""static_h"": 256, ""rnn_h"": 128, ""cw_power"": 0.0}",40.7563025210084,0.2156782014428161,21.47747435825037,81.46008403361344
program,hyb2,1,4,"{""epochs"": 25, ""lr"": 0.0011676551084245635, ""weight_decay"": 0.001497584045075882, ""batch_size"": 256, ""dropout"": 0.1, ""static_h"": 128, ""rnn_h"": 32, ""cw_power"": 0.5}",36.239495798319325,0.23855856705554376,23.91921168508605,81.9327731092437
program,hyb2,1,5,"{""epochs"": 25, ""lr"": 0.0003205259773314333, ""weight_decay"": 0.007819950716549649, ""batch_size"": 64, ""dropout"": 0.1, ""static_h"": 64, ""rnn_h"": 32, ""cw_power"": 0.0}",43.75,0.18840831761026933,20.022087573914007,83.08823529411765
program,hyb2,1,6,"{""epochs"": 15, ""lr"": 0.0011797742868541864, ""weight_decay"": 0.0008139483274193235, ""batch_size"": 128, ""dropout"": 0.5, ""static_h"": 64, ""rnn_h"": 128, ""cw_power"": 1.0}",24.842436974789916,0.21429348095798084,28.34946975070806,70.27310924369748
program,hyb2,1,7,"{""epochs"": 15, ""lr"": 0.00040644213511753193, ""weight_decay"": 0.00027119647921017395, ""batch_size"": 128, ""dropout"": 0.1, ""static_h"": 128, ""rnn_h"": 32, ""cw_power"": 0.5}",37.60504201680672,0.25229733201368654,25.948262252228503,81.61764705882352
program,hyb3,1,0,"{""epochs"": 15, ""lr"": 0.001, ""weight_decay"": 0.01, ""batch_size"": 128, ""dropout"": 0.2, ""static_h"": 128, ""rnn_h"": 64, ""cw_power"": 1.0}",27.941176470588236,0.23360693999708174,28.057887446195366,76.78571428571429
program,hyb3,1,1,"{""epochs"": 40, ""lr"": 0.0018776548821007146, ""weight_decay"": 0.000767503660227397, ""batch_size"": 128, ""dropout"": 0.5, ""static_h"": 128, ""rnn_h"": 32, ""cw_power"": 0.0}",43.64495798319328,0.20569390183708677,21.247645552256607,82.24789915966386
program,hyb3,1,2,"{""epochs"": 15, ""lr"": 0.001808431137108469, ""weight_decay"": 0.03820283443459137, ""batch_size"": 128, ""dropout"": 0.2, ""static_h"": 64, ""rnn_h"": 32, ""cw_power"": 0.0}",42.016806722689076,0.21501271324401752,21.75248943264142,83.08823529411765
program,hyb3,1,3,"{""epochs"": 40, ""lr"": 0.00037273432383212686, ""weight_decay"": 0.0004939840986591268, ""batch_size"": 64, ""dropout"": 0.5, ""static_h"": 64, ""rnn_h"": 64, ""cw_power"": 0.5}",38.970588235294116,0.23387283647224744,24.72424163657173,81.77521008403362
program,hyb3,1,4,"{""epochs"": 15, ""lr"": 0.001093152651740974, ""weight_decay"": 0.004165210937724426, ""batch_size"": 128, ""dropout"": 0.2, ""static_h"": 256, ""rnn_h"": 32, ""cw_power"": 0.5}",34.55882352941176,0.24170811437929582,25.196204826652384,80.0420168067227
program,hyb3,1,5,"{""epochs"": 25, ""lr"": 0.0010616305004833547, ""weight_decay"": 0.002302748308235793, ""batch_size"": 128, ""dropout"": 0.3, ""static_h"": 256, ""rnn_h"": 32, ""cw_power"": 1.0}",28.09873949579832,0.22745959490498355,25.941448842580918,79.25420168067227
program,hyb3,1,6,"{""epochs"": 15, ""lr"": 0.002925874304257009, ""weight_decay"": 0.024366107772164095, ""batch_size"": 256, ""dropout"": 0.2, ""static_h"": 64, ""rnn_h"": 128, ""cw_power"": 0.0}",43.17226890756303,0.20338364116747046,21.119379028238335,83.50840336134453
program,hyb3,1,7,"{""epochs"": 15, ""lr"": 0.0003465388837878909, ""weight_decay"": 0.004059697745511182, ""batch_size"": 64, ""dropout"": 0.1, ""static_h"": 128, ""rnn_h"": 64, ""cw_power"": 1.0}",27.415966386554626,0.2233960204931281,27.058471839737468,75.05252100840336
program,hyb4,1,0,"{""epochs"": 15, ""lr"": 0.001, ""weight_decay"": 0.01, ""batch_size"": 128, ""dropout"": 0.2, ""static_h"": 128, ""rnn_h"": 64, ""cw_power"": 1.0}",27.310924369747898,0.2265090558984654,27.321573056645388,76.05042016806722
program,hyb4,1,1,"{""epochs"": 40, ""lr"": 0.0010951740321458467, ""weight_decay"": 0.034870943345560616, ""batch_size"": 128, ""dropout"": 0.3, ""static_h"": 128, ""rnn_h"": 128, ""cw_power"": 0.5}",36.081932773109244,0.25486667830741333,27.033902986112807,81.46008403361344
program,hyb4,1,2,"{""epochs"": 15, ""lr"": 0.0025827602618748806, ""weight_decay"": 0.0011998547750404788, ""batch_size"": 256, ""dropout"": 0.2, ""static_h"": 128, ""rnn_h"": 64, ""cw_power"": 0.5}",35.609243697478995,0.2330514000874443,23.847267028174755,81.88025210084034
program,hyb4,1,3,"{""epochs"": 25, ""lr"": 0.0018123497025868904, ""weight_decay"": 0.0004884603732308433, ""batch_size"": 128, ""dropout"": 0.3, ""static_h"": 128, ""rnn_h"": 128, ""cw_power"": 0.0}",42.804621848739494,0.19856223995129554,20.948685728784795,81.67016806722688
program,hyb4,1,4,"{""epochs"": 40, ""lr"": 0.0009059672025452453, ""weight_decay"": 0.00036512675072492777, ""batch_size"": 128, ""dropout"": 0.2, ""static_h"": 256, ""rnn_h"": 128, ""cw_power"": 0.5}",35.976890756302524,0.23326062299450215,23.41654889624091,81.5126050420168
program,hyb4,1,5,"{""epochs"": 40, ""lr"": 0.0006841631736214719, ""weight_decay"": 0.023937889096812444, ""batch_size"": 256, ""dropout"": 0.3, ""static_h"": 256, ""rnn_h"": 128, ""cw_power"": 0.0}",39.653361344537814,0.2211478452410837,22.150673956853325,81.46008403361344
program,hyb4,1,6,"{""epochs"": 25, ""lr"": 0.0010715754474374623, ""weight_decay"": 0.004726630004715784, ""batch_size"": 128, ""dropout"": 0.3, ""static_h"": 256, ""rnn_h"": 32, ""cw_power"": 0.0}",41.596638655462186,0.20394258731364293,20.756435184599635,82.40546218487394
program,hyb4,1,7,"{""epochs"": 40, ""lr"": 0.000991244875395869, ""weight_decay"": 0.029216815074671276, ""batch_size"": 256, ""dropout"": 0.1, ""static_h"": 256, ""rnn_h"": 64, ""cw_power"": 0.0}",36.8172268907563,0.23075008801828756,23.070113231437116,76.41806722689076
program,proposed,1,0,"{""epochs"": 15, ""lr"": 0.001, ""weight_decay"": 0.01, ""batch_size"": 128, ""dropout"": 0.2, ""static_h"": 128, ""rnn_h"": 64, ""cw_power"": 1.0}",26.89075630252101,0.22313513933539433,26.895922400071942,75.6827731092437
program,proposed,1,1,"{""epochs"": 15, ""lr"": 0.002349385070243438, ""weight_decay"": 0.0021438922830304182, ""batch_size"": 256, ""dropout"": 0.1, ""static_h"": 256, ""rnn_h"": 64, ""cw_power"": 1.0}",26.260504201680675,0.21060535830241803,24.667182044827154,78.41386554621849
program,proposed,1,2,"{""epochs"": 40, ""lr"": 0.0003224900048987953, ""weight_decay"": 0.005066150567292886, ""batch_size"": 128, ""dropout"": 0.2, ""static_h"": 128, ""rnn_h"": 128, ""cw_power"": 0.0}",42.174369747899156,0.2137713653558889,21.681551324641156,83.35084033613445
program,proposed,1,3,"{""epochs"": 25, ""lr"": 0.0009246910932727538, ""weight_decay"": 0.00011861552371349484, ""batch_size"": 128, ""dropout"": 0.5, ""static_h"": 256, ""rnn_h"": 64, ""cw_power"": 1.0}",27.415966386554626,0.2207611828472074,26.89052171863487,76.31302521008404
program,proposed,1,4,"{""epochs"": 40, ""lr"": 0.002416705011413315, ""weight_decay"": 0.00033037601903499467, ""batch_size"": 64, ""dropout"": 0.5, ""static_h"": 128, ""rnn_h"": 32, ""cw_power"": 1.0}",27.258403361344534,0.22011903083301923,27.725131429672363,73.6344537815126
program,proposed,1,5,"{""epochs"": 40, ""lr"": 0.0010555334613282072, ""weight_decay"": 0.004215071779182107, ""batch_size"": 256, ""dropout"": 0.5, ""static_h"": 64, ""rnn_h"": 64, ""cw_power"": 1.0}",24.94747899159664,0.20257978413243985,27.450386522279558,72.58403361344537
program,proposed,1,6,"{""epochs"": 40, ""lr"": 0.0011242501609811566, ""weight_decay"": 0.00011002155489254163, ""batch_size"": 256, ""dropout"": 0.5, ""static_h"": 64, ""rnn_h"": 128, ""cw_power"": 0.5}",35.924369747899156,0.2370817614868237,25.838989314204337,81.25
program,proposed,1,7,"{""epochs"": 40, ""lr"": 0.0013079571132985403, ""weight_decay"": 0.0014267715119528326, ""batch_size"": 64, ""dropout"": 0.5, ""static_h"": 128, ""rnn_h"": 64, ""cw_power"": 0.5}",38.07773109243697,0.2424536335107296,25.15666605539373,81.5126050420168
program,static_mlp,2,0,"{""epochs"": 15, ""lr"": 0.001, ""weight_decay"": 0.01, ""batch_size"": 128, ""dropout"": 0.2, ""static_h"": 128, ""rnn_h"": 64, ""cw_power"": 1.0}",26.365546218487395,0.21464997365990954,25.541147411716814,74.94747899159664
program,static_mlp,2,1,"{""epochs"": 25, ""lr"": 0.00032542424961970045, ""weight_decay"": 0.00022148509060126472, ""batch_size"": 128, ""dropout"": 0.2, ""static_h"": 64, ""rnn_h"": 64, ""cw_power"": 0.0}",46.008403361344534,0.1789912481493792,20.19326912077488,85.13655462184873
program,static_mlp,2,2,"{""epochs"": 40, ""lr"": 0.0009950859778666747, ""weight_decay"": 0.07749421198896692, ""batch_size"": 64, ""dropout"": 0.3, ""static_h"": 128, ""rnn_h"": 32, ""cw_power"": 1.0}",27.941176470588236,0.21463032707322335,24.137605494314098,77.73109243697479
program,static_mlp,2,3,"{""epochs"": 25, ""lr"": 0.0006721035434020237, ""weight_decay"": 0.043219189293725625, ""batch_size"": 64, ""dropout"": 0.3, ""static_h"": 64, ""rnn_h"": 128, ""cw_power"": 1.0}",24.737394957983195,0.21372946990877398,27.625976629959297,72.47899159663865
program,static_mlp,2,4,"{""epochs"": 25, ""lr"": 0.0006671749435895194, ""weight_decay"": 0.001281836325893491, ""batch_size"": 128, ""dropout"": 0.5, ""static_h"": 64, ""rnn_h"": 64, ""cw_power"": 0.5}",41.07142857142857,0.23130486647127943,23.47848884381279,82.1953781512605
program,static_mlp,2,5,"{""epochs"": 40, ""lr"": 0.0031560689219950525, ""weight_decay"": 0.012581080767199769, ""batch_size"": 256, ""dropout"": 0.2, ""static_h"": 128, ""rnn_h"": 64, ""cw_power"": 0.0}",41.806722689075634,0.19061964583739943,19.694570495403983,82.03781512605042
program,static_mlp,2,6,"{""epochs"": 25, ""lr"": 0.00037014722673590553, ""weight_decay"": 0.0007171145134958099, ""batch_size"": 256, ""dropout"": 0.3, ""static_h"": 256, ""rnn_h"": 128, ""cw_power"": 0.5}",37.34243697478992,0.21757828793260567,21.840984806232797,81.40756302521008
program,static_mlp,2,7,"{""epochs"": 40, ""lr"": 0.003085002860918391, ""weight_decay"": 0.0010833359616763947, ""batch_size"": 64, ""dropout"": 0.3, ""static_h"": 128, ""rnn_h"": 64, ""cw_power"": 0.5}",36.76470588235294,0.21767314790106676,21.859867420179402,81.9327731092437
program,lstm,2,0,"{""epochs"": 15, ""lr"": 0.001, ""weight_decay"": 0.01, ""batch_size"": 128, ""dropout"": 0.2, ""static_h"": 128, ""rnn_h"": 64, ""cw_power"": 1.0}",24.737394957983195,0.17401542346546842,23.967132550529882,59.5063025210084
program,lstm,2,1,"{""epochs"": 15, ""lr"": 0.001828497390192915, ""weight_decay"": 0.00045841977194054496, ""batch_size"": 128, ""dropout"": 0.1, ""static_h"": 64, ""rnn_h"": 64, ""cw_power"": 0.5}",40.96638655462185,0.1816177828056551,19.32284862219186,82.4579831932773
program,lstm,2,2,"{""epochs"": 15, ""lr"": 0.0003851032017465509, ""weight_decay"": 0.00027247039625172146, ""batch_size"": 128, ""dropout"": 0.2, ""static_h"": 256, ""rnn_h"": 64, ""cw_power"": 1.0}",28.20378151260504,0.18365862423368193,24.57650725942755,57.773109243697476
program,lstm,2,3,"{""epochs"": 25, ""lr"": 0.002386971769637578, ""weight_decay"": 0.020473517581090644, ""batch_size"": 256, ""dropout"": 0.2, ""static_h"": 128, ""rnn_h"": 32, ""cw_power"": 1.0}",25.05252100840336,0.17738696161206155,23.62977267831313,58.92857142857143
program,lstm,2,4,"{""epochs"": 15, ""lr"": 0.0008858038159424948, ""weight_decay"": 0.0781457712776895, ""batch_size"": 128, ""dropout"": 0.5, ""static_h"": 256, ""rnn_h"": 32, ""cw_power"": 0.5}",41.911764705882355,0.17202219065761148,18.980106447013657,82.87815126050421
program,lstm,2,5,"{""epochs"": 40, ""lr"": 0.0003309479350159732, ""weight_decay"": 0.0002397603745371098, ""batch_size"": 128, ""dropout"": 0.3, ""static_h"": 256, ""rnn_h"": 64, ""cw_power"": 0.0}",44.80042016806723,0.12221226074316503,17.142529412242013,83.35084033613445
program,lstm,2,6,"{""epochs"": 15, ""lr"": 0.0005781494700786561, ""weight_decay"": 0.01961893248738483, ""batch_size"": 128, ""dropout"": 0.2, ""static_h"": 64, ""rnn_h"": 64, ""cw_power"": 0.5}",41.859243697478995,0.17112452827233252,19.018220446100308,82.03781512605042
program,lstm,2,7,"{""epochs"": 15, ""lr"": 0.0005152991578245676, ""weight_decay"": 0.00014516033391725997, ""batch_size"": 256, ""dropout"": 0.1, ""static_h"": 128, ""rnn_h"": 64, ""cw_power"": 1.0}",27.573529411764707,0.1760581875606435,23.74154255079851,57.61554621848739
program,hyb1,2,0,"{""epochs"": 15, ""lr"": 0.001, ""weight_decay"": 0.01, ""batch_size"": 128, ""dropout"": 0.2, ""static_h"": 128, ""rnn_h"": 64, ""cw_power"": 1.0}",29.884453781512605,0.2380358495170304,27.997382057116237,74.10714285714286
program,hyb1,2,1,"{""epochs"": 40, ""lr"": 0.0006500648648726123, ""weight_decay"": 0.001385618338803228, ""batch_size"": 256, ""dropout"": 0.5, ""static_h"": 64, ""rnn_h"": 64, ""cw_power"": 0.0}",46.27100840336135,0.1848652218654173,20.570958699847356,85.29411764705883
program,hyb1,2,2,"{""epochs"": 15, ""lr"": 0.00039443006113707053, ""weight_decay"": 0.00023419561338443458, ""batch_size"": 64, ""dropout"": 0.2, ""static_h"": 128, ""rnn_h"": 128, ""cw_power"": 0.0}",43.22478991596639,0.1973492527219761,20.66710469756189,85.24159663865547
program,hyb1,2,3,"{""epochs"": 40, ""lr"": 0.0027208658940939415, ""weight_decay"": 0.00010417691346137196, ""batch_size"": 64, ""dropout"": 0.2, ""static_h"": 128, ""rnn_h"": 128, ""cw_power"": 1.0}",28.361344537815125,0.22186329275698782,25.63973714851184,80.35714285714286
program,hyb1,2,4,"{""epochs"": 40, ""lr"": 0.000953362372351996, ""weight_decay"": 0.0016840196189774653, ""batch_size"": 256, ""dropout"": 0.5, ""static_h"": 64, ""rnn_h"": 32, ""cw_power"": 0.0}",45.79831932773109,0.19335642146464105,21.009724765178163,85.66176470588235
program,hyb1,2,5,"{""epochs"": 15, ""lr"": 0.001628658454617639, ""weight_decay"": 0.0001741902401726334, ""batch_size"": 256, ""dropout"": 0.1, ""static_h"": 64, ""rnn_h"": 32, ""cw_power"": 0.5}",39.233193277310924,0.2335999835072781,23.64317359304298,82.4579831932773
program,hyb1,2,6,"{""epochs"": 40, ""lr"": 0.0012908906361530996, ""weight_decay"": 0.0005559009834358665, ""batch_size"": 64, ""dropout"": 0.1, ""static_h"": 128, ""rnn_h"": 128, ""cw_power"": 1.0}",31.25,0.22214567312788655,23.844658744449383,81.40756302521008
program,hyb1,2,7,"{""epochs"": 40, ""lr"": 0.00207845976188066, ""weight_decay"": 0.008588432149116795, ""batch_size"": 128, ""dropout"": 0.5, ""static_h"": 256, ""rnn_h"": 128, ""cw_power"": 0.0}",39.54831932773109,0.20498096356928605,20.476625478826886,82.82563025210085
program,hyb2,2,0,"{""epochs"": 15, ""lr"": 0.001, ""weight_decay"": 0.01, ""batch_size"": 128, ""dropout"": 0.2, ""static_h"": 128, ""rnn_h"": 64, ""cw_power"": 1.0}",27.468487394957986,0.22743086229877107,27.262774211745388,75.9453781512605
program,hyb2,2,1,"{""epochs"": 15, ""lr"": 0.00033024428462498134, ""weight_decay"": 0.0013919165736447493, ""batch_size"": 64, ""dropout"": 0.2, ""static_h"": 64, ""rnn_h"": 128, ""cw_power"": 0.0}",45.903361344537814,0.1794111492744449,20.317134106581847,85.66176470588235
program,hyb2,2,2,"{""epochs"": 25, ""lr"": 0.0018022867085525584, ""weight_decay"": 0.00029004095500390813, ""batch_size"": 256, ""dropout"": 0.2, ""static_h"": 128, ""rnn_h"": 64, ""cw_power"": 0.5}",35.609243697478995,0.2483557823824137,26.05851699912857,80.72478991596638
program,hyb2,2,3,"{""epochs"": 15, ""lr"": 0.0004242392948124294, ""weight_decay"": 0.011949504427419865, ""batch_size"": 256, ""dropout"": 0.2, ""static_h"": 128, ""rnn_h"": 128, ""cw_power"": 0.0}",45.693277310924366,0.18699276531282327,20.715040896585766,85.29411764705883
program,hyb2,2,4,"{""epochs"": 40, ""lr"": 0.0006713478032737454, ""weight_decay"": 0.012465141326726856, ""batch_size"": 64, ""dropout"": 0.1, ""static_h"": 256, ""rnn_h"": 32, ""cw_power"": 1.0}",32.510504201680675,0.23274798936704155,25.09682895629379,81.5126050420168
program,hyb2,2,5,"{""epochs"": 25, ""lr"": 0.0013496336528752166, ""weight_decay"": 0.001906839969878549, ""batch_size"": 256, ""dropout"": 0.1, ""static_h"": 64, ""rnn_h"": 128, ""cw_power"": 1.0}",29.6218487394958,0.24423558494558414,29.28727773082016,77.10084033613445
program,hyb2,2,6,"{""epochs"": 40, ""lr"": 0.0017583100685789857, ""weight_decay"": 0.00015628696317451527, ""batch_size"": 64, ""dropout"": 0.1, ""static_h"": 256, ""rnn_h"": 128, ""cw_power"": 0.0}",37.07983193277311,0.22446826673608664,22.39439410535794,79.30672268907563
program,hyb2,2,7,"{""epochs"": 15, ""lr"": 0.0011236019115778337, ""weight_decay"": 0.042934431880782976, ""batch_size"": 256, ""dropout"": 0.1, ""static_h"": 128, ""rnn_h"": 64, ""cw_power"": 0.5}",37.86764705882353,0.24642179543661627,24.974001160410666,82.14285714285714
program,hyb3,2,0,"{""epochs"": 15, ""lr"": 0.001, ""weight_decay"": 0.01, ""batch_size"": 128, ""dropout"": 0.2, ""static_h"": 128, ""rnn_h"": 64, ""cw_power"": 1.0}",27.573529411764707,0.22112013517126358,26.25303620602261,75.52521008403362
program,hyb3,2,1,"{""epochs"": 25, ""lr"": 0.00038671200408929406, ""weight_decay"": 0.024029258400649386, ""batch_size"": 64, ""dropout"": 0.2, ""static_h"": 64, ""rnn_h"": 128, ""cw_power"": 1.0}",28.256302521008404,0.23318485375033546,28.88762033322965,74.0546218487395
program,hyb3,2,2,"{""epochs"": 15, ""lr"": 0.00034022901518101253, ""weight_decay"": 0.00943565364910915, ""batch_size"": 128, ""dropout"": 0.3, ""static_h"": 256, ""rnn_h"": 32, ""cw_power"": 1.0}",29.20168067226891,0.24054831260146195,30.228199334905142,73.7920168067227
program,hyb3,2,3,"{""epochs"": 15, ""lr"": 0.0006023062434308489, ""weight_decay"": 0.05115277947416214, ""batch_size"": 256, ""dropout"": 0.5, ""static_h"": 128, ""rnn_h"": 32, ""cw_power"": 1.0}",27.468487394957986,0.22407768246742932,29.728363508969665,70.16806722689076
program,hyb3,2,4,"{""epochs"": 15, ""lr"": 0.0008120731003286662, ""weight_decay"": 0.025564274870643246, ""batch_size"": 256, ""dropout"": 0.3, ""static_h"": 128, ""rnn_h"": 32, ""cw_power"": 0.0}",44.11764705882353,0.1765488184652169,19.88184208762299,85.55672268907563
program,hyb3,2,5,"{""epochs"": 25, ""lr"": 0.0016986006290560605, ""weight_decay"": 0.003549924082782143, ""batch_size"": 128, ""dropout"": 0.1, ""static_h"": 128, ""rnn_h"": 128, ""cw_power"": 0.5}",31.880252100840334,0.22833621907492316,24.243563190850544,79.30672268907563
program,hyb3,2,6,"{""epochs"": 15, ""lr"": 0.0005353410438729435, ""weight_decay"": 0.00011447033429799339, ""batch_size"": 128, ""dropout"": 0.1, ""static_h"": 64, ""rnn_h"": 32, ""cw_power"": 1.0}",28.09873949579832,0.23274323685759044,28.909053965143656,73.47689075630252
program,hyb3,2,7,"{""epochs"": 25, ""lr"": 0.0020954208972909466, ""weight_decay"": 0.00015222553150907137, ""batch_size"": 64, ""dropout"": 0.5, ""static_h"": 64, ""rnn_h"": 64, ""cw_power"": 0.0}",45.273109243697476,0.1752518921325332,19.87799842784265,84.76890756302521
program,hyb4,2,0,"{""epochs"": 15, ""lr"": 0.001, ""weight_decay"": 0.01, ""batch_size"": 128, ""dropout"": 0.2, ""static_h"": 128, ""rnn_h"": 64, ""cw_power"": 1.0}",28.62394957983193,0.23316602550481777,28.341706875076106,75.47268907563026
program,hyb4,2,1,"{""epochs"": 40, ""lr"": 0.0010634101662240958, ""weight_decay"": 0.0014192226144134701, ""batch_size"": 128, ""dropout"": 0.5, ""static_h"": 128, ""rnn_h"": 64, ""cw_power"": 0.5}",39.705882352941174,0.27341075660205333,28.035229281345416,82.98319327731093
program,hyb4,2,2,"{""epochs"": 15, ""lr"": 0.0019476855974184743, ""weight_decay"": 0.012977384773194642, ""batch_size"": 128, ""dropout"": 0.3, ""static_h"": 64, ""rnn_h"": 64, ""cw_power"": 1.0}",26.838235294117645,0.22511709368329424,28.895057800219533,72.74159663865547
program,hyb4,2,3,"{""epochs"": 15, ""lr"": 0.0006498706687687566, ""weight_decay"": 0.001540605427409133, ""batch_size"": 256, ""dropout"": 0.5, ""static_h"": 64, ""rnn_h"": 128, ""cw_power"": 1.0}",26.05042016806723,0.2152623661355834,31.12648717213669,67.17436974789915
program,hyb4,2,4,"{""epochs"": 40, ""lr"": 0.001853264199656665, ""weight_decay"": 0.00014863580790255366, ""batch_size"": 128, ""dropout"": 0.5, ""static_h"": 256, ""rnn_h"": 128, ""cw_power"": 0.0}",43.11974789915966,0.20260879670771959,20.94086090188901,84.50630252100841
program,hyb4,2,5,"{""epochs"": 25, ""lr"": 0.001443922206084391, ""weight_decay"": 0.02457478006898021, ""batch_size"": 128, ""dropout"": 0.2, ""static_h"": 128, ""rnn_h"": 128, ""cw_power"": 0.5}",33.35084033613445,0.23149545578417152,24.431846395268366,78.46638655462185
program,hyb4,2,6,"{""epochs"": 25, ""lr"": 0.0011233774308752453, ""weight_decay"": 0.0004869706130706448, ""batch_size"": 128, ""dropout"": 0.3, ""static_h"": 64, ""rnn_h"": 128, ""cw_power"": 0.5}",36.44957983193277,0.2508769443532934,27.115700994170705,80.09453781512606
program,hyb4,2,7,"{""epochs"": 15, ""lr"": 0.0007431860187183788, ""weight_decay"": 0.0009564895436617543, ""batch_size"": 128, ""dropout"": 0.1, ""static_h"": 128, ""rnn_h"": 64, ""cw_power"": 1.0}",30.357142857142854,0.2423565447554008,29.1017843290436,77.78361344537815
program,proposed,2,0,"{""epochs"": 15, ""lr"": 0.001, ""weight_decay"": 0.01, ""batch_size"": 128, ""dropout"": 0.2, ""static_h"": 128, ""rnn_h"": 64, ""cw_power"": 1.0}",28.361344537815125,0.2301659474752482,27.268513408479468,75.63025210084034
program,proposed,2,1,"{""epochs"": 15, ""lr"": 0.0007358253103116767, ""weight_decay"": 0.00800319150124718, ""batch_size"": 256, ""dropout"": 0.1, ""static_h"": 256, ""rnn_h"": 32, ""cw_power"": 1.0}",30.357142857142854,0.2412696460990277,27.72125742935263,75.42016806722688
program,proposed,2,2,"{""epochs"": 15, ""lr"": 0.002486754420997452, ""weight_decay"": 0.00017140046924792184, ""batch_size"": 256, ""dropout"": 0.2, ""static_h"": 256, ""rnn_h"": 128, ""cw_power"": 0.5}",36.239495798319325,0.24014079579416225,24.521323597073884,80.88235294117648
program,proposed,2,3,"{""epochs"": 40, ""lr"": 0.003082835770793123, ""weight_decay"": 0.04510406463138904, ""batch_size"": 64, ""dropout"": 0.2, ""static_h"": 128, ""rnn_h"": 128, ""cw_power"": 0.5}",33.035714285714285,0.22575429491069143,23.736833952809736,79.04411764705883
program,proposed,2,4,"{""epochs"": 40, ""lr"": 0.0013080782161547253, ""weight_decay"": 0.018125435549111266, ""batch_size"": 64, ""dropout"": 0.5, ""static_h"": 256, ""rnn_h"": 32, ""cw_power"": 0.5}",38.760504201680675,0.24564499142488103,25.363235254466925,81.35504201680672
program,proposed,2,5,"{""epochs"": 25, ""lr"": 0.00314615363615542, ""weight_decay"": 0.004599261389223695, ""batch_size"": 64, ""dropout"": 0.1, ""static_h"": 128, ""rnn_h"": 128, ""cw_power"": 0.5}",32.668067226890756,0.23018677844432447,24.140848661602956,80.51470588235294
program,proposed,2,6,"{""epochs"": 15, ""lr"": 0.0005568487407790381, ""weight_decay"": 0.050955108253122265, ""batch_size"": 128, ""dropout"": 0.1, ""static_h"": 256, ""rnn_h"": 128, ""cw_power"": 1.0}",29.6218487394958,0.24373055371827368,28.867946679506417,76.2079831932773
program,proposed,2,7,"{""epochs"": 25, ""lr"": 0.000341466477651759, ""weight_decay"": 0.08951070672736001, ""batch_size"": 256, ""dropout"": 0.3, ""static_h"": 128, ""rnn_h"": 128, ""cw_power"": 0.5}",40.4936974789916,0.2621267919395157,26.650834824070607,81.9327731092437
program,static_mlp,3,0,"{""epochs"": 15, ""lr"": 0.001, ""weight_decay"": 0.01, ""batch_size"": 128, ""dropout"": 0.2, ""static_h"": 128, ""rnn_h"": 64, ""cw_power"": 1.0}",24.94747899159664,0.20931258052559132,26.02205043753692,71.00840336134453
program,static_mlp,3,1,"{""epochs"": 40, ""lr"": 0.001148148820826181, ""weight_decay"": 0.007980858458554558, ""batch_size"": 256, ""dropout"": 0.2, ""static_h"": 256, ""rnn_h"": 128, ""cw_power"": 0.0}",38.23529411764706,0.18901707249033026,19.272842240350162,82.1953781512605
program,static_mlp,3,2,"{""epochs"": 15, ""lr"": 0.0010890803864977885, ""weight_decay"": 0.0006464276383544015, ""batch_size"": 128, ""dropout"": 0.5, ""static_h"": 256, ""rnn_h"": 128, ""cw_power"": 0.5}",34.92647058823529,0.2400865905708501,24.86382476993611,81.35504201680672
program,static_mlp,3,3,"{""epochs"": 25, ""lr"": 0.000691029435087325, ""weight_decay"": 0.0011828082043038083, ""batch_size"": 128, ""dropout"": 0.2, ""static_h"": 64, ""rnn_h"": 32, ""cw_power"": 0.5}",39.023109243697476,0.2472427819185398,24.718575694396495,80.61974789915966
program,static_mlp,3,4,"{""epochs"": 40, ""lr"": 0.0008338215670024104, ""weight_decay"": 0.0015579303890977396, ""batch_size"": 64, ""dropout"": 0.3, ""static_h"": 128, ""rnn_h"": 32, ""cw_power"": 0.5}",35.766806722689076,0.23320510491828061,23.51533248586942,80.9873949579832
program,static_mlp,3,5,"{""epochs"": 15, ""lr"": 0.0009901903478033085, ""weight_decay"": 0.08723425263323854, ""batch_size"": 128, ""dropout"": 0.2, ""static_h"": 256, ""rnn_h"": 64, ""cw_power"": 0.0}",40.7563025210084,0.20291018885480358,20.195211460116447,82.87815126050421
program,static_mlp,3,6,"{""epochs"": 25, ""lr"": 0.0009434758723506254, ""weight_decay"": 0.0008580818586234861, ""batch_size"": 128, ""dropout"": 0.5, ""static_h"": 64, ""rnn_h"": 32, ""cw_power"": 1.0}",22.951680672268907,0.19549042729608154,26.3122422059729,67.5420168067227
program,static_mlp,3,7,"{""epochs"": 40, ""lr"": 0.0011864643648259573, ""weight_decay"": 0.06061788178360261, ""batch_size"": 64, ""dropout"": 0.5, ""static_h"": 64, ""rnn_h"": 32, ""cw_power"": 0.0}",44.01260504201681,0.17367667548875546,19.33495160736396,84.76890756302521
program,lstm,3,0,"{""epochs"": 15, ""lr"": 0.001, ""weight_decay"": 0.01, ""batch_size"": 128, ""dropout"": 0.2, ""static_h"": 128, ""rnn_h"": 64, ""cw_power"": 1.0}",29.35924369747899,0.18646688603358066,27.220690133904125,62.39495798319328
program,lstm,3,1,"{""epochs"": 25, ""lr"": 0.0014536158643064065, ""weight_decay"": 0.02972015684023925, ""batch_size"": 64, ""dropout"": 0.5, ""static_h"": 128, ""rnn_h"": 128, ""cw_power"": 1.0}",28.781512605042014,0.19266762914612365,27.074795194807272,60.76680672268907
program,lstm,3,2,"{""epochs"": 25, ""lr"": 0.0006683257025000836, ""weight_decay"": 0.008536603187995729, ""batch_size"": 128, ""dropout"": 0.2, ""static_h"": 64, ""rnn_h"": 128, ""cw_power"": 0.0}",44.747899159663866,0.1194952816123911,17.052129506072024,84.24369747899159
program,lstm,3,3,"{""epochs"": 40, ""lr"": 0.002379860926505125, ""weight_decay"": 0.0054867874137499465, ""batch_size"": 128, ""dropout"": 0.3, ""static_h"": 256, ""rnn_h"": 64, ""cw_power"": 1.0}",24.054621848739497,0.17442872962851877,23.252513174940617,59.45378151260504
program,lstm,3,4,"{""epochs"": 15, ""lr"": 0.0004033631903530616, ""weight_decay"": 0.001459606812717812, ""batch_size"": 256, ""dropout"": 0.5, ""static_h"": 256, ""rnn_h"": 64, ""cw_power"": 0.5}",43.01470588235294,0.15144461800059525,20.056617966529537,82.87815126050421
program,lstm,3,5,"{""epochs"": 25, ""lr"": 0.000532510164071765, ""weight_decay"": 0.0001424582731581405, ""batch_size"": 64, ""dropout"": 0.2, ""static_h"": 128, ""rnn_h"": 128, ""cw_power"": 1.0}",28.256302521008404,0.191195178372678,27.727187250350244,61.029411764705884
program,lstm,3,6,"{""epochs"": 25, ""lr"": 0.0004222369019901721, ""weight_decay"": 0.00011119741378276333, ""batch_size"": 64, ""dropout"": 0.5, ""static_h"": 256, ""rnn_h"": 64, ""cw_power"": 1.0}",28.15126050420168,0.18464755164132649,26.564577757794762,61.18697478991597
program,lstm,3,7,"{""epochs"": 15, ""lr"": 0.001970584920309234, ""weight_decay"": 0.0012840099570376178, ""batch_size"": 128, ""dropout"": 0.5, ""static_h"": 128, ""rnn_h"": 128, ""cw_power"": 0.0}",44.905462184873954,0.13919080860669683,17.81226207608226,84.19117647058823
program,hyb1,3,0,"{""epochs"": 15, ""lr"": 0.001, ""weight_decay"": 0.01, ""batch_size"": 128, ""dropout"": 0.2, ""static_h"": 128, ""rnn_h"": 64, ""cw_power"": 1.0}",27.468487394957986,0.22602140739342527,27.962696779485025,73.68697478991596
program,hyb1,3,1,"{""epochs"": 25, ""lr"": 0.0006575709489612891, ""weight_decay"": 0.003677021084542638, ""batch_size"": 256, ""dropout"": 0.1, ""static_h"": 64, ""rnn_h"": 128, ""cw_power"": 1.0}",25.735294117647058,0.20724940957282723,25.593645074454784,71.79621848739495
program,hyb1,3,2,"{""epochs"": 15, ""lr"": 0.0010275691581300137, ""weight_decay"": 0.001523394950211076, ""batch_size"": 256, ""dropout"": 0.5, ""static_h"": 64, ""rnn_h"": 128, ""cw_power"": 1.0}",27.04831932773109,0.21004643998796588,28.88498605138291,68.0672268907563
program,hyb1,3,3,"{""epochs"": 40, ""lr"": 0.0008238336317337119, ""weight_decay"": 0.001943874738151797, ""batch_size"": 128, ""dropout"": 0.3, ""static_h"": 256, ""rnn_h"": 64, ""cw_power"": 1.0}",28.46638655462185,0.21273214148381028,23.810166685584143,78.83403361344537
program,hyb1,3,4,"{""epochs"": 15, ""lr"": 0.0012449985906273235, ""weight_decay"": 0.003986972141611934, ""batch_size"": 256, ""dropout"": 0.3, ""static_h"": 128, ""rnn_h"": 128, ""cw_power"": 0.0}",43.48739495798319,0.21490208034988548,21.776180970449456,85.60924369747899
program,hyb1,3,5,"{""epochs"": 40, ""lr"": 0.0008446296396094994, ""weight_decay"": 0.000924855973028693, ""batch_size"": 256, ""dropout"": 0.5, ""static_h"": 64, ""rnn_h"": 64, ""cw_power"": 1.0}",27.73109243697479,0.22993228973530253,29.208305207115554,70.06302521008404
program,hyb1,3,6,"{""epochs"": 25, ""lr"": 0.0009431881585967192, ""weight_decay"": 0.00012933617309926848, ""batch_size"": 64, ""dropout"": 0.1, ""static_h"": 64, ""rnn_h"": 64, ""cw_power"": 0.0}",40.44117647058824,0.2040970826839236,20.55598194885813,81.98529411764706
program,hyb1,3,7,"{""epochs"": 15, ""lr"": 0.00040486716871246484, ""weight_decay"": 0.0026488856042940863, ""batch_size"": 64, ""dropout"": 0.1, ""static_h"": 64, ""rnn_h"": 128, ""cw_power"": 0.0}",44.22268907563025,0.21936391236882677,22.123555468705327,84.61134453781513
program,hyb2,3,0,"{""epochs"": 15, ""lr"": 0.001, ""weight_decay"": 0.01, ""batch_size"": 128, ""dropout"": 0.2, ""static_h"": 128, ""rnn_h"": 64, ""cw_power"": 1.0}",29.044117647058826,0.2252612186440027,26.919647118953517,72.9516806722689
program,hyb2,3,1,"{""epochs"": 25, ""lr"": 0.002574738199157457, ""weight_decay"": 0.0003331964037470595, ""batch_size"": 128, ""dropout"": 0.5, ""static_h"": 128, ""rnn_h"": 128, ""cw_power"": 0.0}",45.378151260504204,0.1911007450649156,20.44838668953287,85.03151260504201
program,hyb2,3,2,"{""epochs"": 25, ""lr"": 0.0003821906763143887, ""weight_decay"": 0.09119032111992426, ""batch_size"": 128, ""dropout"": 0.2, ""static_h"": 64, ""rnn_h"": 128, ""cw_power"": 0.0}",45.430672268907564,0.21191352409107653,21.770329114850824,85.08403361344537
program,hyb2,3,3,"{""epochs"": 25, ""lr"": 0.0014415015052909584, ""weight_decay"": 0.003547106103076788, ""batch_size"": 128, ""dropout"": 0.2, ""static_h"": 256, ""rnn_h"": 32, ""cw_power"": 0.5}",37.28991596638656,0.22446357270804398,22.833274098776855,82.93067226890757
program,hyb2,3,4,"{""epochs"": 15, ""lr"": 0.001217256113982098, ""weight_decay"": 0.00805849241443454, ""batch_size"": 256, ""dropout"": 0.3, ""static_h"": 64, ""rnn_h"": 64, ""cw_power"": 0.5}",36.502100840336134,0.2404383828987495,24.992907105877283,79.51680672268907
program,hyb2,3,5,"{""epochs"": 25, ""lr"": 0.0003665193300732933, ""weight_decay"": 0.005744396313648285, ""batch_size"": 256, ""dropout"": 0.5, ""static_h"": 128, ""rnn_h"": 32, ""cw_power"": 0.0}",46.58613445378151,0.16912910655336974,19.80959836112002,85.29411764705883
program,hyb2,3,6,"{""epochs"": 25, ""lr"": 0.0014055880120055805, ""weight_decay"": 0.028142606648322202, ""batch_size"": 64, ""dropout"": 0.3, ""static_h"": 64, ""rnn_h"": 32, ""cw_power"": 1.0}",28.886554621848738,0.2203856371750327,26.53023593561427,75.52521008403362
program,hyb2,3,7,"{""epochs"": 40, ""lr"": 0.00037149826047728427, ""weight_decay"": 0.054909484004835286, ""batch_size"": 128, ""dropout"": 0.5, ""static_h"": 256, ""rnn_h"": 64, ""cw_power"": 1.0}",26.418067226890756,0.21767469546951768,27.86382203491969,72.42647058823529
program,hyb3,3,0,"{""epochs"": 15, ""lr"": 0.001, ""weight_decay"": 0.01, ""batch_size"": 128, ""dropout"": 0.2, ""static_h"": 128, ""rnn_h"": 64, ""cw_power"": 1.0}",27.205882352941174,0.21689731453890904,26.38944497129107,71.37605042016807
program,hyb3,3,1,"{""epochs"": 25, ""lr"": 0.002633882967299394, ""weight_decay"": 0.003961719637979849, ""batch_size"": 128, ""dropout"": 0.1, ""static_h"": 256, ""rnn_h"": 32, ""cw_power"": 0.0}",37.97268907563025,0.2235216766590873,22.25933498173871,81.67016806722688
program,hyb3,3,2,"{""epochs"": 40, ""lr"": 0.001324971638532941, ""weight_decay"": 0.0031668371401091405, ""batch_size"": 64, ""dropout"": 0.3, ""static_h"": 256, ""rnn_h"": 64, ""cw_power"": 0.5}",33.92857142857143,0.21816878563394235,22.240951284200236,80.88235294117648
program,hyb3,3,3,"{""epochs"": 15, ""lr"": 0.0007065955887931349, ""weight_decay"": 0.0003979572117284801, ""batch_size"": 64, ""dropout"": 0.2, ""static_h"": 128, ""rnn_h"": 64, ""cw_power"": 0.0}",42.64705882352941,0.2138750929643722,21.45936004229878,84.08613445378151
program,hyb3,3,4,"{""epochs"": 40, ""lr"": 0.0017203986930475646, ""weight_decay"": 0.0009264592124710653, ""batch_size"": 256, ""dropout"": 0.2, ""static_h"": 256, ""rnn_h"": 32, ""cw_power"": 0.0}",39.285714285714285,0.22799807028308605,22.60757542618539,81.14495798319328
program,hyb3,3,5,"{""epochs"": 25, ""lr"": 0.0016638860317559354, ""weight_decay"": 0.002804379137037306, ""batch_size"": 64, ""dropout"": 0.1, ""static_h"": 128, ""rnn_h"": 32, ""cw_power"": 1.0}",28.62394957983193,0.22517733440877197,25.756850015324595,79.93697478991596
program,hyb3,3,6,"{""epochs"": 40, ""lr"": 0.0007926654285742563, ""weight_decay"": 0.0008017777646164833, ""batch_size"": 128, ""dropout"": 0.2, ""static_h"": 64, ""rnn_h"": 64, ""cw_power"": 1.0}",27.258403361344534,0.21445513621340992,26.20704052863835,75.57773109243698
program,hyb3,3,7,"{""epochs"": 40, ""lr"": 0.0011090198347880897, ""weight_decay"": 0.003302641288540692, ""batch_size"": 256, ""dropout"": 0.2, ""static_h"": 256, ""rnn_h"": 32, ""cw_power"": 0.5}",36.081932773109244,0.23611981309951555,23.78462711202034,82.6155462184874
program,hyb4,3,0,"{""epochs"": 15, ""lr"": 0.001, ""weight_decay"": 0.01, ""batch_size"": 128, ""dropout"": 0.2, ""static_h"": 128, ""rnn_h"": 64, ""cw_power"": 1.0}",29.20168067226891,0.23099612072830103,27.44150074955473,73.00420168067227
program,hyb4,3,1,"{""epochs"": 40, ""lr"": 0.0009970319952776966, ""weight_decay"": 0.000522555456690189, ""batch_size"": 128, ""dropout"": 0.2, ""static_h"": 128, ""rnn_h"": 64, ""cw_power"": 0.5}",35.294117647058826,0.2360560514169289,24.397110082146497,80.93487394957984
program,hyb4,3,2,"{""epochs"": 40, ""lr"": 0.0023775682144392654, ""weight_decay"": 0.0004286881673426183, ""batch_size"": 128, ""dropout"": 0.1, ""static_h"": 256, ""rnn_h"": 128, ""cw_power"": 0.0}",34.55882352941176,0.20742427177636644,20.485647305113744,80.09453781512606
program,hyb4,3,3,"{""epochs"": 15, ""lr"": 0.0014991512799657587, ""weight_decay"": 0.012845126807414651, ""batch_size"": 256, ""dropout"": 0.2, ""static_h"": 64, ""rnn_h"": 64, ""cw_power"": 0.0}",42.909663865546214,0.20674610921829772,21.09250744489224,84.92647058823529
program,hyb4,3,4,"{""epochs"": 15, ""lr"": 0.0022595338683919475, ""weight_decay"": 0.007476226813134224, ""batch_size"": 64, ""dropout"": 0.1, ""static_h"": 64, ""rnn_h"": 32, ""cw_power"": 0.5}",32.563025210084035,0.22690120008822912,24.16123304069866,78.67647058823529
program,hyb4,3,5,"{""epochs"": 40, ""lr"": 0.0003599234106240444, ""weight_decay"": 0.0034392489394260008, ""batch_size"": 64, ""dropout"": 0.5, ""static_h"": 128, ""rnn_h"": 64, ""cw_power"": 1.0}",27.468487394957986,0.21221606322164877,26.240277426340825,72.16386554621849
program,hyb4,3,6,"{""epochs"": 25, ""lr"": 0.001628461492961537, ""weight_decay"": 0.0029131907008188283, ""batch_size"": 128, ""dropout"": 0.1, ""static_h"": 64, ""rnn_h"": 128, ""cw_power"": 0.5}",35.661764705882355,0.2164531582450092,22.483437390945152,81.09243697478992
program,hyb4,3,7,"{""epochs"": 40, ""lr"": 0.002156707425438742, ""weight_decay"": 0.0007264603874537418, ""batch_size"": 64, ""dropout"": 0.2, ""static_h"": 128, ""rnn_h"": 64, ""cw_power"": 1.0}",28.676470588235293,0.2128381873202814,23.91235970963428,79.77941176470588
program,proposed,3,0,"{""epochs"": 15, ""lr"": 0.001, ""weight_decay"": 0.01, ""batch_size"": 128, ""dropout"": 0.2, ""static_h"": 128, ""rnn_h"": 64, ""cw_power"": 1.0}",28.62394957983193,0.2319791853166853,28.659074254754263,71.95378151260505
program,proposed,3,1,"{""epochs"": 40, ""lr"": 0.0021738451893552925, ""weight_decay"": 0.0004390812122161191, ""batch_size"": 256, ""dropout"": 0.5, ""static_h"": 256, ""rnn_h"": 64, ""cw_power"": 1.0}",27.993697478991596,0.22175036324622469,27.551490055218753,75.63025210084034
program,proposed,3,2,"{""epochs"": 25, ""lr"": 0.0014792288270714844, ""weight_decay"": 0.001349668528571211, ""batch_size"": 128, ""dropout"": 0.3, ""static_h"": 128, ""rnn_h"": 64, ""cw_power"": 0.5}",36.081932773109244,0.23323009213892357,24.592293119766893,81.14495798319328
program,proposed,3,3,"{""epochs"": 25, ""lr"": 0.0003916939550321835, ""weight_decay"": 0.02797664039428389, ""batch_size"": 64, ""dropout"": 0.3, ""static_h"": 256, ""rnn_h"": 128, ""cw_power"": 0.0}",41.01890756302521,0.20702633681698057,20.81313348481519,82.77310924369748
program,proposed,3,4,"{""epochs"": 25, ""lr"": 0.0021005751565456505, ""weight_decay"": 0.033999253069145, ""batch_size"": 128, ""dropout"": 0.5, ""static_h"": 64, ""rnn_h"": 128, ""cw_power"": 1.0}",24.002100840336134,0.19612915126227926,26.449413609053735,68.69747899159664
program,proposed,3,5,"{""epochs"": 40, ""lr"": 0.0023112347535621815, ""weight_decay"": 0.0010245806907628995, ""batch_size"": 256, ""dropout"": 0.2, ""static_h"": 256, ""rnn_h"": 64, ""cw_power"": 0.5}",35.294117647058826,0.21544141995306468,21.795160464251193,81.46008403361344
program,proposed,3,6,"{""epochs"": 25, ""lr"": 0.00043978612102040345, ""weight_decay"": 0.0005459340240775404, ""batch_size"": 128, ""dropout"": 0.1, ""static_h"": 128, ""rnn_h"": 32, ""cw_power"": 0.0}",40.7563025210084,0.21600019000229084,21.235662600012542,82.87815126050421
program,proposed,3,7,"{""epochs"": 25, ""lr"": 0.0005180533296666967, ""weight_decay"": 0.0005723222815995885, ""batch_size"": 64, ""dropout"": 0.1, ""static_h"": 128, ""rnn_h"": 64, ""cw_power"": 0.5}",36.39705882352941,0.23510216874463707,24.252698254176995,81.72268907563026
program,static_mlp,4,0,"{""epochs"": 15, ""lr"": 0.001, ""weight_decay"": 0.01, ""batch_size"": 128, ""dropout"": 0.2, ""static_h"": 128, ""rnn_h"": 64, ""cw_power"": 1.0}",23.319327731092436,0.19647277124841378,25.998382198838964,74.21218487394958
program,static_mlp,4,1,"{""epochs"": 40, ""lr"": 0.00034546168024043465, ""weight_decay"": 0.0004818597875693807, ""batch_size"": 128, ""dropout"": 0.1, ""static_h"": 256, ""rnn_h"": 64, ""cw_power"": 0.0}",42.174369747899156,0.19803307657571675,20.420119988839883,80.5672268907563
program,static_mlp,4,2,"{""epochs"": 15, ""lr"": 0.0016087281064882102, ""weight_decay"": 0.002198251215962206, ""batch_size"": 128, ""dropout"": 0.2, ""static_h"": 256, ""rnn_h"": 128, ""cw_power"": 0.0}",42.226890756302524,0.18604478946837322,19.650619371146295,83.24579831932773
program,static_mlp,4,3,"{""epochs"": 40, ""lr"": 0.0004542705201776713, ""weight_decay"": 0.0006677202150945266, ""batch_size"": 256, ""dropout"": 0.1, ""static_h"": 64, ""rnn_h"": 64, ""cw_power"": 0.0}",44.48529411764706,0.1811288641576991,19.887885557188532,85.03151260504201
program,static_mlp,4,4,"{""epochs"": 15, ""lr"": 0.0009891434326849103, ""weight_decay"": 0.09838133637545005, ""batch_size"": 256, ""dropout"": 0.3, ""static_h"": 64, ""rnn_h"": 128, ""cw_power"": 1.0}",22.689075630252102,0.1979984034796998,27.516616739277723,67.69957983193278
program,static_mlp,4,5,"{""epochs"": 40, ""lr"": 0.0005868366091991479, ""weight_decay"": 0.04504310869685016, ""batch_size"": 128, ""dropout"": 0.3, ""static_h"": 256, ""rnn_h"": 32, ""cw_power"": 0.5}",39.705882352941174,0.22560203773419973,22.58746088232907,82.51050420168067
program,static_mlp,4,6,"{""epochs"": 40, ""lr"": 0.0003226674053016557, ""weight_decay"": 0.0003553343948796714, ""batch_size"": 64, ""dropout"": 0.5, ""static_h"": 64, ""rnn_h"": 32, ""cw_power"": 0.0}",46.27100840336135,0.15999583198251813,19.213428609154473,85.97689075630252
program,static_mlp,4,7,"{""epochs"": 15, ""lr"": 0.001787293767179162, ""weight_decay"": 0.001647441914653608, ""batch_size"": 256, ""dropout"": 0.1, ""static_h"": 128, ""rnn_h"": 64, ""cw_power"": 0.0}",42.857142857142854,0.17726768858948008,19.098601730683402,84.34873949579831
program,lstm,4,0,"{""epochs"": 15, ""lr"": 0.001, ""weight_decay"": 0.01, ""batch_size"": 128, ""dropout"": 0.2, ""static_h"": 128, ""rnn_h"": 64, ""cw_power"": 1.0}",27.258403361344534,0.1808481947259084,26.456557109597618,62.81512605042017
program,lstm,4,1,"{""epochs"": 25, ""lr"": 0.0011215491723175909, ""weight_decay"": 0.00034631889643654406, ""batch_size"": 128, ""dropout"": 0.3, ""static_h"": 256, ""rnn_h"": 64, ""cw_power"": 0.5}",41.17647058823529,0.16552394419745384,18.501911344098744,80.51470588235294
program,lstm,4,2,"{""epochs"": 40, ""lr"": 0.0004123523694906664, ""weight_decay"": 0.005534862991265883, ""batch_size"": 128, ""dropout"": 0.3, ""static_h"": 64, ""rnn_h"": 128, ""cw_power"": 0.0}",44.4327731092437,0.12865735707220774,17.242160918544457,83.24579831932773
program,lstm,4,3,"{""epochs"": 15, ""lr"": 0.0009294217088885521, ""weight_decay"": 0.004875829064997154, ""batch_size"": 128, ""dropout"": 0.1, ""static_h"": 128, ""rnn_h"": 128, ""cw_power"": 0.0}",45.063025210084035,0.12086304548350014,17.193243353891845,82.87815126050421
program,lstm,4,4,"{""epochs"": 15, ""lr"": 0.0016148968837596187, ""weight_decay"": 0.0002974026483992762, ""batch_size"": 64, ""dropout"": 0.2, ""static_h"": 256, ""rnn_h"": 128, ""cw_power"": 1.0}",27.78361344537815,0.1777445201920056,25.41499635154037,63.55042016806722
program,lstm,4,5,"{""epochs"": 40, ""lr"": 0.00036702205031102726, ""weight_decay"": 0.00030151629581057096, ""batch_size"": 128, ""dropout"": 0.5, ""static_h"": 256, ""rnn_h"": 128, ""cw_power"": 1.0}",27.100840336134453,0.1768651415726501,26.37311962471825,63.65546218487395
program,lstm,4,6,"{""epochs"": 15, ""lr"": 0.0007150358548495587, ""weight_decay"": 0.0005374684714033851, ""batch_size"": 64, ""dropout"": 0.2, ""static_h"": 64, ""rnn_h"": 128, ""cw_power"": 1.0}",27.205882352941174,0.17842879444671364,26.096842495505797,63.39285714285714
program,lstm,4,7,"{""epochs"": 40, ""lr"": 0.001833192252105295, ""weight_decay"": 0.05459864797870593, ""batch_size"": 64, ""dropout"": 0.1, ""static_h"": 256, ""rnn_h"": 128, ""cw_power"": 1.0}",27.67857142857143,0.18400382360082737,25.094432603652667,61.8172268907563
program,hyb1,4,0,"{""epochs"": 15, ""lr"": 0.001, ""weight_decay"": 0.01, ""batch_size"": 128, ""dropout"": 0.2, ""static_h"": 128, ""rnn_h"": 64, ""cw_power"": 1.0}",26.57563025210084,0.2191371280979709,29.556067805953706,77.62605042016807
program,hyb1,4,1,"{""epochs"": 25, ""lr"": 0.00098289902849372, ""weight_decay"": 0.00015428782088197266, ""batch_size"": 64, ""dropout"": 0.1, ""static_h"": 256, ""rnn_h"": 32, ""cw_power"": 1.0}",30.304621848739494,0.21644651086141856,24.10769895422339,81.25
program,hyb1,4,2,"{""epochs"": 40, ""lr"": 0.001690378379727125, ""weight_decay"": 0.03588757032566107, ""batch_size"": 64, ""dropout"": 0.2, ""static_h"": 256, ""rnn_h"": 64, ""cw_power"": 0.5}",36.344537815126046,0.2293158229416763,23.407148836126026,81.35504201680672
program,hyb1,4,3,"{""epochs"": 15, ""lr"": 0.0011893518825183455, ""weight_decay"": 0.02353858547798756, ""batch_size"": 128, ""dropout"": 0.3, ""static_h"": 256, ""rnn_h"": 32, ""cw_power"": 0.0}",43.90756302521008,0.18332629773463968,19.842197038384747,84.45378151260505
program,hyb1,4,4,"{""epochs"": 40, ""lr"": 0.001623909654843196, ""weight_decay"": 0.016647510833908006, ""batch_size"": 128, ""dropout"": 0.1, ""static_h"": 64, ""rnn_h"": 32, ""cw_power"": 1.0}",31.61764705882353,0.23752226075299485,27.49792664809398,79.35924369747899
program,hyb1,4,5,"{""epochs"": 40, ""lr"": 0.0007091949136923793, ""weight_decay"": 0.00032182893019688726, ""batch_size"": 256, ""dropout"": 0.1, ""static_h"": 128, ""rnn_h"": 128, ""cw_power"": 0.5}",36.292016806722685,0.23675203482062104,24.522149972863552,81.67016806722688
program,hyb1,4,6,"{""epochs"": 25, ""lr"": 0.0019242946823295982, ""weight_decay"": 0.001040325028578077, ""batch_size"": 64, ""dropout"": 0.5, ""static_h"": 256, ""rnn_h"": 32, ""cw_power"": 0.0}",44.4327731092437,0.1815732895170372,19.695369377620477,85.24159663865547
program,hyb1,4,7,"{""epochs"": 15, ""lr"": 0.000493056748499238, ""weight_decay"": 0.0010748528500844296, ""batch_size"": 64, ""dropout"": 0.3, ""static_h"": 128, ""rnn_h"": 32, ""cw_power"": 0.0}",45.063025210084035,0.17539856367914997,19.514091936338332,86.02941176470588
program,hyb2,4,0,"{""epochs"": 15, ""lr"": 0.001, ""weight_decay"": 0.01, ""batch_size"": 128, ""dropout"": 0.2, ""static_h"": 128, ""rnn_h"": 64, ""cw_power"": 1.0}",29.6218487394958,0.24053694592119204,30.11671749191031,78.41386554621849
program,hyb2,4,1,"{""epochs"": 25, ""lr"": 0.0015844552227951116, ""weight_decay"": 0.005186913647884492, ""batch_size"": 256, ""dropout"": 0.3, ""static_h"": 128, ""rnn_h"": 64, ""cw_power"": 0.0}",43.48739495798319,0.22082680842057642,22.20994472654486,83.56092436974791
program,hyb2,4,2,"{""epochs"": 40, ""lr"": 0.0023819334274946345, ""weight_decay"": 0.04950139402358592, ""batch_size"": 256, ""dropout"": 0.5, ""static_h"": 256, ""rnn_h"": 32, ""cw_power"": 0.5}",36.502100840336134,0.24976469791731856,26.78512117532541,80.72478991596638
program,hyb2,4,3,"{""epochs"": 25, ""lr"": 0.0008425028586497179, ""weight_decay"": 0.0035592172590575588, ""batch_size"": 256, ""dropout"": 0.2, ""static_h"": 128, ""rnn_h"": 128, ""cw_power"": 1.0}",30.72478991596639,0.23466172697265683,28.167344631284326,79.8844537815126
program,hyb2,4,4,"{""epochs"": 15, ""lr"": 0.002492794652409897, ""weight_decay"": 0.03822358278975509, ""batch_size"": 128, ""dropout"": 0.1, ""static_h"": 256, ""rnn_h"": 32, ""cw_power"": 1.0}",30.462184873949578,0.22751557220853047,26.67147069820639,79.93697478991596
program,hyb2,4,5,"{""epochs"": 25, ""lr"": 0.0005228055213906132, ""weight_decay"": 0.00014441025482348293, ""batch_size"": 256, ""dropout"": 0.5, ""static_h"": 64, ""rnn_h"": 32, ""cw_power"": 0.5}",40.7563025210084,0.24424790897674473,25.18361062438646,82.77310924369748
program,hyb2,4,6,"{""epochs"": 25, ""lr"": 0.0004449385390058283, ""weight_decay"": 0.0017245696478626605, ""batch_size"": 128, ""dropout"": 0.3, ""static_h"": 256, ""rnn_h"": 128, ""cw_power"": 1.0}",32.30042016806723,0.2426259635983944,28.602040537749446,79.72689075630252
program,hyb2,4,7,"{""epochs"": 25, ""lr"": 0.0023014008555920827, ""weight_decay"": 0.001722207476263025, ""batch_size"": 128, ""dropout"": 0.1, ""static_h"": 64, ""rnn_h"": 128, ""cw_power"": 0.5}",36.134453781512605,0.24015259081684948,24.900515095018264,80.5672268907563
program,hyb3,4,0,"{""epochs"": 15, ""lr"": 0.001, ""weight_decay"": 0.01, ""batch_size"": 128, ""dropout"": 0.2, ""static_h"": 128, ""rnn_h"": 64, ""cw_power"": 1.0}",27.04831932773109,0.21585569609201524,28.284402852995406,78.25630252100841
program,hyb3,4,1,"{""epochs"": 40, ""lr"": 0.000870304356913469, ""weight_decay"": 0.0005302490495490952, ""batch_size"": 64, ""dropout"": 0.2, ""static_h"": 64, ""rnn_h"": 64, ""cw_power"": 0.5}",38.07773109243697,0.2544807844487878,26.607214084937446,81.35504201680672
program,hyb3,4,2,"{""epochs"": 25, ""lr"": 0.0003640204944613279, ""weight_decay"": 0.007044826567297138, ""batch_size"": 128, ""dropout"": 0.5, ""static_h"": 128, ""rnn_h"": 32, ""cw_power"": 0.0}",45.74579831932773,0.1678220061658511,19.302773342034154,85.92436974789915
program,hyb3,4,3,"{""epochs"": 40, ""lr"": 0.0009549101657473422, ""weight_decay"": 0.0696957570486838, ""batch_size"": 64, ""dropout"": 0.3, ""static_h"": 64, ""rnn_h"": 32, ""cw_power"": 0.5}",36.659663865546214,0.2452138690918477,26.06308863125318,80.67226890756302
program,hyb3,4,4,"{""epochs"": 25, ""lr"": 0.0011430569092372028, ""weight_decay"": 0.007728557113589227, ""batch_size"": 128, ""dropout"": 0.1, ""static_h"": 128, ""rnn_h"": 32, ""cw_power"": 1.0}",33.66596638655462,0.24474365098587625,27.004746777865762,80.51470588235294
program,hyb3,4,5,"{""epochs"": 25, ""lr"": 0.0004092016645326534, ""weight_decay"": 0.056552041452904024, ""batch_size"": 128, ""dropout"": 0.2, ""static_h"": 64, ""rnn_h"": 64, ""cw_power"": 0.5}",42.64705882352941,0.2613636917831168,26.710918375679505,82.6155462184874
program,hyb3,4,6,"{""epochs"": 25, ""lr"": 0.0005229721475649745, ""weight_decay"": 0.0070819823291478345, ""batch_size"": 64, ""dropout"": 0.2, ""static_h"": 64, ""rnn_h"": 64, ""cw_power"": 0.0}",44.747899159663866,0.19913034370666127,20.811517542988742,85.13655462184873
program,hyb3,4,7,"{""epochs"": 40, ""lr"": 0.0003392350303238783, ""weight_decay"": 0.03208962644281235, ""batch_size"": 64, ""dropout"": 0.2, ""static_h"": 64, ""rnn_h"": 64, ""cw_power"": 1.0}",27.04831932773109,0.2271532204030832,29.240156350701536,75.05252100840336
program,hyb4,4,0,"{""epochs"": 15, ""lr"": 0.001, ""weight_decay"": 0.01, ""batch_size"": 128, ""dropout"": 0.2, ""static_h"": 128, ""rnn_h"": 64, ""cw_power"": 1.0}",29.35924369747899,0.23917517453150108,30.27537774692362,77.88865546218487
program,hyb4,4,1,"{""epochs"": 25, ""lr"": 0.0006011076153676068, ""weight_decay"": 0.0002722272506821156, ""batch_size"": 256, ""dropout"": 0.2, ""static_h"": 64, ""rnn_h"": 32, ""cw_power"": 0.0}",45.483193277310924,0.17012087644294868,19.313711005267294,85.97689075630252
program,hyb4,4,2,"{""epochs"": 25, ""lr"": 0.0017378048888254322, ""weight_decay"": 0.00018019273179844413, ""batch_size"": 64, ""dropout"": 0.5, ""static_h"": 128, ""rnn_h"": 64, ""cw_power"": 0.5}",38.60294117647059,0.21937699173255443,25.11735492339383,82.09033613445378
program,hyb4,4,3,"{""epochs"": 40, ""lr"": 0.0016765688105409126, ""weight_decay"": 0.005859751576606345, ""batch_size"": 64, ""dropout"": 0.3, ""static_h"": 256, ""rnn_h"": 64, ""cw_power"": 0.5}",36.186974789915965,0.22989328512600649,23.510612315194308,82.14285714285714
program,hyb4,4,4,"{""epochs"": 25, ""lr"": 0.00041213529137190685, ""weight_decay"": 0.00013749319881807686, ""batch_size"": 128, ""dropout"": 0.2, ""static_h"": 256, ""rnn_h"": 128, ""cw_power"": 0.5}",39.705882352941174,0.24557725032716715,24.782401834240574,82.1953781512605
program,hyb4,4,5,"{""epochs"": 25, ""lr"": 0.0010201499700678474, ""weight_decay"": 0.0013643526981264222, ""batch_size"": 128, ""dropout"": 0.1, ""static_h"": 64, ""rnn_h"": 128, ""cw_power"": 0.5}",36.8172268907563,0.22935671353856638,23.602695882362042,82.98319327731093
program,hyb4,4,6,"{""epochs"": 25, ""lr"": 0.002392934949016195, ""weight_decay"": 0.039409194789359475, ""batch_size"": 256, ""dropout"": 0.2, ""static_h"": 64, ""rnn_h"": 128, ""cw_power"": 1.0}",30.357142857142854,0.22374233358097229,26.64304344770188,78.30882352941177
program,hyb4,4,7,"{""epochs"": 40, ""lr"": 0.00035292673499929503, ""weight_decay"": 0.013451926565152691, ""batch_size"": 128, ""dropout"": 0.3, ""static_h"": 128, ""rnn_h"": 64, ""cw_power"": 0.0}",43.59243697478992,0.20874884565354365,21.257257308892626,85.29411764705883
program,proposed,4,0,"{""epochs"": 15, ""lr"": 0.001, ""weight_decay"": 0.01, ""batch_size"": 128, ""dropout"": 0.2, ""static_h"": 128, ""rnn_h"": 64, ""cw_power"": 1.0}",28.04621848739496,0.23365262091229674,30.63645540390934,77.94117647058823
program,proposed,4,1,"{""epochs"": 25, ""lr"": 0.0011054055729755945, ""weight_decay"": 0.00019679916931561697, ""batch_size"": 64, ""dropout"": 0.3, ""static_h"": 128, ""rnn_h"": 64, ""cw_power"": 0.0}",42.962184873949575,0.20799508974537848,21.07388877424613,82.56302521008404
program,proposed,4,2,"{""epochs"": 40, ""lr"": 0.0013372595265102854, ""weight_decay"": 0.007061373769372928, ""batch_size"": 128, ""dropout"": 0.5, ""static_h"": 256, ""rnn_h"": 128, ""cw_power"": 0.5}",36.292016806722685,0.25391153326434496,27.02484846338045,81.25
program,proposed,4,3,"{""epochs"": 25, ""lr"": 0.0004587848787952761, ""weight_decay"": 0.0015101938669131118, ""batch_size"": 128, ""dropout"": 0.2, ""static_h"": 256, ""rnn_h"": 64, ""cw_power"": 1.0}",32.457983193277315,0.2378198600432527,26.860230915059574,81.09243697478992
program,proposed,4,4,"{""epochs"": 40, ""lr"": 0.002152869294721114, ""weight_decay"": 0.00794023784758595, ""batch_size"": 128, ""dropout"": 0.5, ""static_h"": 64, ""rnn_h"": 32, ""cw_power"": 1.0}",26.838235294117645,0.2267347603195519,31.818502815514975,73.47689075630252
program,proposed,4,5,"{""epochs"": 40, ""lr"": 0.0006954981320745962, ""weight_decay"": 0.08001204016890262, ""batch_size"": 256, ""dropout"": 0.2, ""static_h"": 256, ""rnn_h"": 64, ""cw_power"": 1.0}",31.14495798319328,0.2268619658057309,24.957462649855223,80.0420168067227
program,proposed,4,6,"{""epochs"": 15, ""lr"": 0.001457744718859082, ""weight_decay"": 0.005956634936694573, ""batch_size"": 256, ""dropout"": 0.2, ""static_h"": 128, ""rnn_h"": 128, ""cw_power"": 0.0}",43.64495798319328,0.20049526934416215,20.790196914083438,84.55882352941177
program,proposed,4,7,"{""epochs"": 40, ""lr"": 0.0004158661266995062, ""weight_decay"": 0.00013102617960672868, ""batch_size"": 256, ""dropout"": 0.1, ""static_h"": 128, ""rnn_h"": 64, ""cw_power"": 0.0}",41.12394957983193,0.21641411369654073,21.723719700747875,82.51050420168067
program,static_mlp,5,0,"{""epochs"": 15, ""lr"": 0.001, ""weight_decay"": 0.01, ""batch_size"": 128, ""dropout"": 0.2, ""static_h"": 128, ""rnn_h"": 64, ""cw_power"": 1.0}",27.836134453781515,0.23691247143417005,29.519271095458404,75.78781512605042
program,static_mlp,5,1,"{""epochs"": 40, ""lr"": 0.0006008671098850601, ""weight_decay"": 0.002956864277389644, ""batch_size"": 256, ""dropout"": 0.2, ""static_h"": 64, ""rnn_h"": 32, ""cw_power"": 1.0}",23.10924369747899,0.20448435637708837,27.88018927347154,74.42226890756302
program,static_mlp,5,2,"{""epochs"": 25, ""lr"": 0.0006830813417560385, ""weight_decay"": 0.001164649400834583, ""batch_size"": 64, ""dropout"": 0.2, ""static_h"": 256, ""rnn_h"": 128, ""cw_power"": 1.0}",28.728991596638654,0.21399455162685876,23.433465246961457,79.56932773109243
program,static_mlp,5,3,"{""epochs"": 25, ""lr"": 0.0010942432413650982, ""weight_decay"": 0.00044847225359103364, ""batch_size"": 64, ""dropout"": 0.5, ""static_h"": 128, ""rnn_h"": 128, ""cw_power"": 0.5}",40.4936974789916,0.2291087334476608,22.66426228555709,83.35084033613445
program,static_mlp,5,4,"{""epochs"": 25, ""lr"": 0.0003734377465727659, ""weight_decay"": 0.04502371810502506, ""batch_size"": 64, ""dropout"": 0.5, ""static_h"": 128, ""rnn_h"": 128, ""cw_power"": 0.0}",46.58613445378151,0.16275549054296148,19.350959362863453,85.24159663865547
program,static_mlp,5,5,"{""epochs"": 15, ""lr"": 0.00035340729478301384, ""weight_decay"": 0.0008514375843500655, ""batch_size"": 128, ""dropout"": 0.3, ""static_h"": 128, ""rnn_h"": 128, ""cw_power"": 1.0}",25.262605042016805,0.21974445269655637,29.010631307824326,71.90126050420169
program,static_mlp,5,6,"{""epochs"": 25, ""lr"": 0.001507368521538192, ""weight_decay"": 0.0014588961681114762, ""batch_size"": 64, ""dropout"": 0.5, ""static_h"": 256, ""rnn_h"": 32, ""cw_power"": 0.0}",46.32352941176471,0.18394242728599142,20.217973496305934,83.98109243697479
program,static_mlp,5,7,"{""epochs"": 40, ""lr"": 0.00034118965527348634, ""weight_decay"": 0.00023578521164118173, ""batch_size"": 128, ""dropout"": 0.3, ""static_h"": 128, ""rnn_h"": 64, ""cw_power"": 0.0}",44.747899159663866,0.1619392717019866,18.732950494415267,84.55882352941177
program,lstm,5,0,"{""epochs"": 15, ""lr"": 0.001, ""weight_decay"": 0.01, ""batch_size"": 128, ""dropout"": 0.2, ""static_h"": 128, ""rnn_h"": 64, ""cw_power"": 1.0}",30.304621848739494,0.19036380888689555,24.81379399216596,64.23319327731093
program,lstm,5,1,"{""epochs"": 40, ""lr"": 0.0021099342094086414, ""weight_decay"": 0.006528612653044464, ""batch_size"": 128, ""dropout"": 0.2, ""static_h"": 128, ""rnn_h"": 64, ""cw_power"": 0.5}",42.489495798319325,0.1969315012295165,21.181201709006256,79.46428571428571
program,lstm,5,2,"{""epochs"": 15, ""lr"": 0.00032514275315393646, ""weight_decay"": 0.000225011640838008, ""batch_size"": 256, ""dropout"": 0.5, ""static_h"": 128, ""rnn_h"": 128, ""cw_power"": 1.0}",30.304621848739494,0.1875145108675426,24.23577964639485,60.871848739495796
program,lstm,5,3,"{""epochs"": 40, ""lr"": 0.0017296825992394779, ""weight_decay"": 0.00014972259880780093, ""batch_size"": 64, ""dropout"": 0.2, ""static_h"": 128, ""rnn_h"": 64, ""cw_power"": 0.0}",44.642857142857146,0.1321319352539231,17.698442468077126,82.56302521008404
program,lstm,5,4,"{""epochs"": 40, ""lr"": 0.0009548412722165004, ""weight_decay"": 0.008110000408454866, ""batch_size"": 64, ""dropout"": 0.2, ""static_h"": 128, ""rnn_h"": 32, ""cw_power"": 1.0}",29.20168067226891,0.19455468223260142,25.161464324031485,63.4453781512605
program,lstm,5,5,"{""epochs"": 40, ""lr"": 0.002272041305437297, ""weight_decay"": 0.03721320873433934, ""batch_size"": 64, ""dropout"": 0.2, ""static_h"": 256, ""rnn_h"": 64, ""cw_power"": 0.0}",44.905462184873954,0.13481010296616913,17.893440125240335,82.51050420168067
program,lstm,5,6,"{""epochs"": 40, ""lr"": 0.00035705988412825976, ""weight_decay"": 0.0002952613083459054, ""batch_size"": 256, ""dropout"": 0.2, ""static_h"": 128, ""rnn_h"": 128, ""cw_power"": 0.5}",42.069327731092436,0.18843415188528237,20.344521669092273,80.9873949579832
program,lstm,5,7,"{""epochs"": 15, ""lr"": 0.0007022767440718029, ""weight_decay"": 0.0016514892157371015, ""batch_size"": 128, ""dropout"": 0.5, ""static_h"": 256, ""rnn_h"": 128, ""cw_power"": 1.0}",30.77731092436975,0.19141394929831332,25.324626000117767,64.44327731092437
program,hyb1,5,0,"{""epochs"": 15, ""lr"": 0.001, ""weight_decay"": 0.01, ""batch_size"": 128, ""dropout"": 0.2, ""static_h"": 128, ""rnn_h"": 64, ""cw_power"": 1.0}",30.462184873949578,0.25458757526640885,31.391874097805662,78.15126050420169
program,hyb1,5,1,"{""epochs"": 40, ""lr"": 0.0008141181309899033, ""weight_decay"": 0.002963321731820455, ""batch_size"": 256, ""dropout"": 0.3, ""static_h"": 256, ""rnn_h"": 128, ""cw_power"": 0.5}",38.918067226890756,0.26338386654592805,27.265241517637495,83.45588235294117
program,hyb1,5,2,"{""epochs"": 15, ""lr"": 0.0014480445118202174, ""weight_decay"": 0.001686638011380009, ""batch_size"": 256, ""dropout"": 0.5, ""static_h"": 64, ""rnn_h"": 64, ""cw_power"": 0.0}",46.53361344537815,0.1747283472604598,19.90532745597651,85.03151260504201
program,hyb1,5,3,"{""epochs"": 25, ""lr"": 0.0016392561088421455, ""weight_decay"": 0.015585169607945674, ""batch_size"": 128, ""dropout"": 0.1, ""static_h"": 64, ""rnn_h"": 128, ""cw_power"": 0.0}",42.436974789915965,0.22689053705695947,22.630756161139924,82.35294117647058
program,hyb1,5,4,"{""epochs"": 15, ""lr"": 0.0010586728941170212, ""weight_decay"": 0.0058075298319813584, ""batch_size"": 128, ""dropout"": 0.2, ""static_h"": 128, ""rnn_h"": 64, ""cw_power"": 0.0}",44.957983193277315,0.21319295806313673,21.83126753024647,85.24159663865547
program,hyb1,5,5,"{""epochs"": 15, ""lr"": 0.00038364813592218756, ""weight_decay"": 0.0015457091751321379, ""batch_size"": 128, ""dropout"": 0.1, ""static_h"": 64, ""rnn_h"": 32, ""cw_power"": 0.5}",41.07142857142857,0.2560435210979506,25.90975401768186,83.71848739495799
program,hyb1,5,6,"{""epochs"": 40, ""lr"": 0.002346910499792433, ""weight_decay"": 0.0013126447401470272, ""batch_size"": 64, ""dropout"": 0.5, ""static_h"": 128, ""rnn_h"": 128, ""cw_power"": 1.0}",26.6281512605042,0.21552411446387665,28.811840516421743,74.36974789915966
program,hyb1,5,7,"{""epochs"": 25, ""lr"": 0.002726314230054576, ""weight_decay"": 0.0017523149811902378, ""batch_size"": 256, ""dropout"": 0.3, ""static_h"": 128, ""rnn_h"": 64, ""cw_power"": 0.0}",42.331932773109244,0.24105942901993796,24.093303512029774,84.24369747899159
program,hyb2,5,0,"{""epochs"": 15, ""lr"": 0.001, ""weight_decay"": 0.01, ""batch_size"": 128, ""dropout"": 0.2, ""static_h"": 128, ""rnn_h"": 64, ""cw_power"": 1.0}",32.037815126050425,0.25799059148503667,30.61563043264876,76.99579831932773
program,hyb2,5,1,"{""epochs"": 40, ""lr"": 0.001352073007679542, ""weight_decay"": 0.003156251825074691, ""batch_size"": 256, ""dropout"": 0.1, ""static_h"": 256, ""rnn_h"": 64, ""cw_power"": 0.5}",37.55252100840336,0.23056024897005176,23.261931920444546,82.51050420168067
program,hyb2,5,2,"{""epochs"": 40, ""lr"": 0.0009334795269687763, ""weight_decay"": 0.00011054180314908066, ""batch_size"": 256, ""dropout"": 0.2, ""static_h"": 128, ""rnn_h"": 32, ""cw_power"": 0.5}",40.23109243697479,0.2677348664221499,27.64521857851013,82.77310924369748
program,hyb2,5,3,"{""epochs"": 25, ""lr"": 0.0018415925982616648, ""weight_decay"": 0.0025725285306706157, ""batch_size"": 128, ""dropout"": 0.2, ""static_h"": 64, ""rnn_h"": 32, ""cw_power"": 0.5}",37.71008403361344,0.25900258353414585,27.319728361850686,82.30042016806722
program,hyb2,5,4,"{""epochs"": 40, ""lr"": 0.002717574819079581, ""weight_decay"": 0.03406074428588829, ""batch_size"": 256, ""dropout"": 0.5, ""static_h"": 128, ""rnn_h"": 64, ""cw_power"": 0.5}",39.180672268907564,0.27216076153521257,28.676515181908442,82.77310924369748
program,hyb2,5,5,"{""epochs"": 25, ""lr"": 0.0006334057961332984, ""weight_decay"": 0.00636944880562702, ""batch_size"": 256, ""dropout"": 0.5, ""static_h"": 128, ""rnn_h"": 32, ""cw_power"": 0.5}",40.54621848739496,0.2604811981647431,27.450118121109607,82.77310924369748
program,hyb2,5,6,"{""epochs"": 25, ""lr"": 0.0003215694415069355, ""weight_decay"": 0.00015938962907478994, ""batch_size"": 128, ""dropout"": 0.3, ""static_h"": 64, ""rnn_h"": 128, ""cw_power"": 0.5}",41.596638655462186,0.2599619815575894,26.10810976358647,83.03571428571429
program,hyb2,5,7,"{""epochs"": 15, ""lr"": 0.000686264688914353, ""weight_decay"": 0.013118702618962856, ""batch_size"": 64, ""dropout"": 0.3, ""static_h"": 64, ""rnn_h"": 32, ""cw_power"": 1.0}",28.939075630252102,0.23356274744563457,29.34776157545015,75.9453781512605
program,hyb3,5,0,"{""epochs"": 15, ""lr"": 0.001, ""weight_decay"": 0.01, ""batch_size"": 128, ""dropout"": 0.2, ""static_h"": 128, ""rnn_h"": 64, ""cw_power"": 1.0}",31.512605042016805,0.2555669252460996,30.5273502467198,77.78361344537815
program,hyb3,5,1,"{""epochs"": 25, ""lr"": 0.0003260741058898288, ""weight_decay"": 0.00018826854876399375, ""batch_size"": 128, ""dropout"": 0.1, ""static_h"": 64, ""rnn_h"": 64, ""cw_power"": 0.0}",44.957983193277315,0.20616693487079787,21.284606313721728,85.24159663865547
program,hyb3,5,2,"{""epochs"": 15, ""lr"": 0.0016106257453829455, ""weight_decay"": 0.00010741345814317505, ""batch_size"": 256, ""dropout"": 0.3, ""static_h"": 64, ""rnn_h"": 32, ""cw_power"": 0.5}",41.596638655462186,0.2644709691191316,27.11398028425561,82.77310924369748
program,hyb3,5,3,"{""epochs"": 15, ""lr"": 0.000626354362720812, ""weight_decay"": 0.08544912325117482, ""batch_size"": 128, ""dropout"": 0.2, ""static_h"": 128, ""rnn_h"": 64, ""cw_power"": 0.5}",41.544117647058826,0.27371094098307075,27.474452833153016,82.93067226890757
program,hyb3,5,4,"{""epochs"": 25, ""lr"": 0.00033978708376611403, ""weight_decay"": 0.0033690791038046277, ""batch_size"": 128, ""dropout"": 0.5, ""static_h"": 128, ""rnn_h"": 128, ""cw_power"": 0.0}",46.58613445378151,0.17902118196800254,20.266495996329905,85.71428571428571
program,hyb3,5,5,"{""epochs"": 25, ""lr"": 0.0030121909436241585, ""weight_decay"": 0.02477156004398859, ""batch_size"": 128, ""dropout"": 0.5, ""static_h"": 64, ""rnn_h"": 64, ""cw_power"": 1.0}",28.46638655462185,0.242131417382306,31.14514867212954,76.83823529411765
program,hyb3,5,6,"{""epochs"": 15, ""lr"": 0.0008146631150172094, ""weight_decay"": 0.0008324356336281861, ""batch_size"": 128, ""dropout"": 0.3, ""static_h"": 256, ""rnn_h"": 64, ""cw_power"": 0.5}",42.226890756302524,0.27295735512650104,27.3518665650425,82.87815126050421
program,hyb3,5,7,"{""epochs"": 25, ""lr"": 0.0026168177327416005, ""weight_decay"": 0.0027371508064938915, ""batch_size"": 64, ""dropout"": 0.1, ""static_h"": 256, ""rnn_h"": 64, ""cw_power"": 0.5}",36.39705882352941,0.2275325051598371,22.878779321201044,82.51050420168067
program,hyb4,5,0,"{""epochs"": 15, ""lr"": 0.001, ""weight_decay"": 0.01, ""batch_size"": 128, ""dropout"": 0.2, ""static_h"": 128, ""rnn_h"": 64, ""cw_power"": 1.0}",31.77521008403361,0.26016425098393,30.84584907099674,79.62184873949579
program,hyb4,5,1,"{""epochs"": 40, ""lr"": 0.0004234012137834525, ""weight_decay"": 0.004953809209023514, ""batch_size"": 128, ""dropout"": 0.5, ""static_h"": 256, ""rnn_h"": 32, ""cw_power"": 1.0}",27.836134453781515,0.23238533501191805,30.12094361882967,75.05252100840336
program,hyb4,5,2,"{""epochs"": 40, ""lr"": 0.0003733812945516899, ""weight_decay"": 0.0011673755256493314, ""batch_size"": 128, ""dropout"": 0.1, ""static_h"": 256, ""rnn_h"": 32, ""cw_power"": 0.0}",40.59873949579832,0.2104964130248841,21.224680899585948,79.51680672268907
program,hyb4,5,3,"{""epochs"": 15, ""lr"": 0.0007589461283183744, ""weight_decay"": 0.0014492034364921226, ""batch_size"": 256, ""dropout"": 0.5, ""static_h"": 256, ""rnn_h"": 64, ""cw_power"": 0.5}",41.596638655462186,0.2664931468502409,27.153724941333635,84.08613445378151
program,hyb4,5,4,"{""epochs"": 25, ""lr"": 0.0011615571378553074, ""weight_decay"": 0.0010368360675672695, ""batch_size"": 128, ""dropout"": 0.5, ""static_h"": 256, ""rnn_h"": 128, ""cw_power"": 0.0}",45.220588235294116,0.17189374012482303,19.636229909460592,84.82142857142857
program,hyb4,5,5,"{""epochs"": 15, ""lr"": 0.0007161367820430366, ""weight_decay"": 0.00033439043014702466, ""batch_size"": 128, ""dropout"": 0.2, ""static_h"": 128, ""rnn_h"": 128, ""cw_power"": 1.0}",28.991596638655466,0.24411181659275064,30.18687567259596,76.78571428571429
program,hyb4,5,6,"{""epochs"": 40, ""lr"": 0.0011868578162522688, ""weight_decay"": 0.002526250612463551, ""batch_size"": 64, ""dropout"": 0.5, ""static_h"": 256, ""rnn_h"": 128, ""cw_power"": 0.5}",36.86974789915966,0.23469153254330014,25.067914297518413,82.4579831932773
program,hyb4,5,7,"{""epochs"": 25, ""lr"": 0.0026460947249285684, ""weight_decay"": 0.02863324161483029, ""batch_size"": 256, ""dropout"": 0.5, ""static_h"": 256, ""rnn_h"": 128, ""cw_power"": 1.0}",29.464285714285715,0.2414345892204426,29.5075354206229,77.20588235294117
program,proposed,5,0,"{""epochs"": 15, ""lr"": 0.001, ""weight_decay"": 0.01, ""batch_size"": 128, ""dropout"": 0.2, ""static_h"": 128, ""rnn_h"": 64, ""cw_power"": 1.0}",31.56512605042017,0.25011564239044703,29.862538939651106,78.57142857142857
program,proposed,5,1,"{""epochs"": 15, ""lr"": 0.0018440016191204245, ""weight_decay"": 0.005511241077094505, ""batch_size"": 128, ""dropout"": 0.1, ""static_h"": 128, ""rnn_h"": 128, ""cw_power"": 0.0}",43.64495798319328,0.23811312189835845,23.511663151107488,85.50420168067227
program,proposed,5,2,"{""epochs"": 25, ""lr"": 0.00047640975087784657, ""weight_decay"": 0.04054875893507666, ""batch_size"": 128, ""dropout"": 0.1, ""static_h"": 256, ""rnn_h"": 64, ""cw_power"": 0.5}",37.86764705882353,0.23815935787401654,23.79156420715939,82.56302521008404
program,proposed,5,3,"{""epochs"": 25, ""lr"": 0.00200412660668394, ""weight_decay"": 0.0028031104620735462, ""batch_size"": 256, ""dropout"": 0.1, ""static_h"": 256, ""rnn_h"": 128, ""cw_power"": 0.5}",35.39915966386555,0.2554038204407583,25.843555281325532,83.50840336134453
program,proposed,5,4,"{""epochs"": 25, ""lr"": 0.002357267559223459, ""weight_decay"": 0.004364726165047617, ""batch_size"": 256, ""dropout"": 0.3, ""static_h"": 128, ""rnn_h"": 128, ""cw_power"": 1.0}",29.569327731092436,0.24173526921833036,29.604288980037847,80.61974789915966
program,proposed,5,5,"{""epochs"": 40, ""lr"": 0.0030057004721149457, ""weight_decay"": 0.0030818536605724403, ""batch_size"": 256, ""dropout"": 0.1, ""static_h"": 128, ""rnn_h"": 32, ""cw_power"": 1.0}",34.66386554621849,0.24822488013210417,27.175012153564364,82.98319327731093
program,proposed,5,6,"{""epochs"": 15, ""lr"": 0.00036702866454574063, ""weight_decay"": 0.09608199795340458, ""batch_size"": 128, ""dropout"": 0.1, ""static_h"": 128, ""rnn_h"": 64, ""cw_power"": 0.5}",40.02100840336135,0.2613210922308679,26.747954579962684,84.03361344537815
program,proposed,5,7,"{""epochs"": 15, ""lr"": 0.0027429427458555184, ""weight_decay"": 0.0002586513228794047, ""batch_size"": 128, ""dropout"": 0.2, ""static_h"": 128, ""rnn_h"": 64, ""cw_power"": 0.0}",44.32773109243697,0.20494226690521103,21.28292458785699,84.13865546218487
program,logreg,1,0,"{""C"": 1.0, ""cw_power"": 1.0}",28.991596638655466,0.2309996893179005,27.959712216129333,71.53361344537815
program,logreg,1,1,"{""C"": 0.0029652225978662474, ""cw_power"": 0.5}",44.80042016806723,0.23147150324480634,23.317740487301606,83.61344537815127
program,logreg,1,2,"{""C"": 3.705718579526373, ""cw_power"": 0.5}",39.810924369747895,0.2432143379472684,24.395815883968353,82.40546218487394
program,logreg,1,3,"{""C"": 0.0012848959331447827, ""cw_power"": 0.5}",45.535714285714285,0.20069992228182632,21.61270996049705,84.34873949579831
program,logreg,1,4,"{""C"": 0.010007903524306775, ""cw_power"": 0.5}",43.53991596638656,0.24380651822837915,24.247685193598247,83.14075630252101
program,logreg,1,5,"{""C"": 0.06496343130666273, ""cw_power"": 0.0}",46.69117647058824,0.19983286645883894,21.19562628691927,85.03151260504201
program,logreg,1,6,"{""C"": 0.00341764481821539, ""cw_power"": 0.0}",46.69117647058824,0.15909249898959302,19.09846563586431,84.76890756302521
program,logreg,1,7,"{""C"": 1.6804936839787366, ""cw_power"": 1.0}",29.20168067226891,0.23225787035220877,27.954154890196175,71.58613445378151
program,logreg,2,0,"{""C"": 1.0, ""cw_power"": 1.0}",29.831932773109244,0.24208604255741575,30.194993722520913,70.37815126050421
program,logreg,2,1,"{""C"": 0.00175959083420428, ""cw_power"": 0.0}",46.90126050420168,0.15395953193444853,18.907711500757408,85.50420168067227
program,logreg,2,2,"{""C"": 0.437300324089879, ""cw_power"": 1.0}",29.884453781512605,0.24269795222365287,30.27993453772267,70.22058823529412
program,logreg,2,3,"{""C"": 3.752864606041097, ""cw_power"": 0.5}",42.226890756302524,0.2630734820073309,26.412197964326324,82.98319327731093
program,logreg,2,4,"{""C"": 0.2667257610118884, ""cw_power"": 0.0}",45.588235294117645,0.1939403052281683,20.688994315112662,85.39915966386555
program,logreg,2,5,"{""C"": 0.05448411414805728, ""cw_power"": 0.0}",45.903361344537814,0.18352499684702372,20.248049368180013,85.55672268907563
program,logreg,2,6,"{""C"": 1.568816102852518, ""cw_power"": 0.5}",42.279411764705884,0.2607073061914645,26.054522055834678,83.08823529411765
program,logreg,2,7,"{""C"": 0.02134259335783084, ""cw_power"": 1.0}",30.987394957983195,0.248321508275949,30.774871201240767,69.53781512605042
program,logreg,3,0,"{""C"": 1.0, ""cw_power"": 1.0}",29.464285714285715,0.2336032778571776,29.05822533505627,67.90966386554622
program,logreg,3,1,"{""C"": 0.05955516775309552, ""cw_power"": 0.0}",46.48109243697479,0.19396127721115208,20.838582706502592,85.92436974789915
program,logreg,3,2,"{""C"": 0.0031237727762250264, ""cw_power"": 0.5}",44.537815126050425,0.23020745986163335,23.123591903886943,85.18907563025209
program,logreg,3,3,"{""C"": 0.003410248275109717, ""cw_power"": 0.5}",44.48529411764706,0.23059007657507388,23.163019688340523,84.97899159663865
program,logreg,3,4,"{""C"": 0.001537763678051074, ""cw_power"": 0.0}",45.903361344537814,0.13831922998009058,17.980665125331672,85.34663865546219
program,logreg,3,5,"{""C"": 0.7004728866453235, ""cw_power"": 1.0}",29.516806722689076,0.2335815500341083,29.05200251058606,67.90966386554622
program,logreg,3,6,"{""C"": 0.06464939414042582, ""cw_power"": 0.0}",46.42857142857143,0.19538531953331092,20.91538228611168,86.1344537815126
program,logreg,3,7,"{""C"": 0.0108513099855405, ""cw_power"": 0.0}",46.42857142857143,0.17188122397992497,19.65489768251551,85.97689075630252
program,logreg,4,0,"{""C"": 1.0, ""cw_power"": 1.0}",30.88235294117647,0.25499010365418195,32.448645077145486,71.27100840336135
program,logreg,4,1,"{""C"": 0.04676309177035083, ""cw_power"": 1.0}",31.67016806722689,0.25935561332141266,32.836808019647904,71.16596638655463
program,logreg,4,2,"{""C"": 0.007645054327875909, ""cw_power"": 0.5}",43.32983193277311,0.24603702422593798,24.305452469981283,84.08613445378151
program,logreg,4,3,"{""C"": 0.0872106712170092, ""cw_power"": 0.0}",45.79831932773109,0.19606712156682413,20.80698008907852,86.71218487394958
program,logreg,4,4,"{""C"": 1.3555913330162743, ""cw_power"": 0.0}",45.74579831932773,0.21874200244339825,22.02179920596323,85.87184873949579
program,logreg,4,5,"{""C"": 0.0013125238036429988, ""cw_power"": 1.0}",32.090336134453786,0.244101325211193,29.688847358496833,70.22058823529412
program,logreg,4,6,"{""C"": 0.06665830491856498, ""cw_power"": 0.0}",45.85084033613445,0.19209020627580783,20.597713800609977,86.71218487394958
program,logreg,4,7,"{""C"": 1.0454104567716709, ""cw_power"": 0.0}",45.79831932773109,0.21910428413646346,22.053186525486144,85.92436974789915
program,logreg,5,0,"{""C"": 1.0, ""cw_power"": 1.0}",30.72478991596639,0.25689445164328845,32.58643525426747,71.95378151260505
program,logreg,5,1,"{""C"": 0.09736092567339191, ""cw_power"": 1.0}",30.409663865546214,0.2522352291014968,31.544283713550474,70.74579831932773
program,logreg,5,2,"{""C"": 0.023896636537163042, ""cw_power"": 1.0}",30.987394957983195,0.2542874521992313,31.91274800898548,70.01050420168067
program,logreg,5,3,"{""C"": 0.6360209832873298, ""cw_power"": 0.0}",46.21848739495798,0.2123055074533283,21.838068165884046,85.03151260504201
program,logreg,5,4,"{""C"": 0.0011767888036725144, ""cw_power"": 0.5}",45.79831932773109,0.21438950321278413,22.4643352333924,83.66596638655463
program,logreg,5,5,"{""C"": 0.03715691989155586, ""cw_power"": 0.5}",40.96638655462185,0.25535583448867366,25.477235995815366,82.66806722689076
program,logreg,5,6,"{""C"": 0.0054072523472769255, ""cw_power"": 0.5}",43.17226890756303,0.23778932147419082,23.618190234457195,83.77100840336135
program,logreg,5,7,"{""C"": 4.060275453510417, ""cw_power"": 1.0}",30.72478991596639,0.25785170286318754,32.707113935122024,72.16386554621849
