horizon,model,fold,trial,cfg,q,inner_pr_auc,inner_macro_f1
H2,rf,1,0,"{'n_estimators': 100, 'max_depth': None, 'min_samples_leaf': 1, 'max_features': 'sqrt', 'cw_power': 1.0}",0.07,0.32155719672843897,0.6623670381166932
H2,rf,1,1,"{'n_estimators': 100, 'max_depth': 10, 'min_samples_leaf': 10, 'max_features': 0.3, 'cw_power': 1.0}",0.08,0.36355301389150946,0.657600511298492
H2,rf,1,2,"{'n_estimators': 100, 'max_depth': 10, 'min_samples_leaf': 10, 'max_features': 0.5, 'cw_power': 1.0}",0.09000000000000001,0.36163567871918356,0.6578340514956315
H2,rf,1,3,"{'n_estimators': 200, 'max_depth': 10, 'min_samples_leaf': 10, 'max_features': 'sqrt', 'cw_power': 0.5}",0.07,0.3585246750371574,0.6600506325443377
H2,rf,1,4,"{'n_estimators': 300, 'max_depth': None, 'min_samples_leaf': 1, 'max_features': 0.5, 'cw_power': 1.0}",0.07,0.3273449109046236,0.6615845747056078
H2,rf,1,5,"{'n_estimators': 200, 'max_depth': 10, 'min_samples_leaf': 5, 'max_features': 0.5, 'cw_power': 0.5}",0.06,0.3749976378090409,0.660218935021527
H2,rf,2,0,"{'n_estimators': 100, 'max_depth': None, 'min_samples_leaf': 1, 'max_features': 'sqrt', 'cw_power': 1.0}",0.09000000000000001,0.3498803153817477,0.6708789179707335
H2,rf,2,1,"{'n_estimators': 100, 'max_depth': None, 'min_samples_leaf': 10, 'max_features': 'sqrt', 'cw_power': 1.0}",0.07,0.3765320390113185,0.6616208374748489
H2,rf,2,2,"{'n_estimators': 200, 'max_depth': 20, 'min_samples_leaf': 10, 'max_features': 'sqrt', 'cw_power': 0.5}",0.05,0.3941584439960314,0.6726068156187099
H2,rf,2,3,"{'n_estimators': 100, 'max_depth': None, 'min_samples_leaf': 5, 'max_features': 'sqrt', 'cw_power': 1.0}",0.07,0.37751530901561775,0.6671165547316378
H2,rf,2,4,"{'n_estimators': 300, 'max_depth': 20, 'min_samples_leaf': 10, 'max_features': 0.3, 'cw_power': 0.0}",0.08,0.39963354778381455,0.6775031726438971
H2,rf,2,5,"{'n_estimators': 300, 'max_depth': 20, 'min_samples_leaf': 2, 'max_features': 0.3, 'cw_power': 0.0}",0.06,0.40856172328297935,0.6862912444629444
H2,rf,3,0,"{'n_estimators': 100, 'max_depth': None, 'min_samples_leaf': 1, 'max_features': 'sqrt', 'cw_power': 1.0}",0.07,0.32734532004997974,0.6683867245101609
H2,rf,3,1,"{'n_estimators': 200, 'max_depth': 20, 'min_samples_leaf': 10, 'max_features': 0.3, 'cw_power': 0.5}",0.06,0.3962540598394086,0.6753600200992816
H2,rf,3,2,"{'n_estimators': 300, 'max_depth': 10, 'min_samples_leaf': 10, 'max_features': 'sqrt', 'cw_power': 0.0}",0.06,0.37523655119577576,0.6610624044041722
H2,rf,3,3,"{'n_estimators': 300, 'max_depth': None, 'min_samples_leaf': 2, 'max_features': 'sqrt', 'cw_power': 1.0}",0.09000000000000001,0.35855881518246313,0.6585318623769533
H2,rf,3,4,"{'n_estimators': 200, 'max_depth': None, 'min_samples_leaf': 1, 'max_features': 0.5, 'cw_power': 0.0}",0.06,0.3755349370989582,0.6650546476674173
H2,rf,3,5,"{'n_estimators': 100, 'max_depth': 10, 'min_samples_leaf': 10, 'max_features': 0.3, 'cw_power': 0.0}",0.07,0.39010099429760803,0.6765402925667932
H2,rf,4,0,"{'n_estimators': 100, 'max_depth': None, 'min_samples_leaf': 1, 'max_features': 'sqrt', 'cw_power': 1.0}",0.08,0.32602253351762417,0.6624557666758755
H2,rf,4,1,"{'n_estimators': 200, 'max_depth': 10, 'min_samples_leaf': 5, 'max_features': 0.3, 'cw_power': 0.0}",0.06,0.4102822056364801,0.6778808220624872
H2,rf,4,2,"{'n_estimators': 300, 'max_depth': None, 'min_samples_leaf': 2, 'max_features': 0.5, 'cw_power': 0.5}",0.07,0.3815658605269471,0.6702569645926602
H2,rf,4,3,"{'n_estimators': 300, 'max_depth': None, 'min_samples_leaf': 5, 'max_features': 0.3, 'cw_power': 0.5}",0.08,0.3965496871853482,0.6745546302223556
H2,rf,4,4,"{'n_estimators': 200, 'max_depth': None, 'min_samples_leaf': 5, 'max_features': 0.3, 'cw_power': 1.0}",0.06,0.38098352789144885,0.660218935021527
H2,rf,4,5,"{'n_estimators': 300, 'max_depth': 20, 'min_samples_leaf': 5, 'max_features': 0.3, 'cw_power': 0.5}",0.07,0.3989057336780864,0.6781079892452159
H2,rf,5,0,"{'n_estimators': 100, 'max_depth': None, 'min_samples_leaf': 1, 'max_features': 'sqrt', 'cw_power': 1.0}",0.06,0.3382619683935166,0.6673311657183615
H2,rf,5,1,"{'n_estimators': 100, 'max_depth': None, 'min_samples_leaf': 2, 'max_features': 'sqrt', 'cw_power': 0.5}",0.04,0.3918731358433367,0.6712564184723775
H2,rf,5,2,"{'n_estimators': 300, 'max_depth': 20, 'min_samples_leaf': 2, 'max_features': 0.3, 'cw_power': 0.0}",0.04,0.39755680459303094,0.6702736274962112
H2,rf,5,3,"{'n_estimators': 300, 'max_depth': 20, 'min_samples_leaf': 1, 'max_features': 'sqrt', 'cw_power': 1.0}",0.09000000000000001,0.3361774541983141,0.6501980303326421
H2,rf,5,4,"{'n_estimators': 200, 'max_depth': 20, 'min_samples_leaf': 5, 'max_features': 0.3, 'cw_power': 0.0}",0.04,0.4046866853241562,0.6702736274962112
H2,rf,5,5,"{'n_estimators': 300, 'max_depth': 30, 'min_samples_leaf': 1, 'max_features': 'sqrt', 'cw_power': 0.5}",0.05,0.37529334348299404,0.666084767058226
H3,rf,1,0,"{'n_estimators': 100, 'max_depth': None, 'min_samples_leaf': 1, 'max_features': 'sqrt', 'cw_power': 1.0}",0.08,0.5042152100790974,0.7390361445783132
H3,rf,1,1,"{'n_estimators': 100, 'max_depth': None, 'min_samples_leaf': 10, 'max_features': 0.5, 'cw_power': 0.5}",0.07,0.5349194049834778,0.7393459815351504
H3,rf,1,2,"{'n_estimators': 200, 'max_depth': 20, 'min_samples_leaf': 2, 'max_features': 'sqrt', 'cw_power': 0.0}",0.07,0.5194957686045927,0.7417012889309171
H3,rf,1,3,"{'n_estimators': 200, 'max_depth': 20, 'min_samples_leaf': 1, 'max_features': 0.3, 'cw_power': 1.0}",0.09000000000000001,0.5090651400832029,0.7293936305737024
H3,rf,1,4,"{'n_estimators': 300, 'max_depth': None, 'min_samples_leaf': 10, 'max_features': 'sqrt', 'cw_power': 1.0}",0.09000000000000001,0.4937176326436415,0.7252251114041061
H3,rf,1,5,"{'n_estimators': 200, 'max_depth': 10, 'min_samples_leaf': 10, 'max_features': 0.5, 'cw_power': 0.5}",0.07,0.5355414083799305,0.740131084000406
H3,rf,2,0,"{'n_estimators': 100, 'max_depth': None, 'min_samples_leaf': 1, 'max_features': 'sqrt', 'cw_power': 1.0}",0.07,0.5363865859630078,0.7436807725078103
H3,rf,2,1,"{'n_estimators': 200, 'max_depth': None, 'min_samples_leaf': 2, 'max_features': 'sqrt', 'cw_power': 1.0}",0.07,0.5265210320610494,0.7393459815351504
H3,rf,2,2,"{'n_estimators': 200, 'max_depth': 20, 'min_samples_leaf': 10, 'max_features': 0.3, 'cw_power': 0.0}",0.08,0.5710175466018643,0.7526910043932057
H3,rf,2,3,"{'n_estimators': 200, 'max_depth': None, 'min_samples_leaf': 2, 'max_features': 'sqrt', 'cw_power': 0.0}",0.07,0.5682447955602858,0.7550480308402618
H3,rf,2,4,"{'n_estimators': 300, 'max_depth': None, 'min_samples_leaf': 2, 'max_features': 0.5, 'cw_power': 0.0}",0.07,0.5649617354397131,0.7519076209792395
H3,rf,2,5,"{'n_estimators': 100, 'max_depth': None, 'min_samples_leaf': 2, 'max_features': 0.5, 'cw_power': 1.0}",0.07,0.5539029645741497,0.7503374160487284
H3,rf,3,0,"{'n_estimators': 100, 'max_depth': None, 'min_samples_leaf': 1, 'max_features': 'sqrt', 'cw_power': 1.0}",0.08,0.5310667857820125,0.7402259314626962
H3,rf,3,1,"{'n_estimators': 200, 'max_depth': 30, 'min_samples_leaf': 10, 'max_features': 'sqrt', 'cw_power': 0.0}",0.07,0.5458933096109341,0.733852328107143
H3,rf,3,2,"{'n_estimators': 100, 'max_depth': 10, 'min_samples_leaf': 1, 'max_features': 0.5, 'cw_power': 0.5}",0.06,0.5757976531413669,0.7451660261401096
H3,rf,3,3,"{'n_estimators': 300, 'max_depth': 20, 'min_samples_leaf': 10, 'max_features': 0.3, 'cw_power': 0.0}",0.07,0.5732811114552515,0.746413870143384
H3,rf,3,4,"{'n_estimators': 100, 'max_depth': 20, 'min_samples_leaf': 10, 'max_features': 0.5, 'cw_power': 0.5}",0.07,0.5791363624478234,0.7487691592751792
H3,rf,3,5,"{'n_estimators': 300, 'max_depth': 10, 'min_samples_leaf': 2, 'max_features': 0.3, 'cw_power': 0.0}",0.08,0.5766215880064909,0.7460589038874467
H3,rf,4,0,"{'n_estimators': 100, 'max_depth': None, 'min_samples_leaf': 1, 'max_features': 'sqrt', 'cw_power': 1.0}",0.07,0.4904315703477934,0.741644813598945
H3,rf,4,1,"{'n_estimators': 200, 'max_depth': None, 'min_samples_leaf': 10, 'max_features': 0.5, 'cw_power': 0.5}",0.07,0.5302274876308285,0.7456268012571949
H3,rf,4,2,"{'n_estimators': 100, 'max_depth': 10, 'min_samples_leaf': 10, 'max_features': 0.5, 'cw_power': 1.0}",0.07,0.5214663476697872,0.7369906741393837
H3,rf,4,3,"{'n_estimators': 100, 'max_depth': 20, 'min_samples_leaf': 2, 'max_features': 'sqrt', 'cw_power': 0.0}",0.08,0.5277517880283107,0.7379482922854981
H3,rf,4,4,"{'n_estimators': 300, 'max_depth': 30, 'min_samples_leaf': 10, 'max_features': 0.3, 'cw_power': 0.5}",0.07,0.5281402498692175,0.7456268012571949
H3,rf,4,5,"{'n_estimators': 300, 'max_depth': None, 'min_samples_leaf': 2, 'max_features': 'sqrt', 'cw_power': 1.0}",0.09000000000000001,0.48757380776002507,0.7335621497432987
H3,rf,5,0,"{'n_estimators': 100, 'max_depth': None, 'min_samples_leaf': 1, 'max_features': 'sqrt', 'cw_power': 1.0}",0.07,0.5268384390860255,0.7374109309811883
H3,rf,5,1,"{'n_estimators': 200, 'max_depth': None, 'min_samples_leaf': 10, 'max_features': 0.3, 'cw_power': 0.5}",0.07,0.5514849380216585,0.749556197292892
H3,rf,5,2,"{'n_estimators': 200, 'max_depth': None, 'min_samples_leaf': 10, 'max_features': 'sqrt', 'cw_power': 0.5}",0.08,0.5375562269367429,0.7401640369647411
H3,rf,5,3,"{'n_estimators': 100, 'max_depth': 30, 'min_samples_leaf': 1, 'max_features': 'sqrt', 'cw_power': 0.0}",0.07,0.5340861453076531,0.7373491648515461
H3,rf,5,4,"{'n_estimators': 200, 'max_depth': 10, 'min_samples_leaf': 1, 'max_features': 0.3, 'cw_power': 0.0}",0.06,0.5517861406777987,0.7468499110055646
H3,rf,5,5,"{'n_estimators': 100, 'max_depth': 10, 'min_samples_leaf': 1, 'max_features': 'sqrt', 'cw_power': 1.0}",0.09000000000000001,0.49879753703573826,0.7287037355410064
H1,rf,1,0,"{'n_estimators': 100, 'max_depth': None, 'min_samples_leaf': 1, 'max_features': 'sqrt', 'cw_power': 1.0}",0.09000000000000001,0.24756070640626168,0.618581209356347
H1,rf,1,1,"{'n_estimators': 100, 'max_depth': 20, 'min_samples_leaf': 5, 'max_features': 0.5, 'cw_power': 0.0}",0.07,0.29537595375551035,0.6333571487256483
H1,rf,1,2,"{'n_estimators': 100, 'max_depth': None, 'min_samples_leaf': 5, 'max_features': 'sqrt', 'cw_power': 0.0}",0.07,0.3074515876004975,0.6427783783087151
H1,rf,1,3,"{'n_estimators': 200, 'max_depth': 30, 'min_samples_leaf': 2, 'max_features': 0.5, 'cw_power': 1.0}",0.05,0.2593939972240691,0.6164563939544223
H1,rf,1,4,"{'n_estimators': 300, 'max_depth': 10, 'min_samples_leaf': 1, 'max_features': 'sqrt', 'cw_power': 0.0}",0.06,0.30892293610184224,0.6450801747007039
H1,rf,1,5,"{'n_estimators': 100, 'max_depth': None, 'min_samples_leaf': 1, 'max_features': 'sqrt', 'cw_power': 0.0}",0.08,0.2698937397088784,0.6273525895472949
H1,rf,2,0,"{'n_estimators': 100, 'max_depth': None, 'min_samples_leaf': 1, 'max_features': 'sqrt', 'cw_power': 1.0}",0.09000000000000001,0.27284471690406803,0.620069194899391
H1,rf,2,1,"{'n_estimators': 300, 'max_depth': 30, 'min_samples_leaf': 2, 'max_features': 0.5, 'cw_power': 0.0}",0.06,0.31047667530138434,0.6358287100602009
H1,rf,2,2,"{'n_estimators': 200, 'max_depth': 20, 'min_samples_leaf': 10, 'max_features': 0.5, 'cw_power': 0.0}",0.08,0.3149572306504288,0.6354864431369306
H1,rf,2,3,"{'n_estimators': 100, 'max_depth': 20, 'min_samples_leaf': 1, 'max_features': 'sqrt', 'cw_power': 1.0}",0.08,0.2887756456205309,0.620743731029223
H1,rf,2,4,"{'n_estimators': 300, 'max_depth': 20, 'min_samples_leaf': 5, 'max_features': 0.3, 'cw_power': 0.0}",0.07,0.32484009636928324,0.6388528659824373
H1,rf,2,5,"{'n_estimators': 200, 'max_depth': 30, 'min_samples_leaf': 1, 'max_features': 0.5, 'cw_power': 0.0}",0.05,0.30167348933096877,0.6262633943194048
H1,rf,3,0,"{'n_estimators': 100, 'max_depth': None, 'min_samples_leaf': 1, 'max_features': 'sqrt', 'cw_power': 1.0}",0.09000000000000001,0.2394921094470296,0.6156591868950285
H1,rf,3,1,"{'n_estimators': 300, 'max_depth': None, 'min_samples_leaf': 5, 'max_features': 'sqrt', 'cw_power': 0.5}",0.09000000000000001,0.29619553706098206,0.6279629955297223
H1,rf,3,2,"{'n_estimators': 100, 'max_depth': None, 'min_samples_leaf': 2, 'max_features': 0.5, 'cw_power': 0.5}",0.08,0.27552117135221055,0.6170612498389798
H1,rf,3,3,"{'n_estimators': 200, 'max_depth': None, 'min_samples_leaf': 10, 'max_features': 0.5, 'cw_power': 1.0}",0.06,0.27711833124021057,0.6156464486667661
H1,rf,3,4,"{'n_estimators': 300, 'max_depth': 10, 'min_samples_leaf': 10, 'max_features': 0.3, 'cw_power': 0.0}",0.08,0.28898042943372343,0.6295924505179737
H1,rf,3,5,"{'n_estimators': 300, 'max_depth': None, 'min_samples_leaf': 1, 'max_features': 0.3, 'cw_power': 1.0}",0.1,0.24242174706003677,0.6129041676376601
H1,rf,4,0,"{'n_estimators': 100, 'max_depth': None, 'min_samples_leaf': 1, 'max_features': 'sqrt', 'cw_power': 1.0}",0.07,0.2539099870968514,0.6155042403392271
H1,rf,4,1,"{'n_estimators': 100, 'max_depth': 20, 'min_samples_leaf': 2, 'max_features': 'sqrt', 'cw_power': 0.0}",0.06,0.3258809558467407,0.6341466255801095
H1,rf,4,2,"{'n_estimators': 200, 'max_depth': 10, 'min_samples_leaf': 10, 'max_features': 'sqrt', 'cw_power': 1.0}",0.11,0.28345455173578077,0.6227593118508874
H1,rf,4,3,"{'n_estimators': 300, 'max_depth': 20, 'min_samples_leaf': 10, 'max_features': 0.5, 'cw_power': 0.5}",0.07,0.3003162135118204,0.6200104068163036
H1,rf,4,4,"{'n_estimators': 200, 'max_depth': 10, 'min_samples_leaf': 5, 'max_features': 'sqrt', 'cw_power': 1.0}",0.1,0.28895870456836903,0.626390231814626
H1,rf,4,5,"{'n_estimators': 100, 'max_depth': 30, 'min_samples_leaf': 5, 'max_features': 0.5, 'cw_power': 0.5}",0.05,0.29289399143202305,0.6200790018037312
H1,rf,5,0,"{'n_estimators': 100, 'max_depth': None, 'min_samples_leaf': 1, 'max_features': 'sqrt', 'cw_power': 1.0}",0.09000000000000001,0.24902609582958596,0.6111123370450842
H1,rf,5,1,"{'n_estimators': 100, 'max_depth': 20, 'min_samples_leaf': 2, 'max_features': 0.5, 'cw_power': 1.0}",0.05,0.2845881293093958,0.6191783608788396
H1,rf,5,2,"{'n_estimators': 300, 'max_depth': 20, 'min_samples_leaf': 1, 'max_features': 0.5, 'cw_power': 0.5}",0.07,0.2775733827864113,0.6192312090503218
H1,rf,5,3,"{'n_estimators': 100, 'max_depth': None, 'min_samples_leaf': 5, 'max_features': 0.5, 'cw_power': 1.0}",0.08,0.28507968105313847,0.6148530760683042
H1,rf,5,4,"{'n_estimators': 100, 'max_depth': 20, 'min_samples_leaf': 10, 'max_features': 0.3, 'cw_power': 0.5}",0.1,0.2939233752791449,0.6211353665122176
H1,rf,5,5,"{'n_estimators': 300, 'max_depth': 20, 'min_samples_leaf': 5, 'max_features': 'sqrt', 'cw_power': 0.0}",0.05,0.31085725212045334,0.6291404013790365
H2,static_mlp,1,0,"{'epochs': 15, 'lr': 0.001, 'weight_decay': 0.01, 'batch_size': 512, 'dropout': 0.2, 'static_h': 128, 'rnn_h': 64, 'cw_power': 1.0}",0.08,0.3600179091016739,0.6627604605361896
H2,static_mlp,1,1,"{'epochs': 20, 'lr': 0.0013292600315286582, 'weight_decay': 0.0006411151884180498, 'batch_size': 512, 'dropout': 0.2, 'static_h': 128, 'rnn_h': 128, 'cw_power': 0.5}",0.06,0.35861285162485085,0.6745166531023042
H2,static_mlp,1,2,"{'epochs': 20, 'lr': 0.0013600354276939186, 'weight_decay': 0.0002561422145352972, 'batch_size': 512, 'dropout': 0.1, 'static_h': 64, 'rnn_h': 32, 'cw_power': 1.0}",0.07,0.3480948879545728,0.6655463498011267
H2,static_mlp,1,3,"{'epochs': 10, 'lr': 0.00038312317384388983, 'weight_decay': 0.009306624306414123, 'batch_size': 512, 'dropout': 0.2, 'static_h': 256, 'rnn_h': 128, 'cw_power': 0.0}",0.07,0.3657789823604569,0.6663314522663824
H2,static_mlp,1,4,"{'epochs': 20, 'lr': 0.0021082181092978527, 'weight_decay': 0.0003845077555306944, 'batch_size': 512, 'dropout': 0.5, 'static_h': 64, 'rnn_h': 128, 'cw_power': 0.0}",0.06,0.35542769980590627,0.660218935021527
H2,static_mlp,1,5,"{'epochs': 10, 'lr': 0.00037951526437380033, 'weight_decay': 0.005509316822141198, 'batch_size': 1024, 'dropout': 0.1, 'static_h': 128, 'rnn_h': 128, 'cw_power': 1.0}",0.07,0.3381677056464834,0.6624059399401044
H2,static_mlp,2,0,"{'epochs': 15, 'lr': 0.001, 'weight_decay': 0.01, 'batch_size': 512, 'dropout': 0.2, 'static_h': 128, 'rnn_h': 64, 'cw_power': 1.0}",0.07,0.38449241278075,0.6710420670579157
H2,static_mlp,2,1,"{'epochs': 15, 'lr': 0.0023562080644923262, 'weight_decay': 0.00034071861357746986, 'batch_size': 512, 'dropout': 0.5, 'static_h': 128, 'rnn_h': 128, 'cw_power': 1.0}",0.07,0.3940807422571925,0.6765377843147047
H2,static_mlp,2,2,"{'epochs': 10, 'lr': 0.00044974821713226625, 'weight_decay': 0.01716138923374716, 'batch_size': 512, 'dropout': 0.2, 'static_h': 256, 'rnn_h': 32, 'cw_power': 0.0}",0.06,0.38978132339812166,0.6719935263821671
H2,static_mlp,2,3,"{'epochs': 15, 'lr': 0.0008273253632600505, 'weight_decay': 0.0004452878497538864, 'batch_size': 1024, 'dropout': 0.3, 'static_h': 256, 'rnn_h': 64, 'cw_power': 0.5}",0.06,0.39522519653087557,0.6761987375823958
H2,static_mlp,2,4,"{'epochs': 10, 'lr': 0.0028378964920789938, 'weight_decay': 0.00039957891350440037, 'batch_size': 1024, 'dropout': 0.5, 'static_h': 64, 'rnn_h': 32, 'cw_power': 0.0}",0.08,0.37912506728761386,0.6649718673523457
H2,static_mlp,2,5,"{'epochs': 10, 'lr': 0.0014526074605147544, 'weight_decay': 0.0024436885209792084, 'batch_size': 512, 'dropout': 0.3, 'static_h': 64, 'rnn_h': 32, 'cw_power': 1.0}",0.08,0.381234974892431,0.6655498521511919
H2,static_mlp,3,0,"{'epochs': 15, 'lr': 0.001, 'weight_decay': 0.01, 'batch_size': 512, 'dropout': 0.2, 'static_h': 128, 'rnn_h': 64, 'cw_power': 1.0}",0.06,0.3677260269933895,0.6677906941430473
H2,static_mlp,3,1,"{'epochs': 15, 'lr': 0.0008126982931591127, 'weight_decay': 0.0006321902080161632, 'batch_size': 1024, 'dropout': 0.5, 'static_h': 64, 'rnn_h': 32, 'cw_power': 0.5}",0.05,0.3671657431890141,0.6680807398091018
H2,static_mlp,3,2,"{'epochs': 20, 'lr': 0.0029390500646619224, 'weight_decay': 0.08511259126120115, 'batch_size': 1024, 'dropout': 0.1, 'static_h': 64, 'rnn_h': 32, 'cw_power': 0.0}",0.06,0.3752215994075496,0.6778831287513597
H2,static_mlp,3,3,"{'epochs': 15, 'lr': 0.0007041643860754954, 'weight_decay': 0.010991006807239348, 'batch_size': 512, 'dropout': 0.1, 'static_h': 128, 'rnn_h': 128, 'cw_power': 0.5}",0.07,0.3734613904215797,0.6686893287941426
H2,static_mlp,3,4,"{'epochs': 20, 'lr': 0.0015134703293542544, 'weight_decay': 0.003893167725218434, 'batch_size': 1024, 'dropout': 0.5, 'static_h': 64, 'rnn_h': 128, 'cw_power': 0.5}",0.07,0.379926398341625,0.6757551961895282
H2,static_mlp,3,5,"{'epochs': 15, 'lr': 0.0014634250547008293, 'weight_decay': 0.000557746380716688, 'batch_size': 512, 'dropout': 0.2, 'static_h': 128, 'rnn_h': 128, 'cw_power': 0.0}",0.05,0.3801985111509737,0.6689863858123511
H2,static_mlp,4,0,"{'epochs': 15, 'lr': 0.001, 'weight_decay': 0.01, 'batch_size': 512, 'dropout': 0.2, 'static_h': 128, 'rnn_h': 64, 'cw_power': 1.0}",0.06,0.3548357163283837,0.6686293574219841
H2,static_mlp,4,1,"{'epochs': 10, 'lr': 0.0012729316949005988, 'weight_decay': 0.03062704377099432, 'batch_size': 1024, 'dropout': 0.5, 'static_h': 128, 'rnn_h': 32, 'cw_power': 0.5}",0.06,0.3599778413019873,0.6652651884618013
H2,static_mlp,4,2,"{'epochs': 20, 'lr': 0.0018168817997807627, 'weight_decay': 0.029191639675233777, 'batch_size': 1024, 'dropout': 0.3, 'static_h': 256, 'rnn_h': 32, 'cw_power': 1.0}",0.08,0.34181513960082194,0.6598119181146481
H2,static_mlp,4,3,"{'epochs': 15, 'lr': 0.0014164632885963527, 'weight_decay': 0.02173107948167372, 'batch_size': 512, 'dropout': 0.3, 'static_h': 256, 'rnn_h': 64, 'cw_power': 0.0}",0.05,0.35414223466474715,0.6662672518824195
H2,static_mlp,4,4,"{'epochs': 20, 'lr': 0.0005662117369581541, 'weight_decay': 0.002986959587089731, 'batch_size': 512, 'dropout': 0.5, 'static_h': 128, 'rnn_h': 128, 'cw_power': 0.5}",0.08,0.368702866752001,0.6664461385631164
H2,static_mlp,4,5,"{'epochs': 15, 'lr': 0.0005537177441054753, 'weight_decay': 0.005189679410374026, 'batch_size': 512, 'dropout': 0.5, 'static_h': 256, 'rnn_h': 32, 'cw_power': 0.0}",0.05,0.36814332136825934,0.6635502959954378
H2,static_mlp,5,0,"{'epochs': 15, 'lr': 0.001, 'weight_decay': 0.01, 'batch_size': 512, 'dropout': 0.2, 'static_h': 128, 'rnn_h': 64, 'cw_power': 1.0}",0.05,0.36756474726415816,0.6698942034252962
H2,static_mlp,5,1,"{'epochs': 10, 'lr': 0.0018993021755933025, 'weight_decay': 0.0013662903736195084, 'batch_size': 1024, 'dropout': 0.2, 'static_h': 128, 'rnn_h': 32, 'cw_power': 0.0}",0.08,0.3594152598835251,0.6635032138280974
H2,static_mlp,5,2,"{'epochs': 15, 'lr': 0.0015757487728087385, 'weight_decay': 0.018660844154415903, 'batch_size': 512, 'dropout': 0.5, 'static_h': 64, 'rnn_h': 128, 'cw_power': 0.5}",0.05,0.3851156356671735,0.6671772832888789
H2,static_mlp,5,3,"{'epochs': 15, 'lr': 0.002521613247779393, 'weight_decay': 0.0014717926478722636, 'batch_size': 512, 'dropout': 0.1, 'static_h': 128, 'rnn_h': 32, 'cw_power': 0.5}",0.07,0.32378059460418984,0.6482795498031839
H2,static_mlp,5,4,"{'epochs': 20, 'lr': 0.0006360494927641924, 'weight_decay': 0.09472175444637572, 'batch_size': 512, 'dropout': 0.5, 'static_h': 128, 'rnn_h': 64, 'cw_power': 0.0}",0.05,0.3896613891691218,0.6698942034252962
H2,static_mlp,5,5,"{'epochs': 20, 'lr': 0.00048208967924263544, 'weight_decay': 0.00038640672891145105, 'batch_size': 1024, 'dropout': 0.3, 'static_h': 64, 'rnn_h': 64, 'cw_power': 0.0}",0.04,0.3800928248870624,0.669290836520045
H2,lstm,1,0,"{'epochs': 15, 'lr': 0.001, 'weight_decay': 0.01, 'batch_size': 512, 'dropout': 0.2, 'static_h': 128, 'rnn_h': 64, 'cw_power': 1.0}",0.05,0.10956388996586865,0.5313251094956637
H2,lstm,1,1,"{'epochs': 15, 'lr': 0.0005781292537268338, 'weight_decay': 0.00033126546100840297, 'batch_size': 512, 'dropout': 0.5, 'static_h': 128, 'rnn_h': 64, 'cw_power': 1.0}",0.04,0.10831451456091748,0.5307116789728759
H2,lstm,1,2,"{'epochs': 15, 'lr': 0.00044244847230015256, 'weight_decay': 0.0039932625943406835, 'batch_size': 1024, 'dropout': 0.3, 'static_h': 64, 'rnn_h': 32, 'cw_power': 0.0}",0.08,0.0961123249670679,0.5168076106698847
H2,lstm,1,3,"{'epochs': 15, 'lr': 0.00044208505898207296, 'weight_decay': 0.009521995713737526, 'batch_size': 512, 'dropout': 0.5, 'static_h': 128, 'rnn_h': 32, 'cw_power': 1.0}",0.07,0.10735290114450934,0.525798110985635
H2,lstm,1,4,"{'epochs': 10, 'lr': 0.001743335127844201, 'weight_decay': 0.007051939477106977, 'batch_size': 512, 'dropout': 0.5, 'static_h': 256, 'rnn_h': 128, 'cw_power': 0.0}",0.04,0.10476341527899972,0.52678046790668
H2,lstm,1,5,"{'epochs': 10, 'lr': 0.001127828499147836, 'weight_decay': 0.0007124039324552345, 'batch_size': 512, 'dropout': 0.2, 'static_h': 64, 'rnn_h': 64, 'cw_power': 0.5}",0.03,0.1046390954121625,0.5251057666233826
H2,lstm,2,0,"{'epochs': 15, 'lr': 0.001, 'weight_decay': 0.01, 'batch_size': 512, 'dropout': 0.2, 'static_h': 128, 'rnn_h': 64, 'cw_power': 1.0}",0.06,0.12083907648562642,0.5449961481352625
H2,lstm,2,1,"{'epochs': 20, 'lr': 0.0019824630470216477, 'weight_decay': 0.000529237027236993, 'batch_size': 1024, 'dropout': 0.1, 'static_h': 64, 'rnn_h': 32, 'cw_power': 0.5}",0.07,0.11971257235845739,0.5454256726170243
H2,lstm,2,2,"{'epochs': 10, 'lr': 0.0017063521962140352, 'weight_decay': 0.00018919149757462458, 'batch_size': 512, 'dropout': 0.5, 'static_h': 256, 'rnn_h': 128, 'cw_power': 1.0}",0.06,0.11901590980226351,0.546678232615354
H2,lstm,2,3,"{'epochs': 20, 'lr': 0.00046448163061618865, 'weight_decay': 0.031147029572942117, 'batch_size': 1024, 'dropout': 0.3, 'static_h': 256, 'rnn_h': 64, 'cw_power': 0.5}",0.08,0.11840365477429464,0.5396588144368315
H2,lstm,2,4,"{'epochs': 15, 'lr': 0.0007974324918536568, 'weight_decay': 0.00024496906544255057, 'batch_size': 512, 'dropout': 0.2, 'static_h': 64, 'rnn_h': 64, 'cw_power': 0.5}",0.06,0.12289091321381149,0.5458371903753083
H2,lstm,2,5,"{'epochs': 20, 'lr': 0.0008577991934471089, 'weight_decay': 0.0002404952506352788, 'batch_size': 512, 'dropout': 0.2, 'static_h': 128, 'rnn_h': 32, 'cw_power': 0.5}",0.06,0.11926231270442245,0.5458371903753083
H2,lstm,3,0,"{'epochs': 15, 'lr': 0.001, 'weight_decay': 0.01, 'batch_size': 512, 'dropout': 0.2, 'static_h': 128, 'rnn_h': 64, 'cw_power': 1.0}",0.05,0.11287168250062596,0.5394790073476896
H2,lstm,3,1,"{'epochs': 15, 'lr': 0.0006475525203413267, 'weight_decay': 0.00016052147473402447, 'batch_size': 1024, 'dropout': 0.2, 'static_h': 128, 'rnn_h': 64, 'cw_power': 0.5}",0.04,0.10713314675882818,0.5287489004909599
H2,lstm,3,2,"{'epochs': 10, 'lr': 0.0006282721052176568, 'weight_decay': 0.00403365110817988, 'batch_size': 512, 'dropout': 0.3, 'static_h': 256, 'rnn_h': 64, 'cw_power': 0.5}",0.07,0.10948749022981022,0.5352229446590815
H2,lstm,3,3,"{'epochs': 10, 'lr': 0.0016117850259565877, 'weight_decay': 0.00019456319507456544, 'batch_size': 1024, 'dropout': 0.1, 'static_h': 256, 'rnn_h': 32, 'cw_power': 1.0}",0.05,0.11160164754461802,0.5376677153411908
H2,lstm,3,4,"{'epochs': 10, 'lr': 0.0005341722465937723, 'weight_decay': 0.0745727409581052, 'batch_size': 1024, 'dropout': 0.2, 'static_h': 256, 'rnn_h': 64, 'cw_power': 1.0}",0.03,0.10800517310057813,0.5251083453472121
H2,lstm,3,5,"{'epochs': 10, 'lr': 0.0014508915835188105, 'weight_decay': 0.00021653953883532013, 'batch_size': 512, 'dropout': 0.5, 'static_h': 128, 'rnn_h': 64, 'cw_power': 1.0}",0.05,0.11353149239405519,0.540384653350939
H2,lstm,4,0,"{'epochs': 15, 'lr': 0.001, 'weight_decay': 0.01, 'batch_size': 512, 'dropout': 0.2, 'static_h': 128, 'rnn_h': 64, 'cw_power': 1.0}",0.05,0.10942046511640319,0.5340420653826454
H2,lstm,4,1,"{'epochs': 20, 'lr': 0.00041638107437619814, 'weight_decay': 0.00012014637634670414, 'batch_size': 512, 'dropout': 0.3, 'static_h': 256, 'rnn_h': 64, 'cw_power': 1.0}",0.04,0.10832449365174518,0.5316944817394248
H2,lstm,4,2,"{'epochs': 10, 'lr': 0.0012111589445439846, 'weight_decay': 0.00025384866815821315, 'batch_size': 512, 'dropout': 0.5, 'static_h': 128, 'rnn_h': 32, 'cw_power': 0.0}",0.05,0.10210348349828505,0.5258911977217005
H2,lstm,4,3,"{'epochs': 10, 'lr': 0.0009904975437141084, 'weight_decay': 0.0019618729909686955, 'batch_size': 512, 'dropout': 0.1, 'static_h': 64, 'rnn_h': 128, 'cw_power': 0.5}",0.08,0.10475697802750472,0.5315503227775923
H2,lstm,4,4,"{'epochs': 15, 'lr': 0.0014185031003947943, 'weight_decay': 0.01631884136255606, 'batch_size': 1024, 'dropout': 0.1, 'static_h': 256, 'rnn_h': 64, 'cw_power': 1.0}",0.04,0.10929670158863286,0.5326772845059737
H2,lstm,4,5,"{'epochs': 20, 'lr': 0.00046880104895383304, 'weight_decay': 0.0004960063874809901, 'batch_size': 1024, 'dropout': 0.1, 'static_h': 256, 'rnn_h': 128, 'cw_power': 0.5}",0.06,0.1015447210625055,0.5239700921341195
H2,lstm,5,0,"{'epochs': 15, 'lr': 0.001, 'weight_decay': 0.01, 'batch_size': 512, 'dropout': 0.2, 'static_h': 128, 'rnn_h': 64, 'cw_power': 1.0}",0.06,0.11636365396877692,0.5391154525948486
H2,lstm,5,1,"{'epochs': 20, 'lr': 0.001965661369800074, 'weight_decay': 0.0050802397052463364, 'batch_size': 1024, 'dropout': 0.2, 'static_h': 256, 'rnn_h': 64, 'cw_power': 1.0}",0.06,0.11605917847717535,0.5382744223988538
H2,lstm,5,2,"{'epochs': 20, 'lr': 0.0015030939212331677, 'weight_decay': 0.0011057876163789282, 'batch_size': 1024, 'dropout': 0.5, 'static_h': 64, 'rnn_h': 64, 'cw_power': 0.0}",0.05,0.11266664656572524,0.5385763968317926
H2,lstm,5,3,"{'epochs': 20, 'lr': 0.0008549442449076081, 'weight_decay': 0.003223057589716503, 'batch_size': 512, 'dropout': 0.1, 'static_h': 256, 'rnn_h': 128, 'cw_power': 0.5}",0.06,0.11566630715387884,0.5424795733788278
H2,lstm,5,4,"{'epochs': 20, 'lr': 0.0021067433788578426, 'weight_decay': 0.0005614008391487599, 'batch_size': 1024, 'dropout': 0.5, 'static_h': 128, 'rnn_h': 128, 'cw_power': 0.0}",0.08,0.1158941476853503,0.5396664995304421
H2,lstm,5,5,"{'epochs': 10, 'lr': 0.001693677237823816, 'weight_decay': 0.049624803024932565, 'batch_size': 512, 'dropout': 0.5, 'static_h': 64, 'rnn_h': 32, 'cw_power': 1.0}",0.06,0.11476570814435891,0.5340692714188798
H2,hyb1,1,0,"{'epochs': 15, 'lr': 0.001, 'weight_decay': 0.01, 'batch_size': 512, 'dropout': 0.2, 'static_h': 128, 'rnn_h': 64, 'cw_power': 1.0}",0.06,0.3647046393054173,0.6703114419020757
H2,hyb1,1,1,"{'epochs': 15, 'lr': 0.00035880709682826394, 'weight_decay': 0.003379296491027595, 'batch_size': 1024, 'dropout': 0.5, 'static_h': 64, 'rnn_h': 128, 'cw_power': 1.0}",0.05,0.33160027662976976,0.6581163842214746
H2,hyb1,1,2,"{'epochs': 10, 'lr': 0.001579746667672951, 'weight_decay': 0.0004217318611808224, 'batch_size': 1024, 'dropout': 0.5, 'static_h': 64, 'rnn_h': 64, 'cw_power': 0.0}",0.08,0.3569194843498704,0.6553891044823358
H2,hyb1,1,3,"{'epochs': 20, 'lr': 0.00041882822317555225, 'weight_decay': 0.0013798980922156384, 'batch_size': 512, 'dropout': 0.3, 'static_h': 128, 'rnn_h': 128, 'cw_power': 0.0}",0.06,0.3711404534967045,0.6669472729418928
H2,hyb1,1,4,"{'epochs': 15, 'lr': 0.0009629425338850481, 'weight_decay': 0.005080252290943449, 'batch_size': 512, 'dropout': 0.2, 'static_h': 64, 'rnn_h': 64, 'cw_power': 0.0}",0.06,0.3544600855833888,0.6711524841421214
H2,hyb1,1,5,"{'epochs': 20, 'lr': 0.002022376938897641, 'weight_decay': 0.0011885836138259324, 'batch_size': 1024, 'dropout': 0.3, 'static_h': 64, 'rnn_h': 32, 'cw_power': 1.0}",0.06,0.3616920958618166,0.6644241462217555
H2,hyb1,2,0,"{'epochs': 15, 'lr': 0.001, 'weight_decay': 0.01, 'batch_size': 512, 'dropout': 0.2, 'static_h': 128, 'rnn_h': 64, 'cw_power': 1.0}",0.06,0.3824462544077563,0.6703114419020757
H2,hyb1,2,1,"{'epochs': 15, 'lr': 0.0010230443258287536, 'weight_decay': 0.00024206336032013673, 'batch_size': 512, 'dropout': 0.2, 'static_h': 64, 'rnn_h': 128, 'cw_power': 0.0}",0.07,0.3892593104847375,0.6726122719884269
H2,hyb1,2,2,"{'epochs': 10, 'lr': 0.00223967492357061, 'weight_decay': 0.0025780010315611937, 'batch_size': 1024, 'dropout': 0.3, 'static_h': 128, 'rnn_h': 128, 'cw_power': 0.0}",0.04,0.4003875794554619,0.6702696718228269
H2,hyb1,2,3,"{'epochs': 20, 'lr': 0.0020656030826244924, 'weight_decay': 0.002031414620581295, 'batch_size': 1024, 'dropout': 0.3, 'static_h': 128, 'rnn_h': 64, 'cw_power': 0.0}",0.06,0.3793233293237196,0.6610599772615726
H2,hyb1,2,4,"{'epochs': 20, 'lr': 0.0023858225912527383, 'weight_decay': 0.00023393705903167308, 'batch_size': 512, 'dropout': 0.2, 'static_h': 128, 'rnn_h': 64, 'cw_power': 1.0}",0.07,0.35588556543478017,0.6553400177528043
H2,hyb1,2,5,"{'epochs': 10, 'lr': 0.00040418789728416756, 'weight_decay': 0.0003458722297366875, 'batch_size': 1024, 'dropout': 0.1, 'static_h': 128, 'rnn_h': 32, 'cw_power': 0.0}",0.05,0.3706779550765562,0.6590220361838017
H2,hyb1,3,0,"{'epochs': 15, 'lr': 0.001, 'weight_decay': 0.01, 'batch_size': 512, 'dropout': 0.2, 'static_h': 128, 'rnn_h': 64, 'cw_power': 1.0}",0.06,0.3693995847513427,0.6745189838819222
H2,hyb1,3,1,"{'epochs': 15, 'lr': 0.002260247232547262, 'weight_decay': 0.0004694558437599121, 'batch_size': 1024, 'dropout': 0.5, 'static_h': 256, 'rnn_h': 128, 'cw_power': 0.0}",0.06,0.38593784108597695,0.676201056316641
H2,hyb1,3,2,"{'epochs': 10, 'lr': 0.0010252003290158564, 'weight_decay': 0.04310578408499409, 'batch_size': 512, 'dropout': 0.2, 'static_h': 128, 'rnn_h': 128, 'cw_power': 0.5}",0.06,0.3814533290437442,0.671995875229844
H2,hyb1,3,3,"{'epochs': 10, 'lr': 0.001840762172895544, 'weight_decay': 0.03138102517249251, 'batch_size': 1024, 'dropout': 0.1, 'static_h': 64, 'rnn_h': 64, 'cw_power': 0.0}",0.08,0.36923367764359905,0.6701345703617776
H2,hyb1,3,4,"{'epochs': 20, 'lr': 0.0003886581862167593, 'weight_decay': 0.0016619833985748954, 'batch_size': 512, 'dropout': 0.1, 'static_h': 256, 'rnn_h': 32, 'cw_power': 0.0}",0.06,0.38857411562345645,0.6787241649687191
H2,hyb1,3,5,"{'epochs': 10, 'lr': 0.0022478509535268153, 'weight_decay': 0.014726733412627539, 'batch_size': 1024, 'dropout': 0.5, 'static_h': 256, 'rnn_h': 64, 'cw_power': 1.0}",0.07,0.3735599462261916,0.6718297143032028
H2,hyb1,4,0,"{'epochs': 15, 'lr': 0.001, 'weight_decay': 0.01, 'batch_size': 512, 'dropout': 0.2, 'static_h': 128, 'rnn_h': 64, 'cw_power': 1.0}",0.07,0.36584802995727506,0.6663314522663824
H2,hyb1,4,1,"{'epochs': 15, 'lr': 0.0010816439342566536, 'weight_decay': 0.00021722957094959068, 'batch_size': 512, 'dropout': 0.1, 'static_h': 64, 'rnn_h': 64, 'cw_power': 0.5}",0.05,0.35158236285340666,0.6671729038447467
H2,hyb1,4,2,"{'epochs': 10, 'lr': 0.0008997668201033907, 'weight_decay': 0.001185032937173704, 'batch_size': 1024, 'dropout': 0.3, 'static_h': 256, 'rnn_h': 32, 'cw_power': 0.5}",0.05,0.35794847598399504,0.668078555807074
H2,hyb1,4,3,"{'epochs': 10, 'lr': 0.0016218753904558667, 'weight_decay': 0.01950094119673912, 'batch_size': 512, 'dropout': 0.5, 'static_h': 128, 'rnn_h': 128, 'cw_power': 1.0}",0.08,0.3591778863054128,0.6671832741685019
H2,hyb1,4,4,"{'epochs': 10, 'lr': 0.0009219099503475576, 'weight_decay': 0.007538062187135504, 'batch_size': 512, 'dropout': 0.5, 'static_h': 128, 'rnn_h': 64, 'cw_power': 1.0}",0.05,0.3511184082291192,0.6617389920707835
H2,hyb1,4,5,"{'epochs': 10, 'lr': 0.002518214971155659, 'weight_decay': 0.0003939969586953616, 'batch_size': 1024, 'dropout': 0.5, 'static_h': 128, 'rnn_h': 32, 'cw_power': 0.0}",0.05,0.36850110416333154,0.6653615999200923
H2,hyb1,5,0,"{'epochs': 15, 'lr': 0.001, 'weight_decay': 0.01, 'batch_size': 512, 'dropout': 0.2, 'static_h': 128, 'rnn_h': 64, 'cw_power': 1.0}",0.06,0.38337475841155855,0.6677930725820533
H2,hyb1,5,1,"{'epochs': 20, 'lr': 0.0007106585667936702, 'weight_decay': 0.005485085632653561, 'batch_size': 1024, 'dropout': 0.2, 'static_h': 256, 'rnn_h': 64, 'cw_power': 0.0}",0.06,0.36558057635083535,0.664428951798074
H2,hyb1,5,2,"{'epochs': 20, 'lr': 0.0013749913842988973, 'weight_decay': 0.04395998044374599, 'batch_size': 512, 'dropout': 0.1, 'static_h': 256, 'rnn_h': 32, 'cw_power': 0.0}",0.05,0.3002444927751294,0.6354798816973435
H2,hyb1,5,3,"{'epochs': 20, 'lr': 0.000532408879875881, 'weight_decay': 0.06183016953483377, 'batch_size': 1024, 'dropout': 0.1, 'static_h': 256, 'rnn_h': 128, 'cw_power': 1.0}",0.05,0.37696510230960695,0.671705483516241
H2,hyb1,5,4,"{'epochs': 15, 'lr': 0.0005949689575336594, 'weight_decay': 0.004928573709882589, 'batch_size': 1024, 'dropout': 0.5, 'static_h': 256, 'rnn_h': 64, 'cw_power': 0.0}",0.04,0.39279815609101454,0.676170373353209
H2,hyb1,5,5,"{'epochs': 15, 'lr': 0.00041762789292319746, 'weight_decay': 0.02846951424842078, 'batch_size': 512, 'dropout': 0.1, 'static_h': 64, 'rnn_h': 32, 'cw_power': 0.0}",0.06,0.3858689465354003,0.6694751329740429
H2,hyb2,1,0,"{'epochs': 15, 'lr': 0.001, 'weight_decay': 0.01, 'batch_size': 512, 'dropout': 0.2, 'static_h': 128, 'rnn_h': 64, 'cw_power': 1.0}",0.05,0.37326668474553726,0.6698898597317283
H2,hyb2,1,1,"{'epochs': 15, 'lr': 0.00039067780984313274, 'weight_decay': 0.022279004454554028, 'batch_size': 1024, 'dropout': 0.5, 'static_h': 128, 'rnn_h': 32, 'cw_power': 0.0}",0.09000000000000001,0.32242013864303953,0.6522760259361695
H2,hyb2,1,2,"{'epochs': 10, 'lr': 0.0005201368702565327, 'weight_decay': 0.048321596143628645, 'batch_size': 1024, 'dropout': 0.5, 'static_h': 256, 'rnn_h': 64, 'cw_power': 1.0}",0.1,0.3444195211193689,0.6605939429865265
H2,hyb2,1,3,"{'epochs': 10, 'lr': 0.002683661968482022, 'weight_decay': 0.006560139735745196, 'batch_size': 512, 'dropout': 0.2, 'static_h': 128, 'rnn_h': 64, 'cw_power': 1.0}",0.07,0.360303535587402,0.668686759662149
H2,hyb2,1,4,"{'epochs': 20, 'lr': 0.002295751619407281, 'weight_decay': 0.0005004959326798051, 'batch_size': 1024, 'dropout': 0.1, 'static_h': 128, 'rnn_h': 32, 'cw_power': 0.5}",0.05,0.33258261874023265,0.6635502959954378
H2,hyb2,1,5,"{'epochs': 20, 'lr': 0.0012748867362597025, 'weight_decay': 0.035449962463533866, 'batch_size': 512, 'dropout': 0.5, 'static_h': 128, 'rnn_h': 128, 'cw_power': 0.0}",0.04,0.3654817063995544,0.6663384607566311
H2,hyb2,2,0,"{'epochs': 15, 'lr': 0.001, 'weight_decay': 0.01, 'batch_size': 512, 'dropout': 0.2, 'static_h': 128, 'rnn_h': 64, 'cw_power': 1.0}",0.05,0.3837066879635394,0.6698898597317283
H2,hyb2,2,1,"{'epochs': 15, 'lr': 0.002687250238949793, 'weight_decay': 0.0893934155061458, 'batch_size': 512, 'dropout': 0.5, 'static_h': 128, 'rnn_h': 64, 'cw_power': 1.0}",0.05,0.3987714163984748,0.6762294234680188
H2,hyb2,2,2,"{'epochs': 10, 'lr': 0.0013969946526311006, 'weight_decay': 0.00472315056490195, 'batch_size': 1024, 'dropout': 0.1, 'static_h': 256, 'rnn_h': 32, 'cw_power': 0.5}",0.07,0.35810923632766994,0.657695325148571
H2,hyb2,2,3,"{'epochs': 15, 'lr': 0.0005773936234133642, 'weight_decay': 0.00044036025860361703, 'batch_size': 1024, 'dropout': 0.3, 'static_h': 64, 'rnn_h': 64, 'cw_power': 0.5}",0.05,0.38972579621553183,0.668078555807074
H2,hyb2,2,4,"{'epochs': 15, 'lr': 0.001689405740020505, 'weight_decay': 0.00012414763999118338, 'batch_size': 1024, 'dropout': 0.2, 'static_h': 64, 'rnn_h': 128, 'cw_power': 1.0}",0.07,0.3812125371474028,0.6679016571968934
H2,hyb2,2,5,"{'epochs': 10, 'lr': 0.001447754772590804, 'weight_decay': 0.00022675507943997771, 'batch_size': 1024, 'dropout': 0.2, 'static_h': 64, 'rnn_h': 64, 'cw_power': 1.0}",0.08,0.3925264254067202,0.6730803590115849
H2,hyb2,3,0,"{'epochs': 15, 'lr': 0.001, 'weight_decay': 0.01, 'batch_size': 512, 'dropout': 0.2, 'static_h': 128, 'rnn_h': 64, 'cw_power': 1.0}",0.04,0.37161728534208227,0.6653576655206921
H2,hyb2,3,1,"{'epochs': 20, 'lr': 0.0019149724524312312, 'weight_decay': 0.08494628021790206, 'batch_size': 512, 'dropout': 0.5, 'static_h': 64, 'rnn_h': 32, 'cw_power': 0.5}",0.05,0.39525579844116676,0.6816654298578424
H2,hyb2,3,2,"{'epochs': 20, 'lr': 0.0005576163450656719, 'weight_decay': 0.00013486934498486595, 'batch_size': 1024, 'dropout': 0.2, 'static_h': 256, 'rnn_h': 64, 'cw_power': 0.5}",0.06,0.39493920437809765,0.6770420925340004
H2,hyb2,3,3,"{'epochs': 15, 'lr': 0.0018987355497209052, 'weight_decay': 0.006576483739519522, 'batch_size': 1024, 'dropout': 0.5, 'static_h': 128, 'rnn_h': 32, 'cw_power': 0.0}",0.09000000000000001,0.37731436458666445,0.6724268018529674
H2,hyb2,3,4,"{'epochs': 10, 'lr': 0.0015551548556877784, 'weight_decay': 0.00011806517107587756, 'batch_size': 1024, 'dropout': 0.1, 'static_h': 128, 'rnn_h': 64, 'cw_power': 0.5}",0.07,0.3746020847839231,0.6694744251714076
H2,hyb2,3,5,"{'epochs': 10, 'lr': 0.0005779963280576946, 'weight_decay': 0.002470643573540375, 'batch_size': 512, 'dropout': 0.3, 'static_h': 128, 'rnn_h': 32, 'cw_power': 0.5}",0.07,0.3884504381575891,0.6765402925667932
H2,hyb2,4,0,"{'epochs': 15, 'lr': 0.001, 'weight_decay': 0.01, 'batch_size': 512, 'dropout': 0.2, 'static_h': 128, 'rnn_h': 64, 'cw_power': 1.0}",0.07,0.36521634838324557,0.6694718621274045
H2,hyb2,4,1,"{'epochs': 10, 'lr': 0.0005594470763694929, 'weight_decay': 0.019477135006195318, 'batch_size': 1024, 'dropout': 0.5, 'static_h': 128, 'rnn_h': 64, 'cw_power': 1.0}",0.09000000000000001,0.33562764528566735,0.6626973238601606
H2,hyb2,4,2,"{'epochs': 15, 'lr': 0.0009909951464838389, 'weight_decay': 0.00032627160375973193, 'batch_size': 1024, 'dropout': 0.2, 'static_h': 128, 'rnn_h': 32, 'cw_power': 0.5}",0.06,0.36515194590670835,0.666106230701847
H2,hyb2,4,3,"{'epochs': 10, 'lr': 0.0008045521334288846, 'weight_decay': 0.0010693110348937952, 'batch_size': 1024, 'dropout': 0.3, 'static_h': 128, 'rnn_h': 128, 'cw_power': 1.0}",0.05,0.3479763096761499,0.6653615999200923
H2,hyb2,4,4,"{'epochs': 10, 'lr': 0.00043963548281678825, 'weight_decay': 0.09668118185731016, 'batch_size': 1024, 'dropout': 0.1, 'static_h': 64, 'rnn_h': 32, 'cw_power': 0.5}",0.1,0.33023167901643957,0.6657095500741528
H2,hyb2,4,5,"{'epochs': 15, 'lr': 0.0007593280025105715, 'weight_decay': 0.000666702615154639, 'batch_size': 1024, 'dropout': 0.2, 'static_h': 128, 'rnn_h': 128, 'cw_power': 0.0}",0.07,0.3495133842897606,0.6671165547316378
H2,hyb2,5,0,"{'epochs': 15, 'lr': 0.001, 'weight_decay': 0.01, 'batch_size': 512, 'dropout': 0.2, 'static_h': 128, 'rnn_h': 64, 'cw_power': 1.0}",0.05,0.3786680423566506,0.6680829233343514
H2,hyb2,5,1,"{'epochs': 10, 'lr': 0.0003178716394222952, 'weight_decay': 0.013822931853874162, 'batch_size': 512, 'dropout': 0.2, 'static_h': 256, 'rnn_h': 64, 'cw_power': 0.0}",0.05,0.3757660776916017,0.665366003197934
H2,hyb2,5,2,"{'epochs': 15, 'lr': 0.00226133501692083, 'weight_decay': 0.001277327463065422, 'batch_size': 512, 'dropout': 0.5, 'static_h': 128, 'rnn_h': 64, 'cw_power': 1.0}",0.04,0.39490023859040874,0.6742047914008764
H2,hyb2,5,3,"{'epochs': 15, 'lr': 0.00034047046569411245, 'weight_decay': 0.00013573213831798617, 'batch_size': 512, 'dropout': 0.3, 'static_h': 256, 'rnn_h': 32, 'cw_power': 0.0}",0.06,0.3861738247430169,0.6635879216020792
H2,hyb2,5,4,"{'epochs': 15, 'lr': 0.0006717623469426328, 'weight_decay': 0.08302653164909057, 'batch_size': 512, 'dropout': 0.1, 'static_h': 64, 'rnn_h': 32, 'cw_power': 0.0}",0.06,0.3849340555487897,0.6635879216020792
H2,hyb2,5,5,"{'epochs': 10, 'lr': 0.0028321565223077215, 'weight_decay': 0.00013018266633628905, 'batch_size': 1024, 'dropout': 0.5, 'static_h': 64, 'rnn_h': 128, 'cw_power': 1.0}",0.09000000000000001,0.39617887301366184,0.6710402529543318
H2,hyb3,1,0,"{'epochs': 15, 'lr': 0.001, 'weight_decay': 0.01, 'batch_size': 512, 'dropout': 0.2, 'static_h': 128, 'rnn_h': 64, 'cw_power': 1.0}",0.05,0.36268814107222785,0.6644559479577651
H2,hyb3,1,1,"{'epochs': 20, 'lr': 0.0003538237034980365, 'weight_decay': 0.028908137016449814, 'batch_size': 1024, 'dropout': 0.2, 'static_h': 128, 'rnn_h': 64, 'cw_power': 1.0}",0.06,0.3688540275602128,0.6694703996620299
H2,hyb3,1,2,"{'epochs': 10, 'lr': 0.0010388562265183328, 'weight_decay': 0.0014462097518201404, 'batch_size': 1024, 'dropout': 0.1, 'static_h': 128, 'rnn_h': 64, 'cw_power': 0.0}",0.08,0.34854166308334017,0.6598119181146481
H2,hyb3,1,3,"{'epochs': 10, 'lr': 0.002831575297855779, 'weight_decay': 0.09212918031218086, 'batch_size': 512, 'dropout': 0.1, 'static_h': 256, 'rnn_h': 32, 'cw_power': 0.5}",0.07,0.3606879523772736,0.668686759662149
H2,hyb3,1,4,"{'epochs': 15, 'lr': 0.001316431275626808, 'weight_decay': 0.0011509905654851881, 'batch_size': 512, 'dropout': 0.3, 'static_h': 128, 'rnn_h': 64, 'cw_power': 0.0}",0.04,0.3759429498795617,0.6712524745893759
H2,hyb3,1,5,"{'epochs': 10, 'lr': 0.001361229069951633, 'weight_decay': 0.037375851973407544, 'batch_size': 512, 'dropout': 0.2, 'static_h': 64, 'rnn_h': 32, 'cw_power': 0.0}",0.07,0.3587596395108471,0.66319104240536
H2,hyb3,2,0,"{'epochs': 15, 'lr': 0.001, 'weight_decay': 0.01, 'batch_size': 512, 'dropout': 0.2, 'static_h': 128, 'rnn_h': 64, 'cw_power': 1.0}",0.06,0.3900776869821321,0.6719935263821671
H2,hyb3,2,1,"{'epochs': 15, 'lr': 0.0004553983836014911, 'weight_decay': 0.04370561471481409, 'batch_size': 512, 'dropout': 0.5, 'static_h': 256, 'rnn_h': 32, 'cw_power': 1.0}",0.07,0.3969364007931835,0.6679016571968934
H2,hyb3,2,2,"{'epochs': 10, 'lr': 0.0005790614163580618, 'weight_decay': 0.0027056367415127097, 'batch_size': 512, 'dropout': 0.1, 'static_h': 256, 'rnn_h': 64, 'cw_power': 0.0}",0.07,0.3991113065282519,0.6781079892452159
H2,hyb3,2,3,"{'epochs': 10, 'lr': 0.0004483120885641811, 'weight_decay': 0.0004181785609280859, 'batch_size': 1024, 'dropout': 0.2, 'static_h': 128, 'rnn_h': 64, 'cw_power': 0.0}",0.08,0.3817583747930411,0.6590747825092627
H2,hyb3,2,4,"{'epochs': 10, 'lr': 0.0010204968067658161, 'weight_decay': 0.00030019961219081087, 'batch_size': 1024, 'dropout': 0.3, 'static_h': 128, 'rnn_h': 64, 'cw_power': 0.5}",0.05,0.39481697331671756,0.668078555807074
H2,hyb3,2,5,"{'epochs': 10, 'lr': 0.0006568971186106128, 'weight_decay': 0.0007712124487262318, 'batch_size': 1024, 'dropout': 0.5, 'static_h': 64, 'rnn_h': 64, 'cw_power': 0.0}",0.07,0.362936770881108,0.657695325148571
H2,hyb3,3,0,"{'epochs': 15, 'lr': 0.001, 'weight_decay': 0.01, 'batch_size': 512, 'dropout': 0.2, 'static_h': 128, 'rnn_h': 64, 'cw_power': 1.0}",0.06,0.3646372480298513,0.6635855130562504
H2,hyb3,3,1,"{'epochs': 15, 'lr': 0.001259194826762386, 'weight_decay': 0.009512910169050235, 'batch_size': 512, 'dropout': 0.2, 'static_h': 64, 'rnn_h': 128, 'cw_power': 0.0}",0.07,0.3798646912850398,0.6671191360396125
H2,hyb3,3,2,"{'epochs': 20, 'lr': 0.0030692899896837605, 'weight_decay': 0.007074187340495451, 'batch_size': 1024, 'dropout': 0.1, 'static_h': 64, 'rnn_h': 32, 'cw_power': 0.5}",0.05,0.3791494624718465,0.6789484918480944
H2,hyb3,3,3,"{'epochs': 10, 'lr': 0.0005101333138815097, 'weight_decay': 0.07022694074892397, 'batch_size': 1024, 'dropout': 0.2, 'static_h': 64, 'rnn_h': 128, 'cw_power': 1.0}",0.06,0.3597811257969036,0.6703138027951254
H2,hyb3,3,4,"{'epochs': 20, 'lr': 0.001653973625311765, 'weight_decay': 0.0026241343369594727, 'batch_size': 512, 'dropout': 0.2, 'static_h': 128, 'rnn_h': 64, 'cw_power': 0.0}",0.06,0.3682429412782142,0.6686317303604066
H2,hyb3,3,5,"{'epochs': 20, 'lr': 0.0005185688921410731, 'weight_decay': 0.010550824859016898, 'batch_size': 512, 'dropout': 0.3, 'static_h': 64, 'rnn_h': 64, 'cw_power': 0.0}",0.06,0.3859655865570651,0.6745189838819222
H2,hyb3,4,0,"{'epochs': 15, 'lr': 0.001, 'weight_decay': 0.01, 'batch_size': 512, 'dropout': 0.2, 'static_h': 128, 'rnn_h': 64, 'cw_power': 1.0}",0.06,0.36044538533483494,0.6677883151819385
H2,hyb3,4,1,"{'epochs': 10, 'lr': 0.0006466257572988651, 'weight_decay': 0.008318930786654861, 'batch_size': 1024, 'dropout': 0.2, 'static_h': 64, 'rnn_h': 32, 'cw_power': 0.0}",0.11,0.31274373007872497,0.648991280232117
H2,hyb3,4,2,"{'epochs': 10, 'lr': 0.0006531016061443972, 'weight_decay': 0.016451143145850246, 'batch_size': 512, 'dropout': 0.3, 'static_h': 128, 'rnn_h': 32, 'cw_power': 0.0}",0.08,0.35115981978789396,0.6649718673523457
H2,hyb3,4,3,"{'epochs': 20, 'lr': 0.000594735720415448, 'weight_decay': 0.0023945343074959274, 'batch_size': 1024, 'dropout': 0.2, 'static_h': 256, 'rnn_h': 32, 'cw_power': 0.0}",0.06,0.37336398894364026,0.6719935263821671
H2,hyb3,4,4,"{'epochs': 10, 'lr': 0.002014000782582112, 'weight_decay': 0.007370109578254018, 'batch_size': 512, 'dropout': 0.2, 'static_h': 64, 'rnn_h': 128, 'cw_power': 0.5}",0.05,0.3523743604871374,0.6599276881461289
H2,hyb3,4,5,"{'epochs': 20, 'lr': 0.0005093458389161598, 'weight_decay': 0.09024540525772207, 'batch_size': 512, 'dropout': 0.3, 'static_h': 64, 'rnn_h': 32, 'cw_power': 1.0}",0.08,0.34879113184385896,0.6686575453792727
H2,hyb3,5,0,"{'epochs': 15, 'lr': 0.001, 'weight_decay': 0.01, 'batch_size': 512, 'dropout': 0.2, 'static_h': 128, 'rnn_h': 64, 'cw_power': 1.0}",0.04,0.3777799857278377,0.67322200042471
H2,hyb3,5,1,"{'epochs': 20, 'lr': 0.0005173650359675616, 'weight_decay': 0.0007920802966227965, 'batch_size': 1024, 'dropout': 0.2, 'static_h': 128, 'rnn_h': 64, 'cw_power': 0.5}",0.05,0.3704714309353516,0.6689885633798237
H2,hyb3,5,2,"{'epochs': 20, 'lr': 0.0008076905559251542, 'weight_decay': 0.007465615524784431, 'batch_size': 1024, 'dropout': 0.2, 'static_h': 256, 'rnn_h': 32, 'cw_power': 0.5}",0.05,0.3605498507847436,0.6599321629250994
H2,hyb3,5,3,"{'epochs': 15, 'lr': 0.00041487800460832954, 'weight_decay': 0.00042030378462477213, 'batch_size': 1024, 'dropout': 0.5, 'static_h': 128, 'rnn_h': 128, 'cw_power': 0.5}",0.05,0.3751510428621066,0.6789506038800206
H2,hyb3,5,4,"{'epochs': 10, 'lr': 0.000970428644172847, 'weight_decay': 0.00019168785747515458, 'batch_size': 1024, 'dropout': 0.3, 'static_h': 256, 'rnn_h': 128, 'cw_power': 1.0}",0.06,0.3830748215367472,0.6703161631700377
H2,hyb3,5,5,"{'epochs': 10, 'lr': 0.001044380329095136, 'weight_decay': 0.013098964538467345, 'batch_size': 512, 'dropout': 0.2, 'static_h': 64, 'rnn_h': 64, 'cw_power': 0.5}",0.06,0.37264426437552384,0.6703161631700377
H2,hyb4,1,0,"{'epochs': 15, 'lr': 0.001, 'weight_decay': 0.01, 'batch_size': 512, 'dropout': 0.2, 'static_h': 128, 'rnn_h': 64, 'cw_power': 1.0}",0.05,0.3552254778628797,0.6653615999200923
H2,hyb4,1,1,"{'epochs': 20, 'lr': 0.002070994287927953, 'weight_decay': 0.0009897651443552687, 'batch_size': 1024, 'dropout': 0.2, 'static_h': 64, 'rnn_h': 64, 'cw_power': 1.0}",0.08,0.3647793666985247,0.6693946809846579
H2,hyb4,1,2,"{'epochs': 20, 'lr': 0.002635627866934064, 'weight_decay': 0.0005205653387205896, 'batch_size': 512, 'dropout': 0.2, 'static_h': 128, 'rnn_h': 32, 'cw_power': 0.5}",0.07,0.3448285248743956,0.6679016571968934
H2,hyb4,1,3,"{'epochs': 15, 'lr': 0.0007845973963477347, 'weight_decay': 0.001286699859872677, 'batch_size': 512, 'dropout': 0.5, 'static_h': 256, 'rnn_h': 64, 'cw_power': 0.0}",0.05,0.3666082894009913,0.6717011636563828
H2,hyb4,1,4,"{'epochs': 15, 'lr': 0.000568758633490662, 'weight_decay': 0.00300820950809498, 'batch_size': 512, 'dropout': 0.3, 'static_h': 256, 'rnn_h': 64, 'cw_power': 0.5}",0.04,0.35882081677688893,0.6702696718228269
H2,hyb4,1,5,"{'epochs': 20, 'lr': 0.0003394252937858472, 'weight_decay': 0.0044925683690358875, 'batch_size': 512, 'dropout': 0.1, 'static_h': 256, 'rnn_h': 128, 'cw_power': 0.5}",0.05,0.35787445868297063,0.6717011636563828
H2,hyb4,2,0,"{'epochs': 15, 'lr': 0.001, 'weight_decay': 0.01, 'batch_size': 512, 'dropout': 0.2, 'static_h': 128, 'rnn_h': 64, 'cw_power': 1.0}",0.06,0.3790746511743339,0.6619010195016184
H2,hyb4,2,1,"{'epochs': 20, 'lr': 0.0006371899670243096, 'weight_decay': 0.013805203859143092, 'batch_size': 512, 'dropout': 0.2, 'static_h': 64, 'rnn_h': 32, 'cw_power': 1.0}",0.04,0.38417718364466363,0.6633900524569842
H2,hyb4,2,2,"{'epochs': 15, 'lr': 0.0009284216821397459, 'weight_decay': 0.06099618668074492, 'batch_size': 512, 'dropout': 0.2, 'static_h': 64, 'rnn_h': 128, 'cw_power': 0.5}",0.07,0.40122030382593765,0.6757526818494491
H2,hyb4,2,3,"{'epochs': 15, 'lr': 0.002904535935240565, 'weight_decay': 0.0003122659648354337, 'batch_size': 512, 'dropout': 0.3, 'static_h': 64, 'rnn_h': 32, 'cw_power': 1.0}",0.05,0.3919120428227013,0.6780407273926734
H2,hyb4,2,4,"{'epochs': 10, 'lr': 0.0011048431788006595, 'weight_decay': 0.0025594695796360084, 'batch_size': 1024, 'dropout': 0.5, 'static_h': 128, 'rnn_h': 128, 'cw_power': 1.0}",0.07,0.38297431472994536,0.6647612473358712
H2,hyb4,2,5,"{'epochs': 10, 'lr': 0.00042051960679141703, 'weight_decay': 0.0001265424521384993, 'batch_size': 512, 'dropout': 0.2, 'static_h': 64, 'rnn_h': 128, 'cw_power': 0.0}",0.06,0.39301557548574123,0.6686293574219841
H2,hyb4,3,0,"{'epochs': 15, 'lr': 0.001, 'weight_decay': 0.01, 'batch_size': 512, 'dropout': 0.2, 'static_h': 128, 'rnn_h': 64, 'cw_power': 1.0}",0.06,0.36806630376241417,0.669472766577766
H2,hyb4,3,1,"{'epochs': 15, 'lr': 0.0026925749279376626, 'weight_decay': 0.002293166049714666, 'batch_size': 1024, 'dropout': 0.3, 'static_h': 64, 'rnn_h': 64, 'cw_power': 0.5}",0.09000000000000001,0.3841263590242046,0.675900536721971
H2,hyb4,3,2,"{'epochs': 15, 'lr': 0.0003844101011773142, 'weight_decay': 0.00024174174612021413, 'batch_size': 1024, 'dropout': 0.1, 'static_h': 128, 'rnn_h': 128, 'cw_power': 0.5}",0.08,0.3729206738967966,0.6649746641998389
H2,hyb4,3,3,"{'epochs': 20, 'lr': 0.0006130739190419468, 'weight_decay': 0.00048476416192665454, 'batch_size': 1024, 'dropout': 0.3, 'static_h': 128, 'rnn_h': 64, 'cw_power': 0.5}",0.06,0.39534524078889405,0.6778831287513597
H2,hyb4,3,4,"{'epochs': 15, 'lr': 0.0004167560908489391, 'weight_decay': 0.00010073551051647095, 'batch_size': 1024, 'dropout': 0.1, 'static_h': 128, 'rnn_h': 64, 'cw_power': 0.0}",0.08,0.37087028544843265,0.6671860525549554
H2,hyb4,3,5,"{'epochs': 10, 'lr': 0.0006105970418098242, 'weight_decay': 0.01896689651570759, 'batch_size': 512, 'dropout': 0.5, 'static_h': 64, 'rnn_h': 128, 'cw_power': 0.5}",0.05,0.3583432882389014,0.6617412177863561
H2,hyb4,4,0,"{'epochs': 15, 'lr': 0.001, 'weight_decay': 0.01, 'batch_size': 512, 'dropout': 0.2, 'static_h': 128, 'rnn_h': 64, 'cw_power': 1.0}",0.07,0.34583615862335415,0.657695325148571
H2,hyb4,4,1,"{'epochs': 10, 'lr': 0.0014717686832649711, 'weight_decay': 0.04300484869099237, 'batch_size': 512, 'dropout': 0.5, 'static_h': 128, 'rnn_h': 64, 'cw_power': 1.0}",0.07,0.35337111967440316,0.6663314522663824
H2,hyb4,4,2,"{'epochs': 15, 'lr': 0.0007748024095969736, 'weight_decay': 0.0028598689316459117, 'batch_size': 1024, 'dropout': 0.3, 'static_h': 256, 'rnn_h': 64, 'cw_power': 0.0}",0.07,0.338150729726261,0.6655463498011267
H2,hyb4,4,3,"{'epochs': 20, 'lr': 0.001236218793818021, 'weight_decay': 0.0055741552437858916, 'batch_size': 512, 'dropout': 0.2, 'static_h': 128, 'rnn_h': 32, 'cw_power': 0.5}",0.05,0.34325864900113706,0.6617389920707835
H2,hyb4,4,4,"{'epochs': 15, 'lr': 0.0009375479914429411, 'weight_decay': 0.0037682026142901804, 'batch_size': 512, 'dropout': 0.2, 'static_h': 128, 'rnn_h': 32, 'cw_power': 1.0}",0.06,0.3598457792575675,0.6719935263821671
H2,hyb4,4,5,"{'epochs': 20, 'lr': 0.0017024182267870239, 'weight_decay': 0.0742191130734426, 'batch_size': 1024, 'dropout': 0.1, 'static_h': 64, 'rnn_h': 64, 'cw_power': 0.5}",0.07,0.34468539213577587,0.6600506325443377
H2,hyb4,5,0,"{'epochs': 15, 'lr': 0.001, 'weight_decay': 0.01, 'batch_size': 512, 'dropout': 0.2, 'static_h': 128, 'rnn_h': 64, 'cw_power': 1.0}",0.04,0.38558095531223313,0.6751875823770426
H2,hyb4,5,1,"{'epochs': 15, 'lr': 0.0006473339403459819, 'weight_decay': 0.0032591990485858944, 'batch_size': 512, 'dropout': 0.1, 'static_h': 128, 'rnn_h': 64, 'cw_power': 1.0}",0.07,0.3588532241765625,0.6553453624187449
H2,hyb4,5,2,"{'epochs': 15, 'lr': 0.002180530712212163, 'weight_decay': 0.06846823809338126, 'batch_size': 512, 'dropout': 0.2, 'static_h': 128, 'rnn_h': 128, 'cw_power': 0.0}",0.05,0.3512187460968958,0.6590265228796269
H2,hyb4,5,3,"{'epochs': 15, 'lr': 0.0015482870582167927, 'weight_decay': 0.00034117092022318575, 'batch_size': 512, 'dropout': 0.1, 'static_h': 128, 'rnn_h': 64, 'cw_power': 0.5}",0.05,0.34386222115628157,0.6608378029705718
H2,hyb4,5,4,"{'epochs': 20, 'lr': 0.001743160808721282, 'weight_decay': 0.06996174743290284, 'batch_size': 512, 'dropout': 0.3, 'static_h': 64, 'rnn_h': 128, 'cw_power': 1.0}",0.06,0.3891893232339897,0.6728392537580221
H2,hyb4,5,5,"{'epochs': 10, 'lr': 0.001671020129365323, 'weight_decay': 0.005837483376298455, 'batch_size': 512, 'dropout': 0.3, 'static_h': 128, 'rnn_h': 64, 'cw_power': 0.0}",0.06,0.38292419159039826,0.6661110121900637
H2,proposed,1,0,"{'epochs': 15, 'lr': 0.001, 'weight_decay': 0.01, 'batch_size': 512, 'dropout': 0.2, 'static_h': 128, 'rnn_h': 64, 'cw_power': 1.0}",0.06,0.36826617684651897,0.6703114419020757
H2,proposed,1,1,"{'epochs': 15, 'lr': 0.0018449704573346105, 'weight_decay': 0.016028589374212393, 'batch_size': 512, 'dropout': 0.2, 'static_h': 128, 'rnn_h': 64, 'cw_power': 0.0}",0.04,0.3635622919497595,0.6663384607566311
H2,proposed,1,2,"{'epochs': 10, 'lr': 0.00049619369189888, 'weight_decay': 0.01057778737009843, 'batch_size': 512, 'dropout': 0.5, 'static_h': 128, 'rnn_h': 64, 'cw_power': 0.5}",0.09000000000000001,0.3622547114010756,0.6661710898348241
H2,proposed,1,3,"{'epochs': 10, 'lr': 0.0005459912297763797, 'weight_decay': 0.011009009768538653, 'batch_size': 1024, 'dropout': 0.1, 'static_h': 256, 'rnn_h': 128, 'cw_power': 1.0}",0.05,0.3572397473660352,0.6644559479577651
H2,proposed,1,4,"{'epochs': 20, 'lr': 0.0021049284048726613, 'weight_decay': 0.0010465526285821794, 'batch_size': 512, 'dropout': 0.3, 'static_h': 64, 'rnn_h': 64, 'cw_power': 0.5}",0.06,0.3567751587429717,0.666106230701847
H2,proposed,1,5,"{'epochs': 15, 'lr': 0.000517483073052799, 'weight_decay': 0.05320650535153791, 'batch_size': 1024, 'dropout': 0.1, 'static_h': 256, 'rnn_h': 128, 'cw_power': 1.0}",0.06,0.3583592694969323,0.6669472729418928
H2,proposed,2,0,"{'epochs': 15, 'lr': 0.001, 'weight_decay': 0.01, 'batch_size': 512, 'dropout': 0.2, 'static_h': 128, 'rnn_h': 64, 'cw_power': 1.0}",0.07,0.3638700165913422,0.6647612473358712
H2,proposed,2,1,"{'epochs': 20, 'lr': 0.0025149278226668102, 'weight_decay': 0.000174774833247831, 'batch_size': 1024, 'dropout': 0.5, 'static_h': 256, 'rnn_h': 128, 'cw_power': 1.0}",0.04,0.3840893183395276,0.6653556579900821
H2,proposed,2,2,"{'epochs': 15, 'lr': 0.0005417863096852799, 'weight_decay': 0.0002572479950527003, 'batch_size': 512, 'dropout': 0.3, 'static_h': 256, 'rnn_h': 128, 'cw_power': 1.0}",0.07,0.3991611287018953,0.6749675793841936
H2,proposed,2,3,"{'epochs': 15, 'lr': 0.0007931808051099026, 'weight_decay': 0.0005507372248118887, 'batch_size': 1024, 'dropout': 0.2, 'static_h': 64, 'rnn_h': 128, 'cw_power': 1.0}",0.07,0.3847582830451555,0.6733973744536824
H2,proposed,2,4,"{'epochs': 15, 'lr': 0.0006782134877305925, 'weight_decay': 0.0004529116976313302, 'batch_size': 512, 'dropout': 0.2, 'static_h': 128, 'rnn_h': 128, 'cw_power': 1.0}",0.07,0.38985281370987973,0.6718271695231712
H2,proposed,2,5,"{'epochs': 15, 'lr': 0.0004421705932843836, 'weight_decay': 0.004509426030385031, 'batch_size': 1024, 'dropout': 0.5, 'static_h': 256, 'rnn_h': 32, 'cw_power': 0.0}",0.06,0.3822825789532231,0.660218935021527
H2,proposed,3,0,"{'epochs': 15, 'lr': 0.001, 'weight_decay': 0.01, 'batch_size': 512, 'dropout': 0.2, 'static_h': 128, 'rnn_h': 64, 'cw_power': 1.0}",0.05,0.3800104593716202,0.6771371998415956
H2,proposed,3,1,"{'epochs': 15, 'lr': 0.000721937381101963, 'weight_decay': 0.0008320253546145296, 'batch_size': 512, 'dropout': 0.3, 'static_h': 256, 'rnn_h': 32, 'cw_power': 0.5}",0.05,0.38723712100759144,0.6753259078350968
H2,proposed,3,2,"{'epochs': 20, 'lr': 0.0022124507178597316, 'weight_decay': 0.0003906084730578064, 'batch_size': 1024, 'dropout': 0.3, 'static_h': 256, 'rnn_h': 64, 'cw_power': 1.0}",0.06,0.3652749879558854,0.6703138027951254
H2,proposed,3,3,"{'epochs': 20, 'lr': 0.0004076353506419926, 'weight_decay': 0.00043942083809838463, 'batch_size': 1024, 'dropout': 0.1, 'static_h': 256, 'rnn_h': 64, 'cw_power': 1.0}",0.06,0.36851329054369253,0.6677906941430473
H2,proposed,3,4,"{'epochs': 20, 'lr': 0.0026572096185496414, 'weight_decay': 0.001773686976821046, 'batch_size': 1024, 'dropout': 0.2, 'static_h': 128, 'rnn_h': 64, 'cw_power': 0.5}",0.05,0.3728309164712383,0.6653638017993536
H2,proposed,3,5,"{'epochs': 10, 'lr': 0.0003487423095743233, 'weight_decay': 0.006470080832262095, 'batch_size': 1024, 'dropout': 0.5, 'static_h': 256, 'rnn_h': 32, 'cw_power': 0.5}",0.08,0.3444870379242387,0.66644892310325
H2,proposed,4,0,"{'epochs': 15, 'lr': 0.001, 'weight_decay': 0.01, 'batch_size': 512, 'dropout': 0.2, 'static_h': 128, 'rnn_h': 64, 'cw_power': 1.0}",0.08,0.3726291699688826,0.6767660370385118
H2,proposed,4,1,"{'epochs': 15, 'lr': 0.0018359289456528116, 'weight_decay': 0.00689946170451832, 'batch_size': 512, 'dropout': 0.1, 'static_h': 256, 'rnn_h': 128, 'cw_power': 0.5}",0.05,0.33196325366663576,0.6617389920707835
H2,proposed,4,2,"{'epochs': 15, 'lr': 0.0008390032643248781, 'weight_decay': 0.0007419518012332115, 'batch_size': 512, 'dropout': 0.2, 'static_h': 128, 'rnn_h': 32, 'cw_power': 0.5}",0.06,0.3474421501053483,0.6619010195016184
H2,proposed,4,3,"{'epochs': 10, 'lr': 0.0031487084285633142, 'weight_decay': 0.0010309900353118154, 'batch_size': 1024, 'dropout': 0.2, 'static_h': 256, 'rnn_h': 64, 'cw_power': 0.5}",0.06,0.3546672636788811,0.6551726815812526
H2,proposed,4,4,"{'epochs': 20, 'lr': 0.0006787902206180619, 'weight_decay': 0.043359722232824735, 'batch_size': 512, 'dropout': 0.5, 'static_h': 64, 'rnn_h': 128, 'cw_power': 1.0}",0.06,0.3646850123904479,0.6711524841421214
H2,proposed,4,5,"{'epochs': 10, 'lr': 0.0005220049873854221, 'weight_decay': 0.002777907612222829, 'batch_size': 1024, 'dropout': 0.5, 'static_h': 128, 'rnn_h': 32, 'cw_power': 1.0}",0.07,0.3272043770903622,0.6616208374748489
H2,proposed,5,0,"{'epochs': 15, 'lr': 0.001, 'weight_decay': 0.01, 'batch_size': 512, 'dropout': 0.2, 'static_h': 128, 'rnn_h': 64, 'cw_power': 1.0}",0.06,0.37448303062254173,0.6635879216020792
H2,proposed,5,1,"{'epochs': 10, 'lr': 0.0024377074761425636, 'weight_decay': 0.011946783314562268, 'batch_size': 512, 'dropout': 0.5, 'static_h': 256, 'rnn_h': 64, 'cw_power': 0.0}",0.05,0.3779668847657122,0.665366003197934
H2,proposed,5,2,"{'epochs': 10, 'lr': 0.0026253601177207366, 'weight_decay': 0.0020057964096014567, 'batch_size': 1024, 'dropout': 0.5, 'static_h': 64, 'rnn_h': 128, 'cw_power': 1.0}",0.05,0.3825215578491829,0.6671772832888789
H2,proposed,5,3,"{'epochs': 20, 'lr': 0.0026700379273423454, 'weight_decay': 0.0008303578653134612, 'batch_size': 512, 'dropout': 0.2, 'static_h': 256, 'rnn_h': 32, 'cw_power': 1.0}",0.05,0.3708694181904639,0.6626490830615166
H2,proposed,5,4,"{'epochs': 15, 'lr': 0.0003476292134387188, 'weight_decay': 0.0007438756719011025, 'batch_size': 1024, 'dropout': 0.1, 'static_h': 128, 'rnn_h': 32, 'cw_power': 1.0}",0.05,0.3796640825951941,0.6707998434707687
H2,proposed,5,5,"{'epochs': 10, 'lr': 0.002299102233256568, 'weight_decay': 0.008931150181959478, 'batch_size': 512, 'dropout': 0.2, 'static_h': 256, 'rnn_h': 128, 'cw_power': 1.0}",0.03,0.3692344002351781,0.665858590979323
H2,hyb5,1,0,"{'epochs': 15, 'lr': 0.001, 'weight_decay': 0.01, 'batch_size': 512, 'dropout': 0.2, 'static_h': 128, 'rnn_h': 64, 'cw_power': 1.0}",0.04,0.36707401463050593,0.66732126352318
H2,hyb5,1,1,"{'epochs': 20, 'lr': 0.0017622183167666826, 'weight_decay': 0.0036377842981945145, 'batch_size': 512, 'dropout': 0.5, 'static_h': 64, 'rnn_h': 32, 'cw_power': 0.5}",0.08,0.37715695626693796,0.6708689521954287
H2,hyb5,1,2,"{'epochs': 15, 'lr': 0.002651440631112494, 'weight_decay': 0.006825218493660943, 'batch_size': 1024, 'dropout': 0.1, 'static_h': 128, 'rnn_h': 64, 'cw_power': 1.0}",0.05,0.35408316099215986,0.6626446440331106
H2,hyb5,1,3,"{'epochs': 10, 'lr': 0.000593218067306674, 'weight_decay': 0.08828542818949264, 'batch_size': 1024, 'dropout': 0.2, 'static_h': 128, 'rnn_h': 128, 'cw_power': 0.0}",0.09000000000000001,0.3432306052129515,0.6647815834449586
H2,hyb5,1,4,"{'epochs': 20, 'lr': 0.0005571519885858684, 'weight_decay': 0.00045458377791591907, 'batch_size': 512, 'dropout': 0.3, 'static_h': 128, 'rnn_h': 64, 'cw_power': 0.5}",0.06,0.374547620112912,0.6719935263821671
H2,hyb5,1,5,"{'epochs': 15, 'lr': 0.003119784288863766, 'weight_decay': 0.004838097343366443, 'batch_size': 1024, 'dropout': 0.1, 'static_h': 128, 'rnn_h': 64, 'cw_power': 0.0}",0.05,0.34635417826041653,0.6590220361838017
H2,hyb5,2,0,"{'epochs': 15, 'lr': 0.001, 'weight_decay': 0.01, 'batch_size': 512, 'dropout': 0.2, 'static_h': 128, 'rnn_h': 64, 'cw_power': 1.0}",0.07,0.392712153926595,0.6710420670579157
H2,hyb5,2,1,"{'epochs': 15, 'lr': 0.0008536915923372732, 'weight_decay': 0.015041577074857562, 'batch_size': 1024, 'dropout': 0.2, 'static_h': 256, 'rnn_h': 128, 'cw_power': 0.5}",0.06,0.3891821548424735,0.6669472729418928
H2,hyb5,2,2,"{'epochs': 20, 'lr': 0.0003273835340641659, 'weight_decay': 0.0012460545204203378, 'batch_size': 1024, 'dropout': 0.3, 'static_h': 128, 'rnn_h': 32, 'cw_power': 0.5}",0.07,0.3892989767138684,0.66319104240536
H2,hyb5,2,3,"{'epochs': 15, 'lr': 0.0007675486897545705, 'weight_decay': 0.00017534120822501305, 'batch_size': 1024, 'dropout': 0.2, 'static_h': 256, 'rnn_h': 128, 'cw_power': 0.5}",0.05,0.39575719825190814,0.6698898597317283
H2,hyb5,2,4,"{'epochs': 15, 'lr': 0.0005217884489094507, 'weight_decay': 0.0004667723290989015, 'batch_size': 1024, 'dropout': 0.1, 'static_h': 64, 'rnn_h': 64, 'cw_power': 0.5}",0.07,0.392238608781914,0.668686759662149
H2,hyb5,2,5,"{'epochs': 10, 'lr': 0.002854111275455505, 'weight_decay': 0.004667033955932527, 'batch_size': 1024, 'dropout': 0.5, 'static_h': 256, 'rnn_h': 64, 'cw_power': 1.0}",0.07,0.397141466574073,0.6726122719884269
H2,hyb5,3,0,"{'epochs': 15, 'lr': 0.001, 'weight_decay': 0.01, 'batch_size': 512, 'dropout': 0.2, 'static_h': 128, 'rnn_h': 64, 'cw_power': 1.0}",0.05,0.373938515224693,0.6726089698253486
H2,hyb5,3,1,"{'epochs': 10, 'lr': 0.00045799768522568086, 'weight_decay': 0.004716712448588135, 'batch_size': 512, 'dropout': 0.5, 'static_h': 128, 'rnn_h': 64, 'cw_power': 0.0}",0.08,0.3503649735712964,0.6620261463930168
H2,hyb5,3,2,"{'epochs': 15, 'lr': 0.002948064199070428, 'weight_decay': 0.009589642655351801, 'batch_size': 1024, 'dropout': 0.1, 'static_h': 64, 'rnn_h': 32, 'cw_power': 1.0}",0.05,0.355093614028647,0.6689863858123511
H2,hyb5,3,3,"{'epochs': 10, 'lr': 0.0003270179963105666, 'weight_decay': 0.008636900760571074, 'batch_size': 512, 'dropout': 0.5, 'static_h': 256, 'rnn_h': 32, 'cw_power': 0.0}",0.08,0.34805955036431524,0.6671860525549554
H2,hyb5,3,4,"{'epochs': 15, 'lr': 0.0005528841134240001, 'weight_decay': 0.03545169259149236, 'batch_size': 1024, 'dropout': 0.2, 'static_h': 256, 'rnn_h': 128, 'cw_power': 0.0}",0.07,0.3751805384183915,0.6710446179259377
H2,hyb5,3,5,"{'epochs': 10, 'lr': 0.001988837778598779, 'weight_decay': 0.003209804468994251, 'batch_size': 1024, 'dropout': 0.1, 'static_h': 64, 'rnn_h': 32, 'cw_power': 0.5}",0.07,0.3865556378971153,0.6740124047385497
H2,hyb5,4,0,"{'epochs': 15, 'lr': 0.001, 'weight_decay': 0.01, 'batch_size': 512, 'dropout': 0.2, 'static_h': 128, 'rnn_h': 64, 'cw_power': 1.0}",0.06,0.35980263055896294,0.6627420617416642
H2,hyb5,4,1,"{'epochs': 20, 'lr': 0.002890739358312111, 'weight_decay': 0.0076725556678181395, 'batch_size': 1024, 'dropout': 0.5, 'static_h': 256, 'rnn_h': 128, 'cw_power': 0.5}",0.06,0.36315316272484166,0.6719935263821671
H2,hyb5,4,2,"{'epochs': 15, 'lr': 0.0007973709608007325, 'weight_decay': 0.03077530484421262, 'batch_size': 512, 'dropout': 0.2, 'static_h': 128, 'rnn_h': 64, 'cw_power': 0.5}",0.05,0.3711655051506186,0.6662672518824195
H2,hyb5,4,3,"{'epochs': 20, 'lr': 0.0004277501361690454, 'weight_decay': 0.004206358886241082, 'batch_size': 512, 'dropout': 0.5, 'static_h': 128, 'rnn_h': 64, 'cw_power': 0.5}",0.05,0.3739430325803318,0.6744181195433645
H2,hyb5,4,4,"{'epochs': 20, 'lr': 0.002950320459583295, 'weight_decay': 0.02670708535019358, 'batch_size': 1024, 'dropout': 0.5, 'static_h': 64, 'rnn_h': 64, 'cw_power': 0.0}",0.06,0.352304437168648,0.6728345686222128
H2,hyb5,4,5,"{'epochs': 20, 'lr': 0.0015782044147437755, 'weight_decay': 0.00011405038001245906, 'batch_size': 512, 'dropout': 0.3, 'static_h': 64, 'rnn_h': 64, 'cw_power': 0.5}",0.05,0.35110421592705693,0.6662672518824195
H2,hyb5,5,0,"{'epochs': 15, 'lr': 0.001, 'weight_decay': 0.01, 'batch_size': 512, 'dropout': 0.2, 'static_h': 128, 'rnn_h': 64, 'cw_power': 1.0}",0.05,0.3713151232542918,0.665366003197934
H2,hyb5,5,1,"{'epochs': 10, 'lr': 0.000896981439835242, 'weight_decay': 0.06291279218443273, 'batch_size': 1024, 'dropout': 0.1, 'static_h': 256, 'rnn_h': 32, 'cw_power': 1.0}",0.05,0.36758991768237903,0.6635547231069892
H2,hyb5,5,2,"{'epochs': 10, 'lr': 0.0005357314905922033, 'weight_decay': 0.0013248298822334387, 'batch_size': 1024, 'dropout': 0.2, 'static_h': 128, 'rnn_h': 128, 'cw_power': 0.0}",0.06,0.37080178470319924,0.6669520423860584
H2,hyb5,5,3,"{'epochs': 15, 'lr': 0.0006494382397363397, 'weight_decay': 0.0033313083436017454, 'batch_size': 512, 'dropout': 0.1, 'static_h': 64, 'rnn_h': 64, 'cw_power': 1.0}",0.05,0.3841045533403423,0.669704444380088
H2,hyb5,5,4,"{'epochs': 15, 'lr': 0.0029676796652126627, 'weight_decay': 0.00019270743016556162, 'batch_size': 512, 'dropout': 0.3, 'static_h': 64, 'rnn_h': 32, 'cw_power': 0.0}",0.08,0.36361846025765737,0.6694002002232238
H2,hyb5,5,5,"{'epochs': 15, 'lr': 0.0005259708325407096, 'weight_decay': 0.022960939233050613, 'batch_size': 1024, 'dropout': 0.5, 'static_h': 64, 'rnn_h': 128, 'cw_power': 0.5}",0.07,0.3682683553594985,0.668691897359249
H2,hyb6,1,0,"{'epochs': 15, 'lr': 0.001, 'weight_decay': 0.01, 'batch_size': 512, 'dropout': 0.2, 'static_h': 128, 'rnn_h': 64, 'cw_power': 1.0}",0.05,0.36137341570072906,0.6653615999200923
H2,hyb6,1,1,"{'epochs': 20, 'lr': 0.0004773089992375781, 'weight_decay': 0.005768571010584962, 'batch_size': 1024, 'dropout': 0.2, 'static_h': 128, 'rnn_h': 128, 'cw_power': 0.0}",0.07,0.3502488654056346,0.6616208374748489
H2,hyb6,1,2,"{'epochs': 15, 'lr': 0.0025331442460444047, 'weight_decay': 0.0001416789962818751, 'batch_size': 512, 'dropout': 0.3, 'static_h': 256, 'rnn_h': 128, 'cw_power': 0.5}",0.05,0.3519363831207349,0.6590220361838017
H2,hyb6,1,3,"{'epochs': 15, 'lr': 0.0011836593979810787, 'weight_decay': 0.004197146003694466, 'batch_size': 512, 'dropout': 0.3, 'static_h': 256, 'rnn_h': 32, 'cw_power': 1.0}",0.05,0.3468424037914418,0.6644559479577651
H2,hyb6,1,4,"{'epochs': 10, 'lr': 0.00243297748589813, 'weight_decay': 0.0015781499561249308, 'batch_size': 512, 'dropout': 0.2, 'static_h': 128, 'rnn_h': 32, 'cw_power': 1.0}",0.08,0.3494537255393814,0.663497596141575
H2,hyb6,1,5,"{'epochs': 20, 'lr': 0.0011654374920202332, 'weight_decay': 0.010119857378506979, 'batch_size': 1024, 'dropout': 0.3, 'static_h': 64, 'rnn_h': 128, 'cw_power': 0.0}",0.06,0.3514083116555555,0.6694703996620299
H2,hyb6,2,0,"{'epochs': 15, 'lr': 0.001, 'weight_decay': 0.01, 'batch_size': 512, 'dropout': 0.2, 'static_h': 128, 'rnn_h': 64, 'cw_power': 1.0}",0.05,0.38789527744064123,0.6744181195433645
H2,hyb6,2,1,"{'epochs': 10, 'lr': 0.0021998621396692123, 'weight_decay': 0.050477029672029876, 'batch_size': 512, 'dropout': 0.2, 'static_h': 128, 'rnn_h': 64, 'cw_power': 0.0}",0.05,0.37988046608477344,0.668078555807074
H2,hyb6,2,2,"{'epochs': 20, 'lr': 0.0014905546953139339, 'weight_decay': 0.0015778010168647852, 'batch_size': 1024, 'dropout': 0.1, 'static_h': 128, 'rnn_h': 128, 'cw_power': 1.0}",0.05,0.3456257835687874,0.6608333401084562
H2,hyb6,2,3,"{'epochs': 10, 'lr': 0.0016749370315470105, 'weight_decay': 0.0023494298158568323, 'batch_size': 1024, 'dropout': 0.2, 'static_h': 256, 'rnn_h': 32, 'cw_power': 0.5}",0.05,0.3578941020041149,0.6599276881461289
H2,hyb6,2,4,"{'epochs': 10, 'lr': 0.0014205073984604275, 'weight_decay': 0.0676355635282409, 'batch_size': 512, 'dropout': 0.2, 'static_h': 64, 'rnn_h': 128, 'cw_power': 0.5}",0.06,0.38463497223524035,0.6703114419020757
H2,hyb6,2,5,"{'epochs': 10, 'lr': 0.001636722232342203, 'weight_decay': 0.0009452199982031388, 'batch_size': 1024, 'dropout': 0.1, 'static_h': 128, 'rnn_h': 128, 'cw_power': 0.0}",0.07,0.3959624126184861,0.6718271695231712
H2,hyb6,3,0,"{'epochs': 15, 'lr': 0.001, 'weight_decay': 0.01, 'batch_size': 512, 'dropout': 0.2, 'static_h': 128, 'rnn_h': 64, 'cw_power': 1.0}",0.06,0.37616290299096167,0.6778831287513597
H2,hyb6,3,1,"{'epochs': 15, 'lr': 0.000976709421135904, 'weight_decay': 0.00046883122550691106, 'batch_size': 1024, 'dropout': 0.1, 'static_h': 256, 'rnn_h': 64, 'cw_power': 0.0}",0.06,0.3703371002995399,0.6795652011860785
H2,hyb6,3,2,"{'epochs': 10, 'lr': 0.0006710939568990429, 'weight_decay': 0.02299004673815668, 'batch_size': 512, 'dropout': 0.5, 'static_h': 64, 'rnn_h': 32, 'cw_power': 0.0}",0.1,0.3408237497952898,0.6612549454948005
H2,hyb6,3,3,"{'epochs': 10, 'lr': 0.0010899119009355502, 'weight_decay': 0.010463363175109711, 'batch_size': 1024, 'dropout': 0.5, 'static_h': 64, 'rnn_h': 64, 'cw_power': 1.0}",0.09000000000000001,0.35476158837538985,0.6654793321149604
H2,hyb6,3,4,"{'epochs': 10, 'lr': 0.0008772893684068217, 'weight_decay': 0.00010348869466149881, 'batch_size': 512, 'dropout': 0.2, 'static_h': 128, 'rnn_h': 128, 'cw_power': 1.0}",0.07,0.37253648871431466,0.6686893287941426
H2,hyb6,3,5,"{'epochs': 15, 'lr': 0.00038836518196855454, 'weight_decay': 0.0027585633347047443, 'batch_size': 1024, 'dropout': 0.2, 'static_h': 64, 'rnn_h': 128, 'cw_power': 0.5}",0.06,0.36177731249857575,0.6669496579256879
H2,hyb6,4,0,"{'epochs': 15, 'lr': 0.001, 'weight_decay': 0.01, 'batch_size': 512, 'dropout': 0.2, 'static_h': 128, 'rnn_h': 64, 'cw_power': 1.0}",0.07,0.3505634309330472,0.6679016571968934
H2,hyb6,4,1,"{'epochs': 15, 'lr': 0.0010172108947361683, 'weight_decay': 0.04794409846664306, 'batch_size': 1024, 'dropout': 0.2, 'static_h': 256, 'rnn_h': 128, 'cw_power': 0.5}",0.05,0.36145426997837,0.6581163842214746
H2,hyb6,4,2,"{'epochs': 10, 'lr': 0.0013451953554710243, 'weight_decay': 0.028228453191366732, 'batch_size': 512, 'dropout': 0.3, 'static_h': 256, 'rnn_h': 128, 'cw_power': 1.0}",0.07,0.3467199553473865,0.6600506325443377
H2,hyb6,4,3,"{'epochs': 10, 'lr': 0.002163389536086321, 'weight_decay': 0.00272450205989576, 'batch_size': 512, 'dropout': 0.3, 'static_h': 64, 'rnn_h': 32, 'cw_power': 0.0}",0.07,0.3535683632025398,0.6616208374748489
H2,hyb6,4,4,"{'epochs': 10, 'lr': 0.0009699235302991974, 'weight_decay': 0.00026536505496526605, 'batch_size': 1024, 'dropout': 0.3, 'static_h': 128, 'rnn_h': 32, 'cw_power': 0.0}",0.06,0.33905044991647676,0.6593778927814813
H2,hyb6,4,5,"{'epochs': 10, 'lr': 0.0015553979386148905, 'weight_decay': 0.00040495972490857255, 'batch_size': 512, 'dropout': 0.3, 'static_h': 64, 'rnn_h': 32, 'cw_power': 1.0}",0.06,0.3516749035817614,0.6610599772615726
H2,hyb6,5,0,"{'epochs': 15, 'lr': 0.001, 'weight_decay': 0.01, 'batch_size': 512, 'dropout': 0.2, 'static_h': 128, 'rnn_h': 64, 'cw_power': 1.0}",0.06,0.37939446413473,0.6602238008181001
H2,hyb6,5,1,"{'epochs': 10, 'lr': 0.00045839772667217906, 'weight_decay': 0.004506641769502916, 'batch_size': 512, 'dropout': 0.1, 'static_h': 128, 'rnn_h': 32, 'cw_power': 1.0}",0.05,0.36750304524812616,0.6644603631524616
H2,hyb6,5,2,"{'epochs': 15, 'lr': 0.002860175630889352, 'weight_decay': 0.01942652812601214, 'batch_size': 1024, 'dropout': 0.3, 'static_h': 64, 'rnn_h': 64, 'cw_power': 1.0}",0.07,0.392873691452009,0.676542800265428
H2,hyb6,5,3,"{'epochs': 15, 'lr': 0.0003651234959720496, 'weight_decay': 0.013419972209187468, 'batch_size': 512, 'dropout': 0.5, 'static_h': 128, 'rnn_h': 32, 'cw_power': 0.5}",0.04,0.37838266124622527,0.676170373353209
H2,hyb6,5,4,"{'epochs': 10, 'lr': 0.0025663478989760916, 'weight_decay': 0.0006531514068665679, 'batch_size': 512, 'dropout': 0.1, 'static_h': 128, 'rnn_h': 32, 'cw_power': 0.5}",0.06,0.36423515764554776,0.6661110121900637
H2,hyb6,5,5,"{'epochs': 20, 'lr': 0.0010219769043930905, 'weight_decay': 0.0011835448569875564, 'batch_size': 512, 'dropout': 0.2, 'static_h': 128, 'rnn_h': 64, 'cw_power': 0.5}",0.06,0.365909903834052,0.6652699819940688
H2,hyb7,1,0,"{'epochs': 15, 'lr': 0.001, 'weight_decay': 0.01, 'batch_size': 512, 'dropout': 0.2, 'static_h': 128, 'rnn_h': 64, 'cw_power': 1.0}",0.05,0.3599080994224656,0.6671729038447467
H2,hyb7,1,1,"{'epochs': 10, 'lr': 0.0008952578681288035, 'weight_decay': 0.0001971911631739958, 'batch_size': 512, 'dropout': 0.1, 'static_h': 256, 'rnn_h': 64, 'cw_power': 0.5}",0.06,0.3686629543507274,0.6686293574219841
H2,hyb7,1,2,"{'epochs': 15, 'lr': 0.0015546817967021353, 'weight_decay': 0.07275493272159664, 'batch_size': 1024, 'dropout': 0.1, 'static_h': 256, 'rnn_h': 128, 'cw_power': 0.0}",0.05,0.3449882635073454,0.6662672518824195
H2,hyb7,1,3,"{'epochs': 10, 'lr': 0.00162717743627427, 'weight_decay': 0.0002823189243290936, 'batch_size': 512, 'dropout': 0.1, 'static_h': 256, 'rnn_h': 128, 'cw_power': 0.5}",0.05,0.35707300791608665,0.6662672518824195
H2,hyb7,1,4,"{'epochs': 20, 'lr': 0.0010004211926776681, 'weight_decay': 0.0346032914036593, 'batch_size': 1024, 'dropout': 0.2, 'static_h': 64, 'rnn_h': 32, 'cw_power': 0.0}",0.07,0.35131811788795725,0.6663314522663824
H2,hyb7,1,5,"{'epochs': 20, 'lr': 0.0003879648844200619, 'weight_decay': 0.00011759618595068582, 'batch_size': 1024, 'dropout': 0.3, 'static_h': 256, 'rnn_h': 64, 'cw_power': 0.0}",0.05,0.3512786143882221,0.6626446440331106
H2,hyb7,2,0,"{'epochs': 15, 'lr': 0.001, 'weight_decay': 0.01, 'batch_size': 512, 'dropout': 0.2, 'static_h': 128, 'rnn_h': 64, 'cw_power': 1.0}",0.06,0.3791771846852462,0.6686293574219841
H2,hyb7,2,1,"{'epochs': 10, 'lr': 0.0004846966668700253, 'weight_decay': 0.040004366126662645, 'batch_size': 1024, 'dropout': 0.1, 'static_h': 256, 'rnn_h': 32, 'cw_power': 0.5}",0.05,0.39177199200497503,0.6689842077694012
H2,hyb7,2,2,"{'epochs': 15, 'lr': 0.001385247556485703, 'weight_decay': 0.00030384434996044794, 'batch_size': 1024, 'dropout': 0.5, 'static_h': 128, 'rnn_h': 64, 'cw_power': 0.0}",0.06,0.3904378010060948,0.6728345686222128
H2,hyb7,2,3,"{'epochs': 20, 'lr': 0.0006900142842185045, 'weight_decay': 0.03273139697688578, 'batch_size': 1024, 'dropout': 0.5, 'static_h': 64, 'rnn_h': 32, 'cw_power': 1.0}",0.08,0.3843299686985882,0.6620233249308042
H2,hyb7,2,4,"{'epochs': 10, 'lr': 0.0003251807301096569, 'weight_decay': 0.00402723109744002, 'batch_size': 1024, 'dropout': 0.5, 'static_h': 256, 'rnn_h': 64, 'cw_power': 0.0}",0.05,0.36397058075053035,0.6499655165605296
H2,hyb7,2,5,"{'epochs': 10, 'lr': 0.0005895540822502896, 'weight_decay': 0.0036407550396602866, 'batch_size': 1024, 'dropout': 0.5, 'static_h': 128, 'rnn_h': 64, 'cw_power': 0.0}",0.1,0.36824738226597187,0.657305124604613
H2,hyb7,3,0,"{'epochs': 15, 'lr': 0.001, 'weight_decay': 0.01, 'batch_size': 512, 'dropout': 0.2, 'static_h': 128, 'rnn_h': 64, 'cw_power': 1.0}",0.05,0.36901693646060973,0.6744202618318474
H2,hyb7,3,1,"{'epochs': 20, 'lr': 0.002891983586466612, 'weight_decay': 0.0006164913860351835, 'batch_size': 512, 'dropout': 0.3, 'static_h': 128, 'rnn_h': 128, 'cw_power': 0.5}",0.07,0.3711566493251155,0.6694744251714076
H2,hyb7,3,2,"{'epochs': 10, 'lr': 0.0018911834341345602, 'weight_decay': 0.00018586441937946838, 'batch_size': 1024, 'dropout': 0.2, 'static_h': 128, 'rnn_h': 32, 'cw_power': 0.5}",0.06,0.388957477698875,0.6728369114472035
H2,hyb7,3,3,"{'epochs': 20, 'lr': 0.0011582407348389551, 'weight_decay': 0.02804672344570423, 'batch_size': 1024, 'dropout': 0.1, 'static_h': 128, 'rnn_h': 128, 'cw_power': 0.5}",0.05,0.3791428156365776,0.6726089698253486
H2,hyb7,3,4,"{'epochs': 10, 'lr': 0.0006960769700989585, 'weight_decay': 0.07559611337406164, 'batch_size': 1024, 'dropout': 0.2, 'static_h': 256, 'rnn_h': 64, 'cw_power': 0.0}",0.08,0.3593159353176594,0.6671860525549554
H2,hyb7,3,5,"{'epochs': 15, 'lr': 0.0006863718003460536, 'weight_decay': 0.06998721311724763, 'batch_size': 1024, 'dropout': 0.2, 'static_h': 64, 'rnn_h': 64, 'cw_power': 0.0}",0.08,0.357420788772177,0.6635004052964278
H2,hyb7,4,0,"{'epochs': 15, 'lr': 0.001, 'weight_decay': 0.01, 'batch_size': 512, 'dropout': 0.2, 'static_h': 128, 'rnn_h': 64, 'cw_power': 1.0}",0.06,0.35904916638381096,0.6627420617416642
H2,hyb7,4,1,"{'epochs': 15, 'lr': 0.0018286137855386343, 'weight_decay': 0.00015697069514127482, 'batch_size': 1024, 'dropout': 0.1, 'static_h': 256, 'rnn_h': 128, 'cw_power': 0.5}",0.07,0.3263318262930348,0.6553400177528043
H2,hyb7,4,2,"{'epochs': 20, 'lr': 0.002040847374687001, 'weight_decay': 0.0048996494247973265, 'batch_size': 1024, 'dropout': 0.5, 'static_h': 256, 'rnn_h': 32, 'cw_power': 1.0}",0.06,0.36621781093317096,0.6652651884618013
H2,hyb7,4,3,"{'epochs': 15, 'lr': 0.0004887256606494452, 'weight_decay': 0.015906762854333376, 'batch_size': 512, 'dropout': 0.1, 'static_h': 128, 'rnn_h': 32, 'cw_power': 1.0}",0.06,0.353288703371625,0.6669472729418928
H2,hyb7,4,4,"{'epochs': 10, 'lr': 0.0026160764004410733, 'weight_decay': 0.0025508191800568316, 'batch_size': 1024, 'dropout': 0.1, 'static_h': 256, 'rnn_h': 64, 'cw_power': 0.0}",0.08,0.3442452014653896,0.6568633756931066
H2,hyb7,4,5,"{'epochs': 10, 'lr': 0.0003344114497273684, 'weight_decay': 0.04493863496729619, 'batch_size': 512, 'dropout': 0.2, 'static_h': 128, 'rnn_h': 64, 'cw_power': 0.5}",0.07,0.35232476520407185,0.6616208374748489
H2,hyb7,5,0,"{'epochs': 15, 'lr': 0.001, 'weight_decay': 0.01, 'batch_size': 512, 'dropout': 0.2, 'static_h': 128, 'rnn_h': 64, 'cw_power': 1.0}",0.05,0.376252392903434,0.665366003197934
H2,hyb7,5,1,"{'epochs': 15, 'lr': 0.0018463909450124555, 'weight_decay': 0.001180139323039861, 'batch_size': 1024, 'dropout': 0.5, 'static_h': 128, 'rnn_h': 32, 'cw_power': 0.0}",0.07,0.377670669478161,0.6710471682311028
H2,hyb7,5,2,"{'epochs': 20, 'lr': 0.0004679616208470562, 'weight_decay': 0.052469684462378485, 'batch_size': 512, 'dropout': 0.1, 'static_h': 256, 'rnn_h': 128, 'cw_power': 0.0}",0.05,0.3292605597186264,0.6517814025158475
H2,hyb7,5,3,"{'epochs': 15, 'lr': 0.0021905453228913433, 'weight_decay': 0.005647891391005714, 'batch_size': 512, 'dropout': 0.3, 'static_h': 64, 'rnn_h': 64, 'cw_power': 1.0}",0.07,0.38490374058535226,0.6726173488123386
H2,hyb7,5,4,"{'epochs': 10, 'lr': 0.0011990713593314664, 'weight_decay': 0.00011835367583561403, 'batch_size': 1024, 'dropout': 0.1, 'static_h': 128, 'rnn_h': 64, 'cw_power': 0.0}",0.07,0.3688923372520707,0.6679068070686311
H2,hyb7,5,5,"{'epochs': 15, 'lr': 0.0007036225720377072, 'weight_decay': 0.0004771286113965471, 'batch_size': 1024, 'dropout': 0.1, 'static_h': 128, 'rnn_h': 128, 'cw_power': 0.0}",0.06,0.3562939487364052,0.6602238008181001
H3,static_mlp,1,0,"{'epochs': 15, 'lr': 0.001, 'weight_decay': 0.01, 'batch_size': 512, 'dropout': 0.2, 'static_h': 128, 'rnn_h': 64, 'cw_power': 1.0}",0.08,0.5089969434397018,0.7283655294154883
H3,static_mlp,1,1,"{'epochs': 15, 'lr': 0.00046826987898132387, 'weight_decay': 0.012501939776649543, 'batch_size': 512, 'dropout': 0.2, 'static_h': 64, 'rnn_h': 32, 'cw_power': 1.0}",0.07,0.4971427945869654,0.7322800593478502
H3,static_mlp,1,2,"{'epochs': 10, 'lr': 0.00032031347317464364, 'weight_decay': 0.006934019099599226, 'batch_size': 1024, 'dropout': 0.1, 'static_h': 256, 'rnn_h': 64, 'cw_power': 1.0}",0.08,0.4929105532900889,0.7283655294154883
H3,static_mlp,1,3,"{'epochs': 15, 'lr': 0.001985503236464526, 'weight_decay': 0.021328684679283044, 'batch_size': 1024, 'dropout': 0.3, 'static_h': 128, 'rnn_h': 32, 'cw_power': 0.0}",0.07,0.5032477454095458,0.730709854417339
H3,static_mlp,1,4,"{'epochs': 15, 'lr': 0.0024827255228790693, 'weight_decay': 0.0165193864713149, 'batch_size': 512, 'dropout': 0.5, 'static_h': 256, 'rnn_h': 64, 'cw_power': 0.5}",0.09000000000000001,0.5251585793618017,0.7377306689128951
H3,static_mlp,1,5,"{'epochs': 15, 'lr': 0.00310462286340696, 'weight_decay': 0.0006049465182707841, 'batch_size': 512, 'dropout': 0.1, 'static_h': 256, 'rnn_h': 64, 'cw_power': 0.5}",0.07,0.5018954366554788,0.7377757766046392
H3,static_mlp,2,0,"{'epochs': 15, 'lr': 0.001, 'weight_decay': 0.01, 'batch_size': 512, 'dropout': 0.2, 'static_h': 128, 'rnn_h': 64, 'cw_power': 1.0}",0.06,0.5169555140651843,0.730866483185368
H3,static_mlp,2,1,"{'epochs': 10, 'lr': 0.0014374607132121224, 'weight_decay': 0.04717264789748581, 'batch_size': 512, 'dropout': 0.5, 'static_h': 64, 'rnn_h': 64, 'cw_power': 1.0}",0.09000000000000001,0.5063270862839878,0.7238356050142406
H3,static_mlp,2,2,"{'epochs': 10, 'lr': 0.0025114291786759095, 'weight_decay': 0.00039175367158673176, 'batch_size': 1024, 'dropout': 0.3, 'static_h': 256, 'rnn_h': 32, 'cw_power': 1.0}",0.08,0.5041827012383506,0.7246798513885613
H3,static_mlp,2,3,"{'epochs': 10, 'lr': 0.0015639696037426192, 'weight_decay': 0.020244528632642308, 'batch_size': 1024, 'dropout': 0.1, 'static_h': 256, 'rnn_h': 64, 'cw_power': 1.0}",0.08,0.4941617563814797,0.7150970885185515
H3,static_mlp,2,4,"{'epochs': 20, 'lr': 0.0004265378756435984, 'weight_decay': 0.0009676967657556533, 'batch_size': 512, 'dropout': 0.3, 'static_h': 128, 'rnn_h': 64, 'cw_power': 0.0}",0.08,0.5458635877204852,0.7335254786531858
H3,static_mlp,2,5,"{'epochs': 20, 'lr': 0.001961607987663382, 'weight_decay': 0.032498383533648506, 'batch_size': 1024, 'dropout': 0.2, 'static_h': 256, 'rnn_h': 128, 'cw_power': 0.0}",0.06,0.4907890036203168,0.718250849584682
H3,static_mlp,3,0,"{'epochs': 15, 'lr': 0.001, 'weight_decay': 0.01, 'batch_size': 512, 'dropout': 0.2, 'static_h': 128, 'rnn_h': 64, 'cw_power': 1.0}",0.07,0.5021182303944742,0.7165802078073115
H3,static_mlp,3,1,"{'epochs': 20, 'lr': 0.0005110496450237029, 'weight_decay': 0.005198207334620645, 'batch_size': 512, 'dropout': 0.5, 'static_h': 64, 'rnn_h': 128, 'cw_power': 1.0}",0.08,0.490397198774678,0.7224707614328698
H3,static_mlp,3,2,"{'epochs': 10, 'lr': 0.002047366534650062, 'weight_decay': 0.08829882314692515, 'batch_size': 1024, 'dropout': 0.2, 'static_h': 256, 'rnn_h': 128, 'cw_power': 0.5}",0.07,0.5182000992516779,0.7267864607117573
H3,static_mlp,3,3,"{'epochs': 15, 'lr': 0.0005863662648646675, 'weight_decay': 0.0003812646019271626, 'batch_size': 512, 'dropout': 0.3, 'static_h': 128, 'rnn_h': 64, 'cw_power': 0.5}",0.1,0.5133965849887138,0.7290039563958404
H3,static_mlp,3,4,"{'epochs': 15, 'lr': 0.0027083213395880453, 'weight_decay': 0.00019357650505378036, 'batch_size': 512, 'dropout': 0.5, 'static_h': 128, 'rnn_h': 32, 'cw_power': 1.0}",0.09000000000000001,0.5260196791311407,0.7300908006784259
H3,static_mlp,3,5,"{'epochs': 10, 'lr': 0.00035611301636785935, 'weight_decay': 0.00040063111293178435, 'batch_size': 512, 'dropout': 0.3, 'static_h': 256, 'rnn_h': 32, 'cw_power': 0.0}",0.07,0.5091209036478873,0.7244311715799622
H3,static_mlp,4,0,"{'epochs': 15, 'lr': 0.001, 'weight_decay': 0.01, 'batch_size': 512, 'dropout': 0.2, 'static_h': 128, 'rnn_h': 64, 'cw_power': 1.0}",0.07,0.5160714385378611,0.7354204692088725
H3,static_mlp,4,1,"{'epochs': 15, 'lr': 0.00043415872944663957, 'weight_decay': 0.0007155702820005724, 'batch_size': 1024, 'dropout': 0.3, 'static_h': 256, 'rnn_h': 32, 'cw_power': 0.0}",0.06,0.47952520588593256,0.7317075254254136
H3,static_mlp,4,2,"{'epochs': 20, 'lr': 0.0028403581372352794, 'weight_decay': 0.008810364896526084, 'batch_size': 512, 'dropout': 0.1, 'static_h': 128, 'rnn_h': 32, 'cw_power': 1.0}",0.06,0.47511366402794764,0.7115225116643162
H3,static_mlp,4,3,"{'epochs': 15, 'lr': 0.00033294874110149247, 'weight_decay': 0.0016731616334515148, 'batch_size': 512, 'dropout': 0.2, 'static_h': 64, 'rnn_h': 32, 'cw_power': 0.0}",0.08,0.48023752726414504,0.7268912582047174
H3,static_mlp,4,4,"{'epochs': 20, 'lr': 0.0003233926591926995, 'weight_decay': 0.010220784306066523, 'batch_size': 1024, 'dropout': 0.5, 'static_h': 64, 'rnn_h': 32, 'cw_power': 1.0}",0.09000000000000001,0.4584866554019905,0.720361839039577
H3,static_mlp,4,5,"{'epochs': 20, 'lr': 0.0015083581179691067, 'weight_decay': 0.0011965141106000234, 'batch_size': 1024, 'dropout': 0.1, 'static_h': 256, 'rnn_h': 128, 'cw_power': 0.0}",0.08,0.48465763795464384,0.7320512074424151
H3,static_mlp,5,0,"{'epochs': 15, 'lr': 0.001, 'weight_decay': 0.01, 'batch_size': 512, 'dropout': 0.2, 'static_h': 128, 'rnn_h': 64, 'cw_power': 1.0}",0.09000000000000001,0.47395424475841547,0.7168931427220491
H3,static_mlp,5,1,"{'epochs': 20, 'lr': 0.0012438287446207422, 'weight_decay': 0.0011914576097021025, 'batch_size': 512, 'dropout': 0.3, 'static_h': 256, 'rnn_h': 64, 'cw_power': 0.0}",0.06,0.5051827623851655,0.732552397673653
H3,static_mlp,5,2,"{'epochs': 10, 'lr': 0.0013027255101209932, 'weight_decay': 0.01392424581440994, 'batch_size': 1024, 'dropout': 0.3, 'static_h': 256, 'rnn_h': 32, 'cw_power': 0.0}",0.08,0.5038206196931485,0.7438496534616952
H3,static_mlp,5,3,"{'epochs': 10, 'lr': 0.0010602954509494806, 'weight_decay': 0.00026149661732785654, 'batch_size': 512, 'dropout': 0.2, 'static_h': 128, 'rnn_h': 32, 'cw_power': 1.0}",0.08,0.47979546933727407,0.7283700641744882
H3,static_mlp,5,4,"{'epochs': 15, 'lr': 0.0003489403747558254, 'weight_decay': 0.0013245867530029983, 'batch_size': 512, 'dropout': 0.3, 'static_h': 256, 'rnn_h': 64, 'cw_power': 0.5}",0.07,0.5201060578922901,0.7346394817711521
H3,static_mlp,5,5,"{'epochs': 20, 'lr': 0.0010062669601338364, 'weight_decay': 0.0006642813760669192, 'batch_size': 1024, 'dropout': 0.1, 'static_h': 64, 'rnn_h': 32, 'cw_power': 0.0}",0.08,0.48911359902656004,0.7313185573720515
H3,lstm,1,0,"{'epochs': 15, 'lr': 0.001, 'weight_decay': 0.01, 'batch_size': 512, 'dropout': 0.2, 'static_h': 128, 'rnn_h': 64, 'cw_power': 1.0}",0.07,0.1321225439378195,0.5524915948043244
H3,lstm,1,1,"{'epochs': 15, 'lr': 0.001674960381513906, 'weight_decay': 0.005258737699767517, 'batch_size': 1024, 'dropout': 0.1, 'static_h': 128, 'rnn_h': 128, 'cw_power': 0.0}",0.1,0.1301012980431896,0.5481163543250847
H3,lstm,1,2,"{'epochs': 15, 'lr': 0.0010763264548599646, 'weight_decay': 0.008100638732501381, 'batch_size': 512, 'dropout': 0.5, 'static_h': 128, 'rnn_h': 32, 'cw_power': 0.5}",0.08,0.13069320855907374,0.5499787129122268
H3,lstm,1,3,"{'epochs': 15, 'lr': 0.002112815760578751, 'weight_decay': 0.0009895674728816189, 'batch_size': 512, 'dropout': 0.3, 'static_h': 128, 'rnn_h': 32, 'cw_power': 1.0}",0.04,0.13032043345343677,0.5523333398369528
H3,lstm,1,4,"{'epochs': 20, 'lr': 0.00043706293586952245, 'weight_decay': 0.00016248896690058314, 'batch_size': 512, 'dropout': 0.1, 'static_h': 64, 'rnn_h': 128, 'cw_power': 0.0}",0.1,0.13001620111164297,0.5500896453542328
H3,lstm,1,5,"{'epochs': 15, 'lr': 0.00037115869565829704, 'weight_decay': 0.005476645611145829, 'batch_size': 1024, 'dropout': 0.5, 'static_h': 64, 'rnn_h': 32, 'cw_power': 1.0}",0.02,0.10355600272338616,0.510743562415295
H3,lstm,2,0,"{'epochs': 15, 'lr': 0.001, 'weight_decay': 0.01, 'batch_size': 512, 'dropout': 0.2, 'static_h': 128, 'rnn_h': 64, 'cw_power': 1.0}",0.06,0.1224514852450235,0.5483603170954454
H3,lstm,2,1,"{'epochs': 20, 'lr': 0.0004648579609514538, 'weight_decay': 0.0004778731897767433, 'batch_size': 1024, 'dropout': 0.3, 'static_h': 128, 'rnn_h': 128, 'cw_power': 1.0}",0.08,0.1254683527428549,0.5507158485176121
H3,lstm,2,2,"{'epochs': 10, 'lr': 0.0013614741857739933, 'weight_decay': 0.002676631303601409, 'batch_size': 512, 'dropout': 0.3, 'static_h': 128, 'rnn_h': 128, 'cw_power': 0.5}",0.07,0.13354557252315444,0.5540617997348356
H3,lstm,2,3,"{'epochs': 15, 'lr': 0.0023258569241224416, 'weight_decay': 0.002976115147722784, 'batch_size': 1024, 'dropout': 0.1, 'static_h': 256, 'rnn_h': 128, 'cw_power': 0.5}",0.05,0.1383190793701323,0.5557777124784987
H3,lstm,2,4,"{'epochs': 15, 'lr': 0.0009193114944002217, 'weight_decay': 0.034534329538307325, 'batch_size': 512, 'dropout': 0.2, 'static_h': 64, 'rnn_h': 128, 'cw_power': 0.5}",0.07,0.13479348527367846,0.5564171071306023
H3,lstm,2,5,"{'epochs': 20, 'lr': 0.002554559738198802, 'weight_decay': 0.0022101332516383902, 'batch_size': 1024, 'dropout': 0.3, 'static_h': 128, 'rnn_h': 64, 'cw_power': 1.0}",0.07,0.1313395129613995,0.5524915948043244
H3,lstm,3,0,"{'epochs': 15, 'lr': 0.001, 'weight_decay': 0.01, 'batch_size': 512, 'dropout': 0.2, 'static_h': 128, 'rnn_h': 64, 'cw_power': 1.0}",0.1,0.13556983230238465,0.5579870356747688
H3,lstm,3,1,"{'epochs': 20, 'lr': 0.00046647328758092654, 'weight_decay': 0.059339625694043684, 'batch_size': 512, 'dropout': 0.3, 'static_h': 128, 'rnn_h': 64, 'cw_power': 1.0}",0.08,0.13719162954541833,0.5610394115093599
H3,lstm,3,2,"{'epochs': 10, 'lr': 0.0003832624081275953, 'weight_decay': 0.07784618990784578, 'batch_size': 1024, 'dropout': 0.2, 'static_h': 256, 'rnn_h': 64, 'cw_power': 0.0}",0.03,0.09661257982644492,0.5057688661984561
H3,lstm,3,3,"{'epochs': 10, 'lr': 0.0011503756867582327, 'weight_decay': 0.010924852820435685, 'batch_size': 512, 'dropout': 0.2, 'static_h': 256, 'rnn_h': 64, 'cw_power': 0.0}",0.06,0.11664964900041043,0.5449994064085786
H3,lstm,3,4,"{'epochs': 20, 'lr': 0.0005304761807978098, 'weight_decay': 0.019993644963055928, 'batch_size': 1024, 'dropout': 0.2, 'static_h': 256, 'rnn_h': 32, 'cw_power': 1.0}",0.05,0.11943703938037076,0.540384653350939
H3,lstm,3,5,"{'epochs': 20, 'lr': 0.0011546144533627993, 'weight_decay': 0.002322650054004227, 'batch_size': 1024, 'dropout': 0.5, 'static_h': 128, 'rnn_h': 32, 'cw_power': 0.5}",0.04,0.14034057804719335,0.5582328066124849
H3,lstm,4,0,"{'epochs': 15, 'lr': 0.001, 'weight_decay': 0.01, 'batch_size': 512, 'dropout': 0.2, 'static_h': 128, 'rnn_h': 64, 'cw_power': 1.0}",0.07,0.12970269322540773,0.5407150578254909
H3,lstm,4,1,"{'epochs': 20, 'lr': 0.001960390655382067, 'weight_decay': 0.000557770629395996, 'batch_size': 512, 'dropout': 0.3, 'static_h': 64, 'rnn_h': 32, 'cw_power': 0.0}",0.07,0.12789682396782198,0.5375746479644686
H3,lstm,4,2,"{'epochs': 10, 'lr': 0.00031769035932271267, 'weight_decay': 0.035738645666044004, 'batch_size': 512, 'dropout': 0.2, 'static_h': 128, 'rnn_h': 64, 'cw_power': 0.5}",0.05,0.0962363720380717,0.5177403300607554
H3,lstm,4,3,"{'epochs': 20, 'lr': 0.0017767730269221702, 'weight_decay': 0.028669466631134014, 'batch_size': 512, 'dropout': 0.2, 'static_h': 128, 'rnn_h': 64, 'cw_power': 0.5}",0.06,0.14879254355942106,0.5559296972558571
H3,lstm,4,4,"{'epochs': 20, 'lr': 0.0004446527229594737, 'weight_decay': 0.004866997566603499, 'batch_size': 1024, 'dropout': 0.3, 'static_h': 64, 'rnn_h': 64, 'cw_power': 0.0}",0.02,0.09495245107698322,0.5048059842892669
H3,lstm,4,5,"{'epochs': 15, 'lr': 0.001196374166703604, 'weight_decay': 0.0014262547700832913, 'batch_size': 512, 'dropout': 0.3, 'static_h': 256, 'rnn_h': 64, 'cw_power': 0.0}",0.05,0.12747188641402796,0.540381629118936
H3,lstm,5,0,"{'epochs': 15, 'lr': 0.001, 'weight_decay': 0.01, 'batch_size': 512, 'dropout': 0.2, 'static_h': 128, 'rnn_h': 64, 'cw_power': 1.0}",0.05,0.1425858517753988,0.5585004778321863
H3,lstm,5,1,"{'epochs': 20, 'lr': 0.000530297577865465, 'weight_decay': 0.0020827893318116695, 'batch_size': 512, 'dropout': 0.5, 'static_h': 64, 'rnn_h': 128, 'cw_power': 0.0}",0.06,0.14008151245996764,0.5593001772987238
H3,lstm,5,2,"{'epochs': 20, 'lr': 0.0014153171113872784, 'weight_decay': 0.001019258913535137, 'batch_size': 1024, 'dropout': 0.1, 'static_h': 64, 'rnn_h': 64, 'cw_power': 0.0}",0.05,0.13587033072355068,0.5503497174229344
H3,lstm,5,3,"{'epochs': 15, 'lr': 0.0006948895850682871, 'weight_decay': 0.045356188795278536, 'batch_size': 1024, 'dropout': 0.5, 'static_h': 128, 'rnn_h': 128, 'cw_power': 0.5}",0.07,0.1411469145529869,0.5579941663821262
H3,lstm,5,4,"{'epochs': 20, 'lr': 0.00040126191257174905, 'weight_decay': 0.00025048674343100346, 'batch_size': 1024, 'dropout': 0.3, 'static_h': 128, 'rnn_h': 64, 'cw_power': 0.0}",0.04,0.12456963227925398,0.5395624276660953
H3,lstm,5,5,"{'epochs': 15, 'lr': 0.00033501602339075124, 'weight_decay': 0.0009326313173400319, 'batch_size': 512, 'dropout': 0.5, 'static_h': 64, 'rnn_h': 32, 'cw_power': 1.0}",0.03,0.1202761982144901,0.5358550202670981
H3,hyb1,1,0,"{'epochs': 15, 'lr': 0.001, 'weight_decay': 0.01, 'batch_size': 512, 'dropout': 0.2, 'static_h': 128, 'rnn_h': 64, 'cw_power': 1.0}",0.09000000000000001,0.5061702816417092,0.7293936305737024
H3,hyb1,1,1,"{'epochs': 10, 'lr': 0.0020016161235752454, 'weight_decay': 0.004174721462344231, 'batch_size': 1024, 'dropout': 0.5, 'static_h': 256, 'rnn_h': 128, 'cw_power': 0.0}",0.06,0.5348559871769154,0.7434821167860538
H3,hyb1,1,2,"{'epochs': 15, 'lr': 0.0007315535346486385, 'weight_decay': 0.0038252877042247854, 'batch_size': 1024, 'dropout': 0.3, 'static_h': 256, 'rnn_h': 64, 'cw_power': 0.5}",0.07,0.5195564807792279,0.7322800593478502
H3,hyb1,1,3,"{'epochs': 15, 'lr': 0.0004236332117083398, 'weight_decay': 0.00021102136864980403, 'batch_size': 512, 'dropout': 0.3, 'static_h': 256, 'rnn_h': 32, 'cw_power': 1.0}",0.07,0.5193285778208475,0.7377757766046392
H3,hyb1,1,4,"{'epochs': 20, 'lr': 0.001026843295796469, 'weight_decay': 0.052494358442231964, 'batch_size': 1024, 'dropout': 0.5, 'static_h': 128, 'rnn_h': 64, 'cw_power': 1.0}",0.08,0.5266230517211898,0.7379482922854981
H3,hyb1,1,5,"{'epochs': 20, 'lr': 0.0004910026032883981, 'weight_decay': 0.00487549680947867, 'batch_size': 1024, 'dropout': 0.5, 'static_h': 64, 'rnn_h': 128, 'cw_power': 1.0}",0.09000000000000001,0.49633623561327334,0.7252251114041061
H3,hyb1,2,0,"{'epochs': 15, 'lr': 0.001, 'weight_decay': 0.01, 'batch_size': 512, 'dropout': 0.2, 'static_h': 128, 'rnn_h': 64, 'cw_power': 1.0}",0.08,0.5352935469716651,0.7320512074424151
H3,hyb1,2,1,"{'epochs': 20, 'lr': 0.002824292797494003, 'weight_decay': 0.0001357208106747875, 'batch_size': 1024, 'dropout': 0.3, 'static_h': 128, 'rnn_h': 128, 'cw_power': 0.5}",0.08,0.5204426999427417,0.7342626142585713
H3,hyb1,2,2,"{'epochs': 20, 'lr': 0.001319683045944051, 'weight_decay': 0.014872994211632339, 'batch_size': 1024, 'dropout': 0.1, 'static_h': 64, 'rnn_h': 64, 'cw_power': 0.5}",0.07,0.4846812836291957,0.7275694445563168
H3,hyb1,2,3,"{'epochs': 10, 'lr': 0.001174707300102666, 'weight_decay': 0.0013132750110802199, 'batch_size': 1024, 'dropout': 0.5, 'static_h': 64, 'rnn_h': 32, 'cw_power': 0.5}",0.07,0.515674758715479,0.7259992396258057
H3,hyb1,2,4,"{'epochs': 20, 'lr': 0.0009117890747963071, 'weight_decay': 0.00896739429845383, 'batch_size': 1024, 'dropout': 0.2, 'static_h': 256, 'rnn_h': 128, 'cw_power': 1.0}",0.06,0.5074791538713072,0.7300254409453222
H3,hyb1,2,5,"{'epochs': 15, 'lr': 0.000948664315781951, 'weight_decay': 0.011873305339982997, 'batch_size': 1024, 'dropout': 0.2, 'static_h': 64, 'rnn_h': 128, 'cw_power': 0.0}",0.09000000000000001,0.5181998510513237,0.7321726433534332
H3,hyb1,3,0,"{'epochs': 15, 'lr': 0.001, 'weight_decay': 0.01, 'batch_size': 512, 'dropout': 0.2, 'static_h': 128, 'rnn_h': 64, 'cw_power': 1.0}",0.06,0.5299135952113669,0.7232990844887659
H3,hyb1,3,1,"{'epochs': 20, 'lr': 0.0017699956069452797, 'weight_decay': 0.019208017212545555, 'batch_size': 512, 'dropout': 0.1, 'static_h': 64, 'rnn_h': 64, 'cw_power': 0.5}",0.08,0.5218414792769316,0.7327905737567472
H3,hyb1,3,2,"{'epochs': 20, 'lr': 0.000773320651460455, 'weight_decay': 0.0009761111225099802, 'batch_size': 1024, 'dropout': 0.5, 'static_h': 64, 'rnn_h': 32, 'cw_power': 0.0}",0.08,0.524678722340822,0.7342648326601583
H3,hyb1,3,3,"{'epochs': 20, 'lr': 0.0007688046198549429, 'weight_decay': 0.0928792341191187, 'batch_size': 512, 'dropout': 0.2, 'static_h': 256, 'rnn_h': 32, 'cw_power': 0.5}",0.08,0.5266368480666923,0.728367797046514
H3,hyb1,3,4,"{'epochs': 15, 'lr': 0.0005485538888729321, 'weight_decay': 0.00036810836175474174, 'batch_size': 512, 'dropout': 0.1, 'static_h': 64, 'rnn_h': 128, 'cw_power': 0.5}",0.09000000000000001,0.5216934643106953,0.7287013067308246
H3,hyb1,3,5,"{'epochs': 15, 'lr': 0.0022866543661344265, 'weight_decay': 0.007981934911935752, 'batch_size': 512, 'dropout': 0.1, 'static_h': 64, 'rnn_h': 64, 'cw_power': 0.5}",0.09000000000000001,0.5271684199911819,0.7328697885736288
H3,hyb1,4,0,"{'epochs': 15, 'lr': 0.001, 'weight_decay': 0.01, 'batch_size': 512, 'dropout': 0.2, 'static_h': 128, 'rnn_h': 64, 'cw_power': 1.0}",0.06,0.5180328314619548,0.7375948211057337
H3,hyb1,4,1,"{'epochs': 10, 'lr': 0.0006354949410438922, 'weight_decay': 0.0065262519904525475, 'batch_size': 1024, 'dropout': 0.5, 'static_h': 256, 'rnn_h': 128, 'cw_power': 0.5}",0.07,0.5121855389542417,0.730709854417339
H3,hyb1,4,2,"{'epochs': 15, 'lr': 0.0005106931249775221, 'weight_decay': 0.000740074828963626, 'batch_size': 1024, 'dropout': 0.1, 'static_h': 256, 'rnn_h': 64, 'cw_power': 1.0}",0.07,0.489564935139396,0.7267843420910612
H3,hyb1,4,3,"{'epochs': 10, 'lr': 0.00078754939107376, 'weight_decay': 0.00018990124824289968, 'batch_size': 512, 'dropout': 0.2, 'static_h': 64, 'rnn_h': 64, 'cw_power': 1.0}",0.07,0.49284210298986947,0.7267843420910612
H3,hyb1,4,4,"{'epochs': 15, 'lr': 0.0013565593881009633, 'weight_decay': 0.07190250599750336, 'batch_size': 1024, 'dropout': 0.1, 'static_h': 64, 'rnn_h': 64, 'cw_power': 0.5}",0.06,0.5121329049019286,0.7367537788656879
H3,hyb1,4,5,"{'epochs': 20, 'lr': 0.00036687618585322254, 'weight_decay': 0.032030150770532666, 'batch_size': 1024, 'dropout': 0.3, 'static_h': 128, 'rnn_h': 64, 'cw_power': 0.0}",0.09000000000000001,0.4968203808873768,0.7293936305737024
H3,hyb1,5,0,"{'epochs': 15, 'lr': 0.001, 'weight_decay': 0.01, 'batch_size': 512, 'dropout': 0.2, 'static_h': 128, 'rnn_h': 64, 'cw_power': 1.0}",0.07,0.5063932639130899,0.7218731506857142
H3,hyb1,5,1,"{'epochs': 20, 'lr': 0.0005717472694602066, 'weight_decay': 0.002767313643884653, 'batch_size': 512, 'dropout': 0.1, 'static_h': 256, 'rnn_h': 32, 'cw_power': 0.0}",0.08,0.482200608177745,0.7187874612824078
H3,hyb1,5,2,"{'epochs': 20, 'lr': 0.0024676400936351943, 'weight_decay': 0.011886597977077298, 'batch_size': 512, 'dropout': 0.2, 'static_h': 256, 'rnn_h': 128, 'cw_power': 0.0}",0.08,0.47854365055453,0.718050337983017
H3,hyb1,5,3,"{'epochs': 10, 'lr': 0.0007561437225652694, 'weight_decay': 0.00022698051793868668, 'batch_size': 1024, 'dropout': 0.5, 'static_h': 64, 'rnn_h': 64, 'cw_power': 0.5}",0.08,0.4994915385507285,0.7313185573720515
H3,hyb1,5,4,"{'epochs': 15, 'lr': 0.0011543895247765705, 'weight_decay': 0.0003418064906429197, 'batch_size': 512, 'dropout': 0.1, 'static_h': 128, 'rnn_h': 64, 'cw_power': 0.5}",0.09000000000000001,0.47548564842440816,0.7217563280004433
H3,hyb1,5,5,"{'epochs': 15, 'lr': 0.002740170852945285, 'weight_decay': 0.0001768261015794793, 'batch_size': 1024, 'dropout': 0.5, 'static_h': 128, 'rnn_h': 64, 'cw_power': 1.0}",0.05,0.5314215058427929,0.7351002866993117
H3,hyb2,1,0,"{'epochs': 15, 'lr': 0.001, 'weight_decay': 0.01, 'batch_size': 512, 'dropout': 0.2, 'static_h': 128, 'rnn_h': 64, 'cw_power': 1.0}",0.06,0.5138630146627811,0.7317075254254136
H3,hyb2,1,1,"{'epochs': 10, 'lr': 0.0004183305423447486, 'weight_decay': 0.003584880777902736, 'batch_size': 1024, 'dropout': 0.3, 'static_h': 128, 'rnn_h': 128, 'cw_power': 1.0}",0.09000000000000001,0.4886087875397014,0.7321726433534332
H3,hyb2,1,2,"{'epochs': 15, 'lr': 0.0004435641898710952, 'weight_decay': 0.00337486990578473, 'batch_size': 512, 'dropout': 0.1, 'static_h': 128, 'rnn_h': 128, 'cw_power': 1.0}",0.06,0.5049164558298849,0.730866483185368
H3,hyb2,1,3,"{'epochs': 20, 'lr': 0.0026195762783029703, 'weight_decay': 0.003011926634581491, 'batch_size': 1024, 'dropout': 0.1, 'static_h': 128, 'rnn_h': 32, 'cw_power': 0.5}",0.07,0.5098041908091038,0.7330651618131059
H3,hyb2,1,4,"{'epochs': 20, 'lr': 0.0005192109531472251, 'weight_decay': 0.0013003634436825708, 'batch_size': 512, 'dropout': 0.2, 'static_h': 256, 'rnn_h': 32, 'cw_power': 1.0}",0.06,0.5109403855726938,0.7317075254254136
H3,hyb2,1,5,"{'epochs': 10, 'lr': 0.0011098098510284975, 'weight_decay': 0.0020076180373421247, 'batch_size': 1024, 'dropout': 0.2, 'static_h': 256, 'rnn_h': 32, 'cw_power': 0.0}",0.07,0.5240475843974733,0.7417012889309171
H3,hyb2,2,0,"{'epochs': 15, 'lr': 0.001, 'weight_decay': 0.01, 'batch_size': 512, 'dropout': 0.2, 'static_h': 128, 'rnn_h': 64, 'cw_power': 1.0}",0.09000000000000001,0.5430982441806228,0.7405096816926261
H3,hyb2,2,1,"{'epochs': 20, 'lr': 0.0024978587579531438, 'weight_decay': 0.00044801497345092094, 'batch_size': 512, 'dropout': 0.3, 'static_h': 256, 'rnn_h': 64, 'cw_power': 0.0}",0.06,0.5191863697532149,0.7392769055858252
H3,hyb2,2,2,"{'epochs': 15, 'lr': 0.0005750875554660827, 'weight_decay': 0.00012098071363855764, 'batch_size': 1024, 'dropout': 0.1, 'static_h': 256, 'rnn_h': 128, 'cw_power': 1.0}",0.08,0.503688424821232,0.7283655294154883
H3,hyb2,2,3,"{'epochs': 10, 'lr': 0.0009346687429385293, 'weight_decay': 0.0051828080981891666, 'batch_size': 1024, 'dropout': 0.5, 'static_h': 256, 'rnn_h': 32, 'cw_power': 1.0}",0.06,0.5207612127141122,0.7317075254254136
H3,hyb2,2,4,"{'epochs': 10, 'lr': 0.0006310625950932641, 'weight_decay': 0.00012699469330330472, 'batch_size': 512, 'dropout': 0.3, 'static_h': 256, 'rnn_h': 128, 'cw_power': 0.5}",0.09000000000000001,0.5283963142990455,0.7342569029382315
H3,hyb2,2,5,"{'epochs': 20, 'lr': 0.002189601357941242, 'weight_decay': 0.0005959530213196035, 'batch_size': 512, 'dropout': 0.2, 'static_h': 64, 'rnn_h': 32, 'cw_power': 0.0}",0.08,0.5120353551950119,0.7342626142585713
H3,hyb2,3,0,"{'epochs': 15, 'lr': 0.001, 'weight_decay': 0.01, 'batch_size': 512, 'dropout': 0.2, 'static_h': 128, 'rnn_h': 64, 'cw_power': 1.0}",0.07,0.5141708531604096,0.7283566534662875
H3,hyb2,3,1,"{'epochs': 10, 'lr': 0.001199341675717669, 'weight_decay': 0.02935238688574993, 'batch_size': 512, 'dropout': 0.1, 'static_h': 256, 'rnn_h': 32, 'cw_power': 1.0}",0.09000000000000001,0.5194029498012479,0.7224485839666183
H3,hyb2,3,2,"{'epochs': 10, 'lr': 0.0004056436599918757, 'weight_decay': 0.01782797626686044, 'batch_size': 512, 'dropout': 0.5, 'static_h': 256, 'rnn_h': 128, 'cw_power': 0.5}",0.08,0.5209634276487648,0.7246821497879864
H3,hyb2,3,3,"{'epochs': 15, 'lr': 0.00196940423974743, 'weight_decay': 0.051028924157949504, 'batch_size': 1024, 'dropout': 0.2, 'static_h': 64, 'rnn_h': 32, 'cw_power': 0.5}",0.07,0.5154618469099549,0.7236460752026971
H3,hyb2,3,4,"{'epochs': 15, 'lr': 0.001319855470309395, 'weight_decay': 0.0003332986516514532, 'batch_size': 1024, 'dropout': 0.2, 'static_h': 256, 'rnn_h': 64, 'cw_power': 0.5}",0.05,0.5352229221889028,0.7296646680300597
H3,hyb2,3,5,"{'epochs': 20, 'lr': 0.0018387210368890484, 'weight_decay': 0.005172295029422544, 'batch_size': 1024, 'dropout': 0.1, 'static_h': 128, 'rnn_h': 64, 'cw_power': 0.5}",0.07,0.5057319793582178,0.7173653041845766
H3,hyb2,4,0,"{'epochs': 15, 'lr': 0.001, 'weight_decay': 0.01, 'batch_size': 512, 'dropout': 0.2, 'static_h': 128, 'rnn_h': 64, 'cw_power': 1.0}",0.08,0.5175808332693737,0.7349997498639567
H3,hyb2,4,1,"{'epochs': 10, 'lr': 0.0011669532895587514, 'weight_decay': 0.006993264034758768, 'batch_size': 512, 'dropout': 0.5, 'static_h': 256, 'rnn_h': 128, 'cw_power': 1.0}",0.08,0.5182309778559434,0.7327883430478004
H3,hyb2,4,2,"{'epochs': 20, 'lr': 0.0027190596393556255, 'weight_decay': 0.06442086646639975, 'batch_size': 1024, 'dropout': 0.3, 'static_h': 256, 'rnn_h': 32, 'cw_power': 0.0}",0.08,0.5056725914773129,0.7401596991016544
H3,hyb2,4,3,"{'epochs': 10, 'lr': 0.000561474454850999, 'weight_decay': 0.0019578528162600985, 'batch_size': 1024, 'dropout': 0.2, 'static_h': 128, 'rnn_h': 128, 'cw_power': 1.0}",0.07,0.4929012425230426,0.7275694445563168
H3,hyb2,4,4,"{'epochs': 10, 'lr': 0.0005215238976316124, 'weight_decay': 0.00021543862588080604, 'batch_size': 512, 'dropout': 0.3, 'static_h': 256, 'rnn_h': 32, 'cw_power': 0.0}",0.06,0.5118311957887857,0.7317075254254136
H3,hyb2,4,5,"{'epochs': 20, 'lr': 0.0028279735555409567, 'weight_decay': 0.062418804953885396, 'batch_size': 512, 'dropout': 0.2, 'static_h': 128, 'rnn_h': 128, 'cw_power': 0.5}",0.08,0.5050312925763818,0.7313140718370297
H3,hyb2,5,0,"{'epochs': 15, 'lr': 0.001, 'weight_decay': 0.01, 'batch_size': 512, 'dropout': 0.2, 'static_h': 128, 'rnn_h': 64, 'cw_power': 1.0}",0.05,0.4995091085359433,0.716987485789863
H3,hyb2,5,1,"{'epochs': 20, 'lr': 0.0016779809402562781, 'weight_decay': 0.007346902935449009, 'batch_size': 1024, 'dropout': 0.2, 'static_h': 256, 'rnn_h': 64, 'cw_power': 0.5}",0.08,0.4784697952660895,0.7151018447854538
H3,hyb2,5,2,"{'epochs': 15, 'lr': 0.002723682646004601, 'weight_decay': 0.03672951925431394, 'batch_size': 512, 'dropout': 0.2, 'static_h': 256, 'rnn_h': 128, 'cw_power': 0.0}",0.08,0.4521770962506984,0.7099419816897181
H3,hyb2,5,3,"{'epochs': 10, 'lr': 0.00039083123997415547, 'weight_decay': 0.0025064870038112932, 'batch_size': 1024, 'dropout': 0.2, 'static_h': 128, 'rnn_h': 32, 'cw_power': 1.0}",0.1,0.47819791405376444,0.7309798001796823
H3,hyb2,5,4,"{'epochs': 10, 'lr': 0.00044667394232188217, 'weight_decay': 0.007011398288411405, 'batch_size': 512, 'dropout': 0.2, 'static_h': 64, 'rnn_h': 128, 'cw_power': 1.0}",0.07,0.4812893587488224,0.7314991206086805
H3,hyb2,5,5,"{'epochs': 10, 'lr': 0.0007605227153412748, 'weight_decay': 0.00775466768110668, 'batch_size': 1024, 'dropout': 0.2, 'static_h': 256, 'rnn_h': 128, 'cw_power': 0.0}",0.08,0.501515489054927,0.7394269136653504
H3,hyb3,1,0,"{'epochs': 15, 'lr': 0.001, 'weight_decay': 0.01, 'batch_size': 512, 'dropout': 0.2, 'static_h': 128, 'rnn_h': 64, 'cw_power': 1.0}",0.08,0.5311523869333741,0.7364740210747274
H3,hyb3,1,1,"{'epochs': 15, 'lr': 0.0006294054149467938, 'weight_decay': 0.00010351637701336798, 'batch_size': 1024, 'dropout': 0.1, 'static_h': 256, 'rnn_h': 128, 'cw_power': 1.0}",0.06,0.5065806010431773,0.7291843987052764
H3,hyb3,1,2,"{'epochs': 10, 'lr': 0.001339719235303775, 'weight_decay': 0.015944308448168153, 'batch_size': 512, 'dropout': 0.1, 'static_h': 128, 'rnn_h': 32, 'cw_power': 1.0}",0.08,0.514273741397922,0.7386854278908834
H3,hyb3,1,3,"{'epochs': 15, 'lr': 0.000458938584561202, 'weight_decay': 0.0002451901597765618, 'batch_size': 512, 'dropout': 0.2, 'static_h': 256, 'rnn_h': 128, 'cw_power': 1.0}",0.07,0.5108110614391123,0.7275694445563168
H3,hyb3,1,4,"{'epochs': 10, 'lr': 0.0004345642846493967, 'weight_decay': 0.00018296011405592304, 'batch_size': 1024, 'dropout': 0.1, 'static_h': 64, 'rnn_h': 64, 'cw_power': 1.0}",0.08,0.49703538747499615,0.7313140718370297
H3,hyb3,1,5,"{'epochs': 10, 'lr': 0.0022858334255670535, 'weight_decay': 0.0002449176785646021, 'batch_size': 512, 'dropout': 0.3, 'static_h': 256, 'rnn_h': 64, 'cw_power': 1.0}",0.06,0.4992908217015707,0.7350716943855966
H3,hyb3,2,0,"{'epochs': 15, 'lr': 0.001, 'weight_decay': 0.01, 'batch_size': 512, 'dropout': 0.2, 'static_h': 128, 'rnn_h': 64, 'cw_power': 1.0}",0.08,0.5257298866043195,0.7327883430478004
H3,hyb3,2,1,"{'epochs': 20, 'lr': 0.0010704375479751375, 'weight_decay': 0.00014292323323131256, 'batch_size': 512, 'dropout': 0.2, 'static_h': 256, 'rnn_h': 64, 'cw_power': 0.0}",0.1,0.5188215328629975,0.7316324200358582
H3,hyb3,2,2,"{'epochs': 15, 'lr': 0.0007477526941655103, 'weight_decay': 0.04936667633193791, 'batch_size': 1024, 'dropout': 0.5, 'static_h': 256, 'rnn_h': 128, 'cw_power': 0.0}",0.08,0.5379422542145974,0.7416339703124251
H3,hyb3,2,3,"{'epochs': 10, 'lr': 0.0007998644523056646, 'weight_decay': 0.0019010250340033507, 'batch_size': 1024, 'dropout': 0.3, 'static_h': 256, 'rnn_h': 32, 'cw_power': 0.0}",0.08,0.5315151020480913,0.735736885469342
H3,hyb3,2,4,"{'epochs': 10, 'lr': 0.0023603452552751042, 'weight_decay': 0.0002665226215751781, 'batch_size': 512, 'dropout': 0.1, 'static_h': 128, 'rnn_h': 64, 'cw_power': 1.0}",0.06,0.5242379733477918,0.7266612719851393
H3,hyb3,2,5,"{'epochs': 10, 'lr': 0.0005882530854865364, 'weight_decay': 0.0008399356294327856, 'batch_size': 1024, 'dropout': 0.3, 'static_h': 128, 'rnn_h': 32, 'cw_power': 0.5}",0.08,0.5230172111608431,0.735736885469342
H3,hyb3,3,0,"{'epochs': 15, 'lr': 0.001, 'weight_decay': 0.01, 'batch_size': 512, 'dropout': 0.2, 'static_h': 128, 'rnn_h': 64, 'cw_power': 1.0}",0.05,0.5202850211509837,0.723325146007314
H3,hyb3,3,1,"{'epochs': 10, 'lr': 0.0018030046352105675, 'weight_decay': 0.02648891796639771, 'batch_size': 1024, 'dropout': 0.3, 'static_h': 64, 'rnn_h': 128, 'cw_power': 0.0}",0.07,0.529322119281243,0.7299268462208176
H3,hyb3,3,2,"{'epochs': 20, 'lr': 0.002424993819254256, 'weight_decay': 0.02171877183151315, 'batch_size': 1024, 'dropout': 0.3, 'static_h': 64, 'rnn_h': 32, 'cw_power': 1.0}",0.08,0.5210873755579604,0.725419279239692
H3,hyb3,3,3,"{'epochs': 15, 'lr': 0.0019290143724845683, 'weight_decay': 0.0021895525170200895, 'batch_size': 512, 'dropout': 0.3, 'static_h': 64, 'rnn_h': 32, 'cw_power': 0.0}",0.07,0.5369309666015484,0.7299268462208176
H3,hyb3,3,4,"{'epochs': 15, 'lr': 0.0020550553945421855, 'weight_decay': 0.018235598391112044, 'batch_size': 1024, 'dropout': 0.2, 'static_h': 64, 'rnn_h': 64, 'cw_power': 1.0}",0.09000000000000001,0.508545112220722,0.7224485839666183
H3,hyb3,3,5,"{'epochs': 10, 'lr': 0.002639530063915109, 'weight_decay': 0.015826794477755975, 'batch_size': 512, 'dropout': 0.1, 'static_h': 64, 'rnn_h': 128, 'cw_power': 1.0}",0.08,0.5192743720502324,0.7261564086913974
H3,hyb3,4,0,"{'epochs': 15, 'lr': 0.001, 'weight_decay': 0.01, 'batch_size': 512, 'dropout': 0.2, 'static_h': 128, 'rnn_h': 64, 'cw_power': 1.0}",0.05,0.5310793677363567,0.7414363647555787
H3,hyb3,4,1,"{'epochs': 15, 'lr': 0.0018884813226407804, 'weight_decay': 0.0011776730063983122, 'batch_size': 1024, 'dropout': 0.2, 'static_h': 64, 'rnn_h': 128, 'cw_power': 1.0}",0.06,0.5053583184554983,0.7283433564652307
H3,hyb3,4,2,"{'epochs': 10, 'lr': 0.002431713314859541, 'weight_decay': 0.011228277611038834, 'batch_size': 512, 'dropout': 0.2, 'static_h': 256, 'rnn_h': 32, 'cw_power': 1.0}",0.06,0.47029450229480513,0.7241381452650021
H3,hyb3,4,3,"{'epochs': 20, 'lr': 0.002410894330883157, 'weight_decay': 0.008805950792653205, 'batch_size': 512, 'dropout': 0.1, 'static_h': 128, 'rnn_h': 64, 'cw_power': 1.0}",0.07,0.5175475056643192,0.729139649486828
H3,hyb3,4,4,"{'epochs': 15, 'lr': 0.0009549577689801689, 'weight_decay': 0.011409657301144741, 'batch_size': 512, 'dropout': 0.3, 'static_h': 128, 'rnn_h': 32, 'cw_power': 0.0}",0.07,0.5230185815837848,0.7369906741393837
H3,hyb3,4,5,"{'epochs': 15, 'lr': 0.0013913648498201155, 'weight_decay': 0.0005720780715248882, 'batch_size': 1024, 'dropout': 0.3, 'static_h': 64, 'rnn_h': 128, 'cw_power': 0.0}",0.1,0.5162924411894657,0.7322901837122409
H3,hyb3,5,0,"{'epochs': 15, 'lr': 0.001, 'weight_decay': 0.01, 'batch_size': 512, 'dropout': 0.2, 'static_h': 128, 'rnn_h': 64, 'cw_power': 1.0}",0.07,0.5110137525782873,0.7236482177025017
H3,hyb3,5,1,"{'epochs': 20, 'lr': 0.0014867503631186536, 'weight_decay': 0.003492848261415079, 'batch_size': 1024, 'dropout': 0.3, 'static_h': 256, 'rnn_h': 128, 'cw_power': 1.0}",0.07,0.47304429222253286,0.7103016827619975
H3,hyb3,5,2,"{'epochs': 15, 'lr': 0.0008292168673714127, 'weight_decay': 0.07687269048410748, 'batch_size': 512, 'dropout': 0.5, 'static_h': 128, 'rnn_h': 128, 'cw_power': 0.0}",0.09000000000000001,0.5379407034697737,0.7356511430815696
H3,hyb3,5,3,"{'epochs': 20, 'lr': 0.0012730835266213836, 'weight_decay': 0.0008816598985694426, 'batch_size': 1024, 'dropout': 0.5, 'static_h': 256, 'rnn_h': 32, 'cw_power': 1.0}",0.1,0.5205484414315885,0.7276910446806564
H3,hyb3,5,4,"{'epochs': 20, 'lr': 0.001712918539150058, 'weight_decay': 0.00010413561394449833, 'batch_size': 512, 'dropout': 0.1, 'static_h': 64, 'rnn_h': 32, 'cw_power': 0.0}",0.08,0.4733331179540475,0.7195245845817986
H3,hyb3,5,5,"{'epochs': 10, 'lr': 0.0003244758322501489, 'weight_decay': 0.0004831615722453101, 'batch_size': 1024, 'dropout': 0.1, 'static_h': 64, 'rnn_h': 128, 'cw_power': 0.0}",0.08,0.5053935319214167,0.7283700641744882
H3,hyb4,1,0,"{'epochs': 15, 'lr': 0.001, 'weight_decay': 0.01, 'batch_size': 512, 'dropout': 0.2, 'static_h': 128, 'rnn_h': 64, 'cw_power': 1.0}",0.07,0.4961232095853897,0.7244290346952946
H3,hyb4,1,1,"{'epochs': 20, 'lr': 0.00038401098100033604, 'weight_decay': 0.008832921928050299, 'batch_size': 1024, 'dropout': 0.5, 'static_h': 128, 'rnn_h': 32, 'cw_power': 0.5}",0.08,0.5044800621061684,0.7268912582047174
H3,hyb4,1,2,"{'epochs': 20, 'lr': 0.0013640096443351274, 'weight_decay': 0.010729601758420719, 'batch_size': 1024, 'dropout': 0.1, 'static_h': 64, 'rnn_h': 128, 'cw_power': 0.0}",0.07,0.5067565398326309,0.736205571674128
H3,hyb4,1,3,"{'epochs': 20, 'lr': 0.0004263252668955234, 'weight_decay': 0.003730136996078892, 'batch_size': 512, 'dropout': 0.3, 'static_h': 256, 'rnn_h': 64, 'cw_power': 1.0}",0.06,0.5163830226064476,0.730866483185368
H3,hyb4,1,4,"{'epochs': 20, 'lr': 0.0017580041268370943, 'weight_decay': 0.0024347962661088016, 'batch_size': 512, 'dropout': 0.2, 'static_h': 128, 'rnn_h': 128, 'cw_power': 0.0}",0.06,0.5116775861169027,0.7325485676654593
H3,hyb4,1,5,"{'epochs': 10, 'lr': 0.0015340320873797144, 'weight_decay': 0.0007813809271858247, 'batch_size': 512, 'dropout': 0.2, 'static_h': 256, 'rnn_h': 64, 'cw_power': 1.0}",0.08,0.5094293113833117,0.7320512074424151
H3,hyb4,2,0,"{'epochs': 15, 'lr': 0.001, 'weight_decay': 0.01, 'batch_size': 512, 'dropout': 0.2, 'static_h': 128, 'rnn_h': 64, 'cw_power': 1.0}",0.09000000000000001,0.5291464202036309,0.7384254221078279
H3,hyb4,2,1,"{'epochs': 15, 'lr': 0.0014518624276290938, 'weight_decay': 0.0767112244219913, 'batch_size': 1024, 'dropout': 0.2, 'static_h': 256, 'rnn_h': 128, 'cw_power': 0.5}",0.09000000000000001,0.5186014969190242,0.7314778901585006
H3,hyb4,2,2,"{'epochs': 20, 'lr': 0.0008169240084838739, 'weight_decay': 0.00011693990466842771, 'batch_size': 1024, 'dropout': 0.3, 'static_h': 64, 'rnn_h': 32, 'cw_power': 0.0}",0.09000000000000001,0.5117928931029212,0.7349516561331642
H3,hyb4,2,3,"{'epochs': 20, 'lr': 0.0006126981301060012, 'weight_decay': 0.00044175577560517096, 'batch_size': 1024, 'dropout': 0.5, 'static_h': 64, 'rnn_h': 32, 'cw_power': 0.0}",0.11,0.49776569880368116,0.7258134733485754
H3,hyb4,2,4,"{'epochs': 10, 'lr': 0.0006704115467978465, 'weight_decay': 0.0002550732431132318, 'batch_size': 1024, 'dropout': 0.1, 'static_h': 256, 'rnn_h': 32, 'cw_power': 0.5}",0.1,0.5265284204545625,0.72965912900671
H3,hyb4,2,5,"{'epochs': 15, 'lr': 0.0009247488546515495, 'weight_decay': 0.0009882398332093606, 'batch_size': 512, 'dropout': 0.5, 'static_h': 256, 'rnn_h': 32, 'cw_power': 0.0}",0.07,0.5385220033596998,0.7314949568825946
H3,hyb4,3,0,"{'epochs': 15, 'lr': 0.001, 'weight_decay': 0.01, 'batch_size': 512, 'dropout': 0.2, 'static_h': 128, 'rnn_h': 64, 'cw_power': 1.0}",0.05,0.5116333061842054,0.7215138540008152
H3,hyb4,3,1,"{'epochs': 20, 'lr': 0.0027737953796332033, 'weight_decay': 0.022286959299553613, 'batch_size': 1024, 'dropout': 0.1, 'static_h': 256, 'rnn_h': 128, 'cw_power': 0.0}",0.06,0.4774043628030601,0.7157297585325315
H3,hyb4,3,2,"{'epochs': 20, 'lr': 0.002539663155625046, 'weight_decay': 0.019143567510901405, 'batch_size': 512, 'dropout': 0.3, 'static_h': 256, 'rnn_h': 128, 'cw_power': 0.5}",0.06,0.5061193348705874,0.7308684104450003
H3,hyb4,3,3,"{'epochs': 10, 'lr': 0.0008785353665443807, 'weight_decay': 0.0037886151104861297, 'batch_size': 1024, 'dropout': 0.5, 'static_h': 256, 'rnn_h': 128, 'cw_power': 0.5}",0.09000000000000001,0.5044500334228399,0.7175853551500133
H3,hyb4,3,4,"{'epochs': 20, 'lr': 0.0005089488926690226, 'weight_decay': 0.0005156488065604522, 'batch_size': 512, 'dropout': 0.2, 'static_h': 128, 'rnn_h': 32, 'cw_power': 0.0}",0.08,0.5292915536424349,0.7291049264982196
H3,hyb4,3,5,"{'epochs': 20, 'lr': 0.000402761177409675, 'weight_decay': 0.0004948941418865033, 'batch_size': 512, 'dropout': 0.2, 'static_h': 128, 'rnn_h': 64, 'cw_power': 0.0}",0.07,0.5272087906205327,0.733852328107143
H3,hyb4,4,0,"{'epochs': 15, 'lr': 0.001, 'weight_decay': 0.01, 'batch_size': 512, 'dropout': 0.2, 'static_h': 128, 'rnn_h': 64, 'cw_power': 1.0}",0.07,0.5008908167802224,0.7330651618131059
H3,hyb4,4,1,"{'epochs': 15, 'lr': 0.0007797251663421709, 'weight_decay': 0.011861941648452935, 'batch_size': 1024, 'dropout': 0.2, 'static_h': 64, 'rnn_h': 32, 'cw_power': 0.5}",0.08,0.4999452112813681,0.7327883430478004
H3,hyb4,4,2,"{'epochs': 15, 'lr': 0.00039295155387676254, 'weight_decay': 0.001736990612552468, 'batch_size': 1024, 'dropout': 0.1, 'static_h': 256, 'rnn_h': 64, 'cw_power': 1.0}",0.07,0.4811320621762871,0.7259992396258057
H3,hyb4,4,3,"{'epochs': 10, 'lr': 0.0031005441461587602, 'weight_decay': 0.0024318165069228347, 'batch_size': 512, 'dropout': 0.3, 'static_h': 64, 'rnn_h': 128, 'cw_power': 0.0}",0.09000000000000001,0.47839282471573635,0.7286988773787697
H3,hyb4,4,4,"{'epochs': 20, 'lr': 0.00178578766026377, 'weight_decay': 0.0004889831578626102, 'batch_size': 512, 'dropout': 0.3, 'static_h': 128, 'rnn_h': 128, 'cw_power': 0.0}",0.05,0.5157343262975086,0.7323798451323065
H3,hyb4,4,5,"{'epochs': 15, 'lr': 0.0018718646761568733, 'weight_decay': 0.00026150754801608245, 'batch_size': 1024, 'dropout': 0.3, 'static_h': 256, 'rnn_h': 32, 'cw_power': 0.5}",0.08,0.5233870548708432,0.7364740210747274
H3,hyb4,5,0,"{'epochs': 15, 'lr': 0.001, 'weight_decay': 0.01, 'batch_size': 512, 'dropout': 0.2, 'static_h': 128, 'rnn_h': 64, 'cw_power': 1.0}",0.07,0.4654950038557306,0.7063762313089079
H3,hyb4,5,1,"{'epochs': 10, 'lr': 0.0005583203733083619, 'weight_decay': 0.06484516563523023, 'batch_size': 512, 'dropout': 0.2, 'static_h': 256, 'rnn_h': 128, 'cw_power': 0.5}",0.09000000000000001,0.506981218308852,0.7335669208194007
H3,hyb4,5,2,"{'epochs': 10, 'lr': 0.0014739875480500213, 'weight_decay': 0.00013272910523986535, 'batch_size': 512, 'dropout': 0.2, 'static_h': 64, 'rnn_h': 32, 'cw_power': 0.0}",0.08,0.5017966693566432,0.7327928039708331
H3,hyb4,5,3,"{'epochs': 10, 'lr': 0.002064781113269622, 'weight_decay': 0.01992153116186179, 'batch_size': 1024, 'dropout': 0.1, 'static_h': 256, 'rnn_h': 128, 'cw_power': 0.0}",0.08,0.4872799476999895,0.718050337983017
H3,hyb4,5,4,"{'epochs': 10, 'lr': 0.001691119785502814, 'weight_decay': 0.0436201505700513, 'batch_size': 1024, 'dropout': 0.2, 'static_h': 128, 'rnn_h': 64, 'cw_power': 0.0}",0.07,0.5045896309764579,0.7322842108992984
H3,hyb4,5,5,"{'epochs': 15, 'lr': 0.001354699895848429, 'weight_decay': 0.0016321655521047795, 'batch_size': 1024, 'dropout': 0.2, 'static_h': 64, 'rnn_h': 32, 'cw_power': 1.0}",0.06,0.5045182184216619,0.7233010655177102
H3,proposed,1,0,"{'epochs': 15, 'lr': 0.001, 'weight_decay': 0.01, 'batch_size': 512, 'dropout': 0.2, 'static_h': 128, 'rnn_h': 64, 'cw_power': 1.0}",0.09000000000000001,0.5125935925971389,0.7286988773787697
H3,proposed,1,1,"{'epochs': 10, 'lr': 0.001391041014703013, 'weight_decay': 0.06635639777162897, 'batch_size': 1024, 'dropout': 0.2, 'static_h': 128, 'rnn_h': 64, 'cw_power': 0.5}",0.08,0.5305057583875026,0.7431082415231958
H3,proposed,1,2,"{'epochs': 10, 'lr': 0.0016499244895098186, 'weight_decay': 0.054442714651573736, 'batch_size': 512, 'dropout': 0.2, 'static_h': 256, 'rnn_h': 32, 'cw_power': 0.5}",0.08,0.5355051955592138,0.7408968347070397
H3,proposed,1,3,"{'epochs': 20, 'lr': 0.0024442416947000685, 'weight_decay': 0.034723684059902345, 'batch_size': 1024, 'dropout': 0.1, 'static_h': 64, 'rnn_h': 128, 'cw_power': 1.0}",0.06,0.4965388236346736,0.718250849584682
H3,proposed,1,4,"{'epochs': 10, 'lr': 0.0009149607264297716, 'weight_decay': 0.07744620646033823, 'batch_size': 1024, 'dropout': 0.3, 'static_h': 128, 'rnn_h': 64, 'cw_power': 0.5}",0.08,0.5269764856720425,0.7482681907608935
H3,proposed,1,5,"{'epochs': 20, 'lr': 0.0006807854594617129, 'weight_decay': 0.09015335229691963, 'batch_size': 512, 'dropout': 0.2, 'static_h': 64, 'rnn_h': 64, 'cw_power': 0.0}",0.06,0.524913167977128,0.7409589900659166
H3,proposed,2,0,"{'epochs': 15, 'lr': 0.001, 'weight_decay': 0.01, 'batch_size': 512, 'dropout': 0.2, 'static_h': 128, 'rnn_h': 64, 'cw_power': 1.0}",0.08,0.5358244916548766,0.7453196483393519
H3,proposed,2,1,"{'epochs': 20, 'lr': 0.0013385808906394648, 'weight_decay': 0.0024123613070460765, 'batch_size': 512, 'dropout': 0.2, 'static_h': 256, 'rnn_h': 64, 'cw_power': 0.5}",0.07,0.5282026127795164,0.7377757766046392
H3,proposed,2,2,"{'epochs': 10, 'lr': 0.0015902267728630723, 'weight_decay': 0.009302837725250803, 'batch_size': 1024, 'dropout': 0.5, 'static_h': 256, 'rnn_h': 32, 'cw_power': 0.0}",0.07,0.5347779480975534,0.7314949568825946
H3,proposed,2,3,"{'epochs': 20, 'lr': 0.00033787500894129276, 'weight_decay': 0.004100541460761236, 'batch_size': 512, 'dropout': 0.3, 'static_h': 128, 'rnn_h': 128, 'cw_power': 0.5}",0.08,0.5349902235622921,0.7379482922854981
H3,proposed,2,4,"{'epochs': 20, 'lr': 0.002161230206304076, 'weight_decay': 0.004497915409014811, 'batch_size': 1024, 'dropout': 0.3, 'static_h': 256, 'rnn_h': 64, 'cw_power': 0.0}",0.07,0.5243151802012547,0.7369906741393837
H3,proposed,2,5,"{'epochs': 20, 'lr': 0.000692855565819655, 'weight_decay': 0.025610111945720326, 'batch_size': 512, 'dropout': 0.1, 'static_h': 128, 'rnn_h': 32, 'cw_power': 0.0}",0.1,0.508942183140437,0.7283436016539446
H3,proposed,3,0,"{'epochs': 15, 'lr': 0.001, 'weight_decay': 0.01, 'batch_size': 512, 'dropout': 0.2, 'static_h': 128, 'rnn_h': 64, 'cw_power': 1.0}",0.07,0.5238277317007894,0.7299268462208176
H3,proposed,3,1,"{'epochs': 20, 'lr': 0.003101601984868045, 'weight_decay': 0.003652193174171039, 'batch_size': 512, 'dropout': 0.3, 'static_h': 128, 'rnn_h': 64, 'cw_power': 0.5}",0.08,0.5335474226111001,0.7313163148533361
H3,proposed,3,2,"{'epochs': 10, 'lr': 0.001960872755904074, 'weight_decay': 0.0002620810860124825, 'batch_size': 1024, 'dropout': 0.2, 'static_h': 64, 'rnn_h': 128, 'cw_power': 0.0}",0.07,0.5366191774135306,0.7299268462208176
H3,proposed,3,3,"{'epochs': 20, 'lr': 0.0006403761417138588, 'weight_decay': 0.07133633803865505, 'batch_size': 512, 'dropout': 0.2, 'static_h': 64, 'rnn_h': 32, 'cw_power': 1.0}",0.09000000000000001,0.5139406553325566,0.7231433309404189
H3,proposed,3,4,"{'epochs': 15, 'lr': 0.002096090910096697, 'weight_decay': 0.00011016616222860677, 'batch_size': 1024, 'dropout': 0.1, 'static_h': 64, 'rnn_h': 128, 'cw_power': 0.5}",0.05,0.5199550938431331,0.7287590220268103
H3,proposed,3,5,"{'epochs': 20, 'lr': 0.0029938372422984804, 'weight_decay': 0.04592217192171646, 'batch_size': 512, 'dropout': 0.2, 'static_h': 64, 'rnn_h': 128, 'cw_power': 1.0}",0.08,0.5318604958920429,0.7320534443050417
H3,proposed,4,0,"{'epochs': 15, 'lr': 0.001, 'weight_decay': 0.01, 'batch_size': 512, 'dropout': 0.2, 'static_h': 128, 'rnn_h': 64, 'cw_power': 1.0}",0.07,0.5140001823392163,0.7369906741393837
H3,proposed,4,1,"{'epochs': 15, 'lr': 0.0005290504854604059, 'weight_decay': 0.009515742366033314, 'batch_size': 1024, 'dropout': 0.1, 'static_h': 256, 'rnn_h': 64, 'cw_power': 1.0}",0.08,0.4996033156692462,0.7305769362316443
H3,proposed,4,2,"{'epochs': 10, 'lr': 0.0004022158464045795, 'weight_decay': 0.0004997748248726821, 'batch_size': 1024, 'dropout': 0.1, 'static_h': 128, 'rnn_h': 64, 'cw_power': 0.0}",0.11,0.4778772964103279,0.7258134733485754
H3,proposed,4,3,"{'epochs': 20, 'lr': 0.0014057554977959393, 'weight_decay': 0.0002984457811318725, 'batch_size': 512, 'dropout': 0.2, 'static_h': 128, 'rnn_h': 128, 'cw_power': 0.5}",0.06,0.514052400966857,0.727502314225185
H3,proposed,4,4,"{'epochs': 20, 'lr': 0.0026842018519455755, 'weight_decay': 0.020978327131958293, 'batch_size': 1024, 'dropout': 0.1, 'static_h': 256, 'rnn_h': 128, 'cw_power': 0.5}",0.08,0.5133595799875863,0.7320512074424151
H3,proposed,4,5,"{'epochs': 10, 'lr': 0.0012807600630135802, 'weight_decay': 0.0001694767385177349, 'batch_size': 512, 'dropout': 0.1, 'static_h': 128, 'rnn_h': 128, 'cw_power': 1.0}",0.07,0.48830811752532854,0.7252141371605502
H3,proposed,5,0,"{'epochs': 15, 'lr': 0.001, 'weight_decay': 0.01, 'batch_size': 512, 'dropout': 0.2, 'static_h': 128, 'rnn_h': 64, 'cw_power': 1.0}",0.05,0.5154034480488068,0.7278551663355323
H3,proposed,5,1,"{'epochs': 10, 'lr': 0.0014134985321007736, 'weight_decay': 0.00022086282976145898, 'batch_size': 512, 'dropout': 0.5, 'static_h': 128, 'rnn_h': 32, 'cw_power': 1.0}",0.08,0.5095976451406753,0.7379526670665688
H3,proposed,5,2,"{'epochs': 10, 'lr': 0.0010911021450750946, 'weight_decay': 0.0010356028854638802, 'batch_size': 512, 'dropout': 0.1, 'static_h': 64, 'rnn_h': 32, 'cw_power': 0.0}",0.08,0.5074931619916649,0.7350041738690054
H3,proposed,5,3,"{'epochs': 15, 'lr': 0.0008928898172130585, 'weight_decay': 0.0474063820003641, 'batch_size': 1024, 'dropout': 0.1, 'static_h': 64, 'rnn_h': 32, 'cw_power': 1.0}",0.07,0.5050179525781312,0.7252183982837374
H3,proposed,5,4,"{'epochs': 20, 'lr': 0.000970059586848342, 'weight_decay': 0.06658672542961523, 'batch_size': 1024, 'dropout': 0.3, 'static_h': 64, 'rnn_h': 64, 'cw_power': 1.0}",0.06,0.5114995027356019,0.732552397673653
H3,proposed,5,5,"{'epochs': 15, 'lr': 0.0004850890861155822, 'weight_decay': 0.0022727244283620744, 'batch_size': 512, 'dropout': 0.2, 'static_h': 256, 'rnn_h': 32, 'cw_power': 0.5}",0.09000000000000001,0.5063905376828844,0.7280089947869501
H3,hyb5,1,0,"{'epochs': 15, 'lr': 0.001, 'weight_decay': 0.01, 'batch_size': 512, 'dropout': 0.2, 'static_h': 128, 'rnn_h': 64, 'cw_power': 1.0}",0.08,0.5169330101655931,0.729839800626259
H3,hyb5,1,1,"{'epochs': 15, 'lr': 0.001484068815453071, 'weight_decay': 0.0018471385927437505, 'batch_size': 512, 'dropout': 0.3, 'static_h': 128, 'rnn_h': 32, 'cw_power': 1.0}",0.07,0.5215683735093097,0.7299247519520835
H3,hyb5,1,2,"{'epochs': 15, 'lr': 0.000937895628222836, 'weight_decay': 0.0002766103337206851, 'batch_size': 512, 'dropout': 0.5, 'static_h': 256, 'rnn_h': 32, 'cw_power': 0.0}",0.08,0.5261939689773304,0.7416339703124251
H3,hyb5,1,3,"{'epochs': 15, 'lr': 0.0004160980917633928, 'weight_decay': 0.0004476782435177637, 'batch_size': 1024, 'dropout': 0.2, 'static_h': 256, 'rnn_h': 128, 'cw_power': 0.0}",0.05,0.5277027372944776,0.7405307127932516
H3,hyb5,1,4,"{'epochs': 10, 'lr': 0.002862966525012936, 'weight_decay': 0.02241430216540951, 'batch_size': 512, 'dropout': 0.3, 'static_h': 256, 'rnn_h': 32, 'cw_power': 0.0}",0.07,0.5274800098982988,0.736205571674128
H3,hyb5,1,5,"{'epochs': 20, 'lr': 0.0019351719542833224, 'weight_decay': 0.03480417105742015, 'batch_size': 512, 'dropout': 0.1, 'static_h': 256, 'rnn_h': 64, 'cw_power': 0.0}",0.08,0.493100992471677,0.7246798513885613
H3,hyb5,2,0,"{'epochs': 15, 'lr': 0.001, 'weight_decay': 0.01, 'batch_size': 512, 'dropout': 0.2, 'static_h': 128, 'rnn_h': 64, 'cw_power': 1.0}",0.06,0.5435066161532408,0.7476873279862823
H3,hyb5,2,1,"{'epochs': 10, 'lr': 0.0015895910457673335, 'weight_decay': 0.004790445788087173, 'batch_size': 1024, 'dropout': 0.1, 'static_h': 256, 'rnn_h': 32, 'cw_power': 0.5}",0.07,0.5252155575375338,0.7322800593478502
H3,hyb5,2,2,"{'epochs': 20, 'lr': 0.001103702634966169, 'weight_decay': 0.05433557337384038, 'batch_size': 512, 'dropout': 0.1, 'static_h': 256, 'rnn_h': 64, 'cw_power': 1.0}",0.07,0.5044759151387926,0.729139649486828
H3,hyb5,2,3,"{'epochs': 10, 'lr': 0.00034031092611788613, 'weight_decay': 0.000332702367235314, 'batch_size': 1024, 'dropout': 0.3, 'static_h': 128, 'rnn_h': 128, 'cw_power': 1.0}",0.08,0.4968038418294651,0.7224684445724052
H3,hyb5,2,4,"{'epochs': 15, 'lr': 0.0005994557097284744, 'weight_decay': 0.0008145861748383355, 'batch_size': 512, 'dropout': 0.1, 'static_h': 256, 'rnn_h': 64, 'cw_power': 0.5}",0.07,0.5483658934695556,0.7393459815351504
H3,hyb5,2,5,"{'epochs': 10, 'lr': 0.0025273976279666516, 'weight_decay': 0.00018759458449313463, 'batch_size': 512, 'dropout': 0.5, 'static_h': 64, 'rnn_h': 32, 'cw_power': 1.0}",0.1,0.518724707871201,0.7362367657705371
H3,hyb5,3,0,"{'epochs': 15, 'lr': 0.001, 'weight_decay': 0.01, 'batch_size': 512, 'dropout': 0.2, 'static_h': 128, 'rnn_h': 64, 'cw_power': 1.0}",0.08,0.5187340382215192,0.7217336319811642
H3,hyb5,3,1,"{'epochs': 10, 'lr': 0.0020055470217471244, 'weight_decay': 0.00016095962310135105, 'batch_size': 512, 'dropout': 0.2, 'static_h': 128, 'rnn_h': 128, 'cw_power': 1.0}",0.09000000000000001,0.5105580697655916,0.732175041599828
H3,hyb5,3,2,"{'epochs': 20, 'lr': 0.0012544327713969396, 'weight_decay': 0.006323915311514364, 'batch_size': 512, 'dropout': 0.1, 'static_h': 128, 'rnn_h': 128, 'cw_power': 0.5}",0.07,0.5293531970207097,0.735422520861673
H3,hyb5,3,3,"{'epochs': 20, 'lr': 0.0017307858791601007, 'weight_decay': 0.0009808502672756395, 'batch_size': 1024, 'dropout': 0.1, 'static_h': 128, 'rnn_h': 128, 'cw_power': 0.5}",0.07,0.5125479217295388,0.7244311715799622
H3,hyb5,3,4,"{'epochs': 15, 'lr': 0.0021014821356232453, 'weight_decay': 0.010175338019449053, 'batch_size': 1024, 'dropout': 0.3, 'static_h': 128, 'rnn_h': 64, 'cw_power': 1.0}",0.05,0.5225416667320355,0.7242307920105634
H3,hyb5,3,5,"{'epochs': 20, 'lr': 0.00045972614139352355, 'weight_decay': 0.028401558186029144, 'batch_size': 1024, 'dropout': 0.1, 'static_h': 64, 'rnn_h': 128, 'cw_power': 1.0}",0.08,0.5089545855602869,0.728367797046514
H3,hyb5,4,0,"{'epochs': 15, 'lr': 0.001, 'weight_decay': 0.01, 'batch_size': 512, 'dropout': 0.2, 'static_h': 128, 'rnn_h': 64, 'cw_power': 1.0}",0.05,0.5114294969461602,0.7369081049439427
H3,hyb5,4,1,"{'epochs': 15, 'lr': 0.000557486518705474, 'weight_decay': 0.005853327216307602, 'batch_size': 512, 'dropout': 0.1, 'static_h': 64, 'rnn_h': 32, 'cw_power': 0.5}",0.07,0.5101843052650972,0.7354204692088725
H3,hyb5,4,2,"{'epochs': 20, 'lr': 0.000516861343944925, 'weight_decay': 0.0010977821066037964, 'batch_size': 1024, 'dropout': 0.1, 'static_h': 128, 'rnn_h': 128, 'cw_power': 0.5}",0.07,0.5201536456710086,0.7330651618131059
H3,hyb5,4,3,"{'epochs': 20, 'lr': 0.0008594002769856703, 'weight_decay': 0.0011126627400983755, 'batch_size': 512, 'dropout': 0.3, 'static_h': 64, 'rnn_h': 128, 'cw_power': 1.0}",0.07,0.513594712797263,0.7369906741393837
H3,hyb5,4,4,"{'epochs': 10, 'lr': 0.0030822464106396493, 'weight_decay': 0.00952253509884877, 'batch_size': 1024, 'dropout': 0.3, 'static_h': 128, 'rnn_h': 32, 'cw_power': 0.5}",0.08,0.5280026569446394,0.7372111566801127
H3,hyb5,4,5,"{'epochs': 15, 'lr': 0.00261613334339282, 'weight_decay': 0.0035265576209437374, 'batch_size': 512, 'dropout': 0.1, 'static_h': 64, 'rnn_h': 32, 'cw_power': 1.0}",0.06,0.5040352318570214,0.7367537788656879
H3,hyb5,5,0,"{'epochs': 15, 'lr': 0.001, 'weight_decay': 0.01, 'batch_size': 512, 'dropout': 0.2, 'static_h': 128, 'rnn_h': 64, 'cw_power': 1.0}",0.08,0.5033257189400789,0.7151018447854538
H3,hyb5,5,1,"{'epochs': 20, 'lr': 0.0013436835755178092, 'weight_decay': 0.05516966698955563, 'batch_size': 1024, 'dropout': 0.1, 'static_h': 128, 'rnn_h': 64, 'cw_power': 0.5}",0.06,0.4818507197364522,0.7132087031657726
H3,hyb5,5,2,"{'epochs': 15, 'lr': 0.0008151832684152385, 'weight_decay': 0.004074006255899324, 'batch_size': 512, 'dropout': 0.3, 'static_h': 64, 'rnn_h': 64, 'cw_power': 0.0}",0.07,0.5180912385962944,0.7299289400274447
H3,hyb5,5,3,"{'epochs': 15, 'lr': 0.0003595253628246366, 'weight_decay': 0.0035035483942051303, 'batch_size': 512, 'dropout': 0.3, 'static_h': 64, 'rnn_h': 64, 'cw_power': 0.0}",0.07,0.5108440704546974,0.7299289400274447
H3,hyb5,5,4,"{'epochs': 20, 'lr': 0.0013928253614986738, 'weight_decay': 0.0001315631354298717, 'batch_size': 512, 'dropout': 0.5, 'static_h': 256, 'rnn_h': 64, 'cw_power': 0.0}",0.08,0.5333010037754695,0.7350041738690054
H3,hyb5,5,5,"{'epochs': 20, 'lr': 0.0010594419707650093, 'weight_decay': 0.018738596666303012, 'batch_size': 512, 'dropout': 0.1, 'static_h': 64, 'rnn_h': 64, 'cw_power': 0.5}",0.08,0.4743487915473514,0.7165760913842354
H3,hyb6,1,0,"{'epochs': 15, 'lr': 0.001, 'weight_decay': 0.01, 'batch_size': 512, 'dropout': 0.2, 'static_h': 128, 'rnn_h': 64, 'cw_power': 1.0}",0.07,0.5143950304004878,0.7314949568825946
H3,hyb6,1,1,"{'epochs': 10, 'lr': 0.0018149761422263644, 'weight_decay': 0.0002585512866501225, 'batch_size': 1024, 'dropout': 0.5, 'static_h': 256, 'rnn_h': 64, 'cw_power': 0.0}",0.06,0.535486211235438,0.7434821167860538
H3,hyb6,1,2,"{'epochs': 10, 'lr': 0.0013970586806292815, 'weight_decay': 0.00011007892819320417, 'batch_size': 1024, 'dropout': 0.5, 'static_h': 64, 'rnn_h': 64, 'cw_power': 0.5}",0.07,0.519149103562499,0.7393459815351504
H3,hyb6,1,3,"{'epochs': 20, 'lr': 0.00163854594623776, 'weight_decay': 0.006002229090047259, 'batch_size': 1024, 'dropout': 0.3, 'static_h': 64, 'rnn_h': 64, 'cw_power': 0.0}",0.07,0.5245947220524788,0.7377757766046392
H3,hyb6,1,4,"{'epochs': 15, 'lr': 0.0026740883661648175, 'weight_decay': 0.00015325277489474764, 'batch_size': 512, 'dropout': 0.5, 'static_h': 128, 'rnn_h': 64, 'cw_power': 1.0}",0.07,0.5309501135110675,0.7338502642783613
H3,hyb6,1,5,"{'epochs': 15, 'lr': 0.0004768150382458446, 'weight_decay': 0.00038597111935189776, 'batch_size': 512, 'dropout': 0.2, 'static_h': 256, 'rnn_h': 64, 'cw_power': 1.0}",0.08,0.5131669445344597,0.7342626142585713
H3,hyb6,2,0,"{'epochs': 15, 'lr': 0.001, 'weight_decay': 0.01, 'batch_size': 512, 'dropout': 0.2, 'static_h': 128, 'rnn_h': 64, 'cw_power': 1.0}",0.07,0.518791473322474,0.730709854417339
H3,hyb6,2,1,"{'epochs': 10, 'lr': 0.0006380809142763014, 'weight_decay': 0.024945206454447515, 'batch_size': 1024, 'dropout': 0.2, 'static_h': 64, 'rnn_h': 128, 'cw_power': 1.0}",0.11,0.5110166027562651,0.7270626147000625
H3,hyb6,2,2,"{'epochs': 15, 'lr': 0.001176079657067723, 'weight_decay': 0.026632339227170326, 'batch_size': 512, 'dropout': 0.5, 'static_h': 64, 'rnn_h': 64, 'cw_power': 0.0}",0.1,0.5226341810724332,0.7309746563594754
H3,hyb6,2,3,"{'epochs': 20, 'lr': 0.00043419088529936446, 'weight_decay': 0.0015287017742314191, 'batch_size': 1024, 'dropout': 0.5, 'static_h': 128, 'rnn_h': 32, 'cw_power': 0.0}",0.08,0.5083103543976529,0.7386854278908834
H3,hyb6,2,4,"{'epochs': 15, 'lr': 0.0010893460246826294, 'weight_decay': 0.0023219810377129685, 'batch_size': 1024, 'dropout': 0.3, 'static_h': 128, 'rnn_h': 128, 'cw_power': 0.0}",0.07,0.5277126956342207,0.7377757766046392
H3,hyb6,2,5,"{'epochs': 20, 'lr': 0.0015372829757338443, 'weight_decay': 0.00037664105730294943, 'batch_size': 1024, 'dropout': 0.5, 'static_h': 256, 'rnn_h': 128, 'cw_power': 1.0}",0.08,0.5581431599957962,0.7379482922854981
H3,hyb6,3,0,"{'epochs': 15, 'lr': 0.001, 'weight_decay': 0.01, 'batch_size': 512, 'dropout': 0.2, 'static_h': 128, 'rnn_h': 64, 'cw_power': 1.0}",0.07,0.5260912525459567,0.7267864607117573
H3,hyb6,3,1,"{'epochs': 15, 'lr': 0.0004984462183154419, 'weight_decay': 0.00021800848813279116, 'batch_size': 1024, 'dropout': 0.2, 'static_h': 256, 'rnn_h': 32, 'cw_power': 1.0}",0.07,0.513358542129221,0.733852328107143
H3,hyb6,3,2,"{'epochs': 10, 'lr': 0.001807142036636694, 'weight_decay': 0.00013598830872561785, 'batch_size': 512, 'dropout': 0.3, 'static_h': 64, 'rnn_h': 128, 'cw_power': 0.5}",0.08,0.5310754872908056,0.7342648326601583
H3,hyb6,3,3,"{'epochs': 10, 'lr': 0.0021219430242419616, 'weight_decay': 0.005721881793418221, 'batch_size': 1024, 'dropout': 0.3, 'static_h': 64, 'rnn_h': 64, 'cw_power': 0.0}",0.08,0.5313550033706856,0.728367797046514
H3,hyb6,3,4,"{'epochs': 20, 'lr': 0.002939861100442371, 'weight_decay': 0.009758314517713796, 'batch_size': 1024, 'dropout': 0.3, 'static_h': 256, 'rnn_h': 64, 'cw_power': 0.0}",0.05,0.5345108681550926,0.7287590220268103
H3,hyb6,3,5,"{'epochs': 15, 'lr': 0.0008377575937001427, 'weight_decay': 0.0006474950363054881, 'batch_size': 512, 'dropout': 0.5, 'static_h': 64, 'rnn_h': 128, 'cw_power': 1.0}",0.08,0.49587801654280106,0.7209965025294588
H3,hyb6,4,0,"{'epochs': 15, 'lr': 0.001, 'weight_decay': 0.01, 'batch_size': 512, 'dropout': 0.2, 'static_h': 128, 'rnn_h': 64, 'cw_power': 1.0}",0.06,0.505520292012245,0.7325485676654593
H3,hyb6,4,1,"{'epochs': 15, 'lr': 0.0003402774383402408, 'weight_decay': 0.008899168245169627, 'batch_size': 512, 'dropout': 0.1, 'static_h': 64, 'rnn_h': 32, 'cw_power': 0.0}",0.07,0.5029437363225309,0.736205571674128
H3,hyb6,4,2,"{'epochs': 10, 'lr': 0.0005017881568701848, 'weight_decay': 0.0006926691267618951, 'batch_size': 512, 'dropout': 0.1, 'static_h': 64, 'rnn_h': 128, 'cw_power': 0.0}",0.07,0.5034705125667776,0.7220737272995279
H3,hyb6,4,3,"{'epochs': 10, 'lr': 0.00035325431445569727, 'weight_decay': 0.0028635484055537746, 'batch_size': 1024, 'dropout': 0.1, 'static_h': 256, 'rnn_h': 32, 'cw_power': 1.0}",0.12000000000000001,0.48316728301986095,0.7217430898455415
H3,hyb6,4,4,"{'epochs': 10, 'lr': 0.0029909546473717895, 'weight_decay': 0.00016180177676395672, 'batch_size': 512, 'dropout': 0.2, 'static_h': 256, 'rnn_h': 64, 'cw_power': 0.0}",0.06,0.5200781104484911,0.7342306521455508
H3,hyb6,4,5,"{'epochs': 15, 'lr': 0.0027883604646431665, 'weight_decay': 0.01219389916938389, 'batch_size': 1024, 'dropout': 0.1, 'static_h': 64, 'rnn_h': 64, 'cw_power': 0.5}",0.07,0.5238686064656176,0.7338502642783613
H3,hyb6,5,0,"{'epochs': 15, 'lr': 0.001, 'weight_decay': 0.01, 'batch_size': 512, 'dropout': 0.2, 'static_h': 128, 'rnn_h': 64, 'cw_power': 1.0}",0.06,0.4962355148988474,0.7182548843417413
H3,hyb6,5,1,"{'epochs': 10, 'lr': 0.001412967384124875, 'weight_decay': 0.0006761943131703096, 'batch_size': 512, 'dropout': 0.3, 'static_h': 256, 'rnn_h': 64, 'cw_power': 0.5}",0.1,0.5266389508064423,0.7349263067785134
H3,hyb6,5,2,"{'epochs': 15, 'lr': 0.00033523224140112124, 'weight_decay': 0.0018719619615793649, 'batch_size': 1024, 'dropout': 0.3, 'static_h': 256, 'rnn_h': 64, 'cw_power': 1.0}",0.09000000000000001,0.4965549422390667,0.7314826985572318
H3,hyb6,5,3,"{'epochs': 20, 'lr': 0.00047979820088709085, 'weight_decay': 0.003319688058477225, 'batch_size': 1024, 'dropout': 0.5, 'static_h': 256, 'rnn_h': 128, 'cw_power': 0.0}",0.07,0.5313857867169184,0.7369947526430058
H3,hyb6,5,4,"{'epochs': 20, 'lr': 0.001980379338511246, 'weight_decay': 0.02628789707653656, 'batch_size': 512, 'dropout': 0.5, 'static_h': 256, 'rnn_h': 128, 'cw_power': 0.5}",0.08,0.5346647199629467,0.7379526670665688
H3,hyb6,5,5,"{'epochs': 15, 'lr': 0.0023160135769209078, 'weight_decay': 0.0010726205505201148, 'batch_size': 512, 'dropout': 0.1, 'static_h': 256, 'rnn_h': 32, 'cw_power': 1.0}",0.08,0.5004874428551871,0.725421570976925
H3,hyb7,1,0,"{'epochs': 15, 'lr': 0.001, 'weight_decay': 0.01, 'batch_size': 512, 'dropout': 0.2, 'static_h': 128, 'rnn_h': 64, 'cw_power': 1.0}",0.08,0.508383146147511,0.7268912582047174
H3,hyb7,1,1,"{'epochs': 10, 'lr': 0.00038624839979770916, 'weight_decay': 0.00044743433762485085, 'batch_size': 1024, 'dropout': 0.3, 'static_h': 128, 'rnn_h': 64, 'cw_power': 1.0}",0.09000000000000001,0.48717079120075496,0.7238356050142406
H3,hyb7,1,2,"{'epochs': 10, 'lr': 0.0006022061756104569, 'weight_decay': 0.058010239598183556, 'batch_size': 1024, 'dropout': 0.2, 'static_h': 256, 'rnn_h': 64, 'cw_power': 0.0}",0.08,0.5118312646075382,0.7386854278908834
H3,hyb7,1,3,"{'epochs': 10, 'lr': 0.0009497001281393553, 'weight_decay': 0.01307744269387494, 'batch_size': 512, 'dropout': 0.2, 'static_h': 64, 'rnn_h': 32, 'cw_power': 0.5}",0.07,0.5071993563954704,0.7409161864656615
H3,hyb7,1,4,"{'epochs': 10, 'lr': 0.00039318117621276556, 'weight_decay': 0.008702879362845807, 'batch_size': 1024, 'dropout': 0.3, 'static_h': 256, 'rnn_h': 64, 'cw_power': 1.0}",0.08,0.4925951515603941,0.7283655294154883
H3,hyb7,1,5,"{'epochs': 15, 'lr': 0.0004217598609349985, 'weight_decay': 0.0005234288795076085, 'batch_size': 512, 'dropout': 0.2, 'static_h': 128, 'rnn_h': 64, 'cw_power': 1.0}",0.08,0.5054879336369303,0.7313140718370297
H3,hyb7,2,0,"{'epochs': 15, 'lr': 0.001, 'weight_decay': 0.01, 'batch_size': 512, 'dropout': 0.2, 'static_h': 128, 'rnn_h': 64, 'cw_power': 1.0}",0.1,0.5107359607093501,0.7322901837122409
H3,hyb7,2,1,"{'epochs': 10, 'lr': 0.0005610176229089673, 'weight_decay': 0.002670348999098338, 'batch_size': 512, 'dropout': 0.2, 'static_h': 64, 'rnn_h': 32, 'cw_power': 1.0}",0.11,0.5048394941047334,0.7201923372668834
H3,hyb7,2,2,"{'epochs': 20, 'lr': 0.0010171536069147396, 'weight_decay': 0.00612899478591215, 'batch_size': 1024, 'dropout': 0.2, 'static_h': 128, 'rnn_h': 128, 'cw_power': 0.0}",0.07,0.5114724907151187,0.7322800593478502
H3,hyb7,2,3,"{'epochs': 15, 'lr': 0.0006334116619310949, 'weight_decay': 0.028965370880126004, 'batch_size': 512, 'dropout': 0.1, 'static_h': 256, 'rnn_h': 32, 'cw_power': 0.0}",0.08,0.5189913126880998,0.7399539599325347
H3,hyb7,2,4,"{'epochs': 10, 'lr': 0.0006084174093448545, 'weight_decay': 0.07171229542995894, 'batch_size': 512, 'dropout': 0.2, 'static_h': 128, 'rnn_h': 64, 'cw_power': 0.0}",0.07,0.5335130039052108,0.730709854417339
H3,hyb7,2,5,"{'epochs': 20, 'lr': 0.0013448477875166048, 'weight_decay': 0.00042042463706801485, 'batch_size': 512, 'dropout': 0.2, 'static_h': 256, 'rnn_h': 128, 'cw_power': 0.0}",0.08,0.5158082839184688,0.735736885469342
H3,hyb7,3,0,"{'epochs': 15, 'lr': 0.001, 'weight_decay': 0.01, 'batch_size': 512, 'dropout': 0.2, 'static_h': 128, 'rnn_h': 64, 'cw_power': 1.0}",0.06,0.5165240989634724,0.7333915190970784
H3,hyb7,3,1,"{'epochs': 15, 'lr': 0.0006228425325852514, 'weight_decay': 0.03185389358220725, 'batch_size': 1024, 'dropout': 0.1, 'static_h': 128, 'rnn_h': 32, 'cw_power': 1.0}",0.08,0.517153078888328,0.7246821497879864
H3,hyb7,3,2,"{'epochs': 20, 'lr': 0.0007822234156182199, 'weight_decay': 0.00025174171449687214, 'batch_size': 512, 'dropout': 0.1, 'static_h': 64, 'rnn_h': 32, 'cw_power': 0.5}",0.06,0.5195315838549173,0.7241401207061253
H3,hyb7,3,3,"{'epochs': 15, 'lr': 0.00035659969958023346, 'weight_decay': 0.005490215278604909, 'batch_size': 512, 'dropout': 0.3, 'static_h': 64, 'rnn_h': 128, 'cw_power': 0.0}",0.07,0.5209812343257734,0.7362076172389381
H3,hyb7,3,4,"{'epochs': 10, 'lr': 0.0003846333597801752, 'weight_decay': 0.008670242135348264, 'batch_size': 512, 'dropout': 0.1, 'static_h': 256, 'rnn_h': 64, 'cw_power': 1.0}",0.09000000000000001,0.4871489759886153,0.720364343045216
H3,hyb7,3,5,"{'epochs': 10, 'lr': 0.0015628658963715105, 'weight_decay': 0.015378121048049094, 'batch_size': 512, 'dropout': 0.2, 'static_h': 128, 'rnn_h': 32, 'cw_power': 0.0}",0.08,0.5308362729310045,0.7357390915635693
H3,hyb7,4,0,"{'epochs': 15, 'lr': 0.001, 'weight_decay': 0.01, 'batch_size': 512, 'dropout': 0.2, 'static_h': 128, 'rnn_h': 64, 'cw_power': 1.0}",0.09000000000000001,0.4914693984896486,0.7259198645990388
H3,hyb7,4,1,"{'epochs': 20, 'lr': 0.0023435308621860998, 'weight_decay': 0.04127622820992477, 'batch_size': 512, 'dropout': 0.1, 'static_h': 128, 'rnn_h': 32, 'cw_power': 0.5}",0.09000000000000001,0.4820157861586998,0.7231408518193079
H3,hyb7,4,2,"{'epochs': 15, 'lr': 0.00039587398366576384, 'weight_decay': 0.000745166311631674, 'batch_size': 1024, 'dropout': 0.5, 'static_h': 128, 'rnn_h': 64, 'cw_power': 1.0}",0.09000000000000001,0.47313385158865146,0.7168880730649133
H3,hyb7,4,3,"{'epochs': 20, 'lr': 0.0004375748281527279, 'weight_decay': 0.0017572769585506806, 'batch_size': 512, 'dropout': 0.3, 'static_h': 128, 'rnn_h': 32, 'cw_power': 0.5}",0.08,0.5219137379193868,0.7342626142585713
H3,hyb7,4,4,"{'epochs': 15, 'lr': 0.0003553495690438412, 'weight_decay': 0.002299618653227804, 'batch_size': 512, 'dropout': 0.2, 'static_h': 64, 'rnn_h': 128, 'cw_power': 1.0}",0.07,0.491636539516296,0.7322800593478502
H3,hyb7,4,5,"{'epochs': 10, 'lr': 0.00032788914017786383, 'weight_decay': 0.001975239792744047, 'batch_size': 512, 'dropout': 0.2, 'static_h': 256, 'rnn_h': 128, 'cw_power': 0.5}",0.07,0.5047310443924232,0.7212886248342723
H3,hyb7,5,0,"{'epochs': 15, 'lr': 0.001, 'weight_decay': 0.01, 'batch_size': 512, 'dropout': 0.2, 'static_h': 128, 'rnn_h': 64, 'cw_power': 1.0}",0.09000000000000001,0.4959870202564817,0.7189773649842179
H3,hyb7,5,1,"{'epochs': 15, 'lr': 0.0008371019452628926, 'weight_decay': 0.00012090244152060335, 'batch_size': 1024, 'dropout': 0.2, 'static_h': 256, 'rnn_h': 64, 'cw_power': 0.0}",0.08,0.5124567469945854,0.7364784204677871
H3,hyb7,5,2,"{'epochs': 10, 'lr': 0.002065544782813838, 'weight_decay': 0.0036030353228709224, 'batch_size': 1024, 'dropout': 0.3, 'static_h': 64, 'rnn_h': 64, 'cw_power': 1.0}",0.09000000000000001,0.4938580469516675,0.7391248468518513
H3,hyb7,5,3,"{'epochs': 15, 'lr': 0.0008947496688557106, 'weight_decay': 0.019879750616115268, 'batch_size': 1024, 'dropout': 0.1, 'static_h': 128, 'rnn_h': 32, 'cw_power': 0.0}",0.07,0.5109645182458773,0.73542457206177
H3,hyb7,5,4,"{'epochs': 20, 'lr': 0.0024302264527330296, 'weight_decay': 0.035094759415731695, 'batch_size': 1024, 'dropout': 0.1, 'static_h': 64, 'rnn_h': 128, 'cw_power': 0.0}",0.06,0.48603828403427607,0.7190959145377362
H3,hyb7,5,5,"{'epochs': 20, 'lr': 0.002949443363776619, 'weight_decay': 0.00016223786336147012, 'batch_size': 1024, 'dropout': 0.5, 'static_h': 256, 'rnn_h': 32, 'cw_power': 0.0}",0.07,0.5238543067928362,0.742490384677331
H1,static_mlp,1,0,"{'epochs': 15, 'lr': 0.001, 'weight_decay': 0.01, 'batch_size': 512, 'dropout': 0.2, 'static_h': 128, 'rnn_h': 64, 'cw_power': 1.0}",0.08,0.3107909221169869,0.6369607143477014
H1,static_mlp,1,1,"{'epochs': 10, 'lr': 0.0020151466982117005, 'weight_decay': 0.006096527905851073, 'batch_size': 512, 'dropout': 0.3, 'static_h': 64, 'rnn_h': 32, 'cw_power': 0.0}",0.07,0.3005683590696637,0.6396379684476928
H1,static_mlp,1,2,"{'epochs': 15, 'lr': 0.002212838933145014, 'weight_decay': 0.0003386375541634431, 'batch_size': 1024, 'dropout': 0.2, 'static_h': 256, 'rnn_h': 128, 'cw_power': 0.0}",0.06,0.295731927036677,0.6282593298997894
H1,static_mlp,1,3,"{'epochs': 15, 'lr': 0.0003380200096737044, 'weight_decay': 0.06769555114879179, 'batch_size': 1024, 'dropout': 0.5, 'static_h': 64, 'rnn_h': 64, 'cw_power': 1.0}",0.09000000000000001,0.245158367871439,0.6203173789692641
H1,static_mlp,1,4,"{'epochs': 10, 'lr': 0.001083602618729513, 'weight_decay': 0.0004385782297181742, 'batch_size': 512, 'dropout': 0.2, 'static_h': 128, 'rnn_h': 128, 'cw_power': 1.0}",0.06,0.312026561178693,0.6450801747007039
H1,static_mlp,1,5,"{'epochs': 10, 'lr': 0.001937870030664788, 'weight_decay': 0.006786314008702136, 'batch_size': 1024, 'dropout': 0.5, 'static_h': 128, 'rnn_h': 64, 'cw_power': 0.5}",0.09000000000000001,0.29840413120322473,0.6356019492577841
H1,static_mlp,2,0,"{'epochs': 15, 'lr': 0.001, 'weight_decay': 0.01, 'batch_size': 512, 'dropout': 0.2, 'static_h': 128, 'rnn_h': 64, 'cw_power': 1.0}",0.07,0.2955657075828105,0.6341422511909038
H1,static_mlp,2,1,"{'epochs': 10, 'lr': 0.0023930212662491733, 'weight_decay': 0.007837586241204142, 'batch_size': 512, 'dropout': 0.5, 'static_h': 256, 'rnn_h': 32, 'cw_power': 1.0}",0.09000000000000001,0.2919513789775215,0.6314334300881878
H1,static_mlp,2,2,"{'epochs': 20, 'lr': 0.00047549214493645313, 'weight_decay': 0.018423171831620833, 'batch_size': 512, 'dropout': 0.2, 'static_h': 128, 'rnn_h': 32, 'cw_power': 0.0}",0.08,0.3266880523967286,0.6362235787423159
H1,static_mlp,2,3,"{'epochs': 10, 'lr': 0.0005286835948811423, 'weight_decay': 0.00031136808657903844, 'batch_size': 1024, 'dropout': 0.3, 'static_h': 256, 'rnn_h': 64, 'cw_power': 1.0}",0.06,0.3016158076062203,0.6282593298997894
H1,static_mlp,2,4,"{'epochs': 10, 'lr': 0.000867585737849672, 'weight_decay': 0.00010753850838939774, 'batch_size': 1024, 'dropout': 0.3, 'static_h': 64, 'rnn_h': 128, 'cw_power': 0.0}",0.1,0.3065668326156203,0.6270479954910088
H1,static_mlp,2,5,"{'epochs': 15, 'lr': 0.00037985825133326427, 'weight_decay': 0.0036727182762718346, 'batch_size': 1024, 'dropout': 0.5, 'static_h': 64, 'rnn_h': 64, 'cw_power': 1.0}",0.13,0.2759053922019419,0.6200527759914756
H1,static_mlp,3,0,"{'epochs': 15, 'lr': 0.001, 'weight_decay': 0.01, 'batch_size': 512, 'dropout': 0.2, 'static_h': 128, 'rnn_h': 64, 'cw_power': 1.0}",0.06,0.2859994664071166,0.6198516297535629
H1,static_mlp,3,1,"{'epochs': 10, 'lr': 0.00047722539952988196, 'weight_decay': 0.012373013278527184, 'batch_size': 512, 'dropout': 0.3, 'static_h': 256, 'rnn_h': 128, 'cw_power': 0.0}",0.07,0.2839037276653399,0.6215835461582386
H1,static_mlp,3,2,"{'epochs': 20, 'lr': 0.00033711826231049377, 'weight_decay': 0.00014795389916408367, 'batch_size': 512, 'dropout': 0.2, 'static_h': 128, 'rnn_h': 128, 'cw_power': 0.5}",0.06,0.29521669090166575,0.6232157746230004
H1,static_mlp,3,3,"{'epochs': 10, 'lr': 0.0014625696725532834, 'weight_decay': 0.013949288664430433, 'batch_size': 1024, 'dropout': 0.3, 'static_h': 64, 'rnn_h': 64, 'cw_power': 1.0}",0.08,0.28023917655876196,0.6222211560009184
H1,static_mlp,3,4,"{'epochs': 20, 'lr': 0.000493602311529792, 'weight_decay': 0.007211799221037409, 'batch_size': 1024, 'dropout': 0.1, 'static_h': 128, 'rnn_h': 128, 'cw_power': 1.0}",0.06,0.284442780028086,0.6240568108403598
H1,static_mlp,3,5,"{'epochs': 10, 'lr': 0.0018952226872334683, 'weight_decay': 0.0001403064928106341, 'batch_size': 1024, 'dropout': 0.5, 'static_h': 256, 'rnn_h': 32, 'cw_power': 1.0}",0.07,0.29223065203015103,0.6294345099308893
H1,static_mlp,4,0,"{'epochs': 15, 'lr': 0.001, 'weight_decay': 0.01, 'batch_size': 512, 'dropout': 0.2, 'static_h': 128, 'rnn_h': 64, 'cw_power': 1.0}",0.1,0.2869008668824598,0.6184970676980337
H1,static_mlp,4,1,"{'epochs': 10, 'lr': 0.002561957751652235, 'weight_decay': 0.0032426405774710833, 'batch_size': 1024, 'dropout': 0.3, 'static_h': 128, 'rnn_h': 64, 'cw_power': 1.0}",0.08,0.28569903750307846,0.6229551378453791
H1,static_mlp,4,2,"{'epochs': 15, 'lr': 0.001118371376843322, 'weight_decay': 0.0005811995290901617, 'batch_size': 1024, 'dropout': 0.3, 'static_h': 64, 'rnn_h': 64, 'cw_power': 0.0}",0.08,0.2988294113184487,0.6229551378453791
H1,static_mlp,4,3,"{'epochs': 20, 'lr': 0.0012003814699486194, 'weight_decay': 0.00040602615431386044, 'batch_size': 512, 'dropout': 0.3, 'static_h': 128, 'rnn_h': 64, 'cw_power': 0.0}",0.07,0.29010212218724746,0.6200104068163036
H1,static_mlp,4,4,"{'epochs': 10, 'lr': 0.00296813519868274, 'weight_decay': 0.05460210934427547, 'batch_size': 512, 'dropout': 0.2, 'static_h': 256, 'rnn_h': 64, 'cw_power': 1.0}",0.06,0.2803757130965701,0.6215309919794236
H1,static_mlp,4,5,"{'epochs': 15, 'lr': 0.002194612108816589, 'weight_decay': 0.0002097591975511373, 'batch_size': 512, 'dropout': 0.5, 'static_h': 128, 'rnn_h': 32, 'cw_power': 0.0}",0.07,0.3005542341316237,0.62836289702158
H1,static_mlp,5,0,"{'epochs': 15, 'lr': 0.001, 'weight_decay': 0.01, 'batch_size': 512, 'dropout': 0.2, 'static_h': 128, 'rnn_h': 64, 'cw_power': 1.0}",0.08,0.28424520659852665,0.6163273226670859
H1,static_mlp,5,1,"{'epochs': 15, 'lr': 0.00034215970762679795, 'weight_decay': 0.000525823519525431, 'batch_size': 1024, 'dropout': 0.1, 'static_h': 64, 'rnn_h': 32, 'cw_power': 1.0}",0.11,0.28264741584613196,0.624016108201191
H1,static_mlp,5,2,"{'epochs': 20, 'lr': 0.0015963308919047768, 'weight_decay': 0.033881816038709905, 'batch_size': 512, 'dropout': 0.3, 'static_h': 64, 'rnn_h': 128, 'cw_power': 0.0}",0.1,0.2865067082525789,0.6217931176120228
H1,static_mlp,5,3,"{'epochs': 15, 'lr': 0.001328667454072522, 'weight_decay': 0.0008183729889345062, 'batch_size': 512, 'dropout': 0.5, 'static_h': 256, 'rnn_h': 32, 'cw_power': 0.5}",0.09000000000000001,0.29988732860160605,0.6189346964001077
H1,static_mlp,5,4,"{'epochs': 10, 'lr': 0.0018558174946262176, 'weight_decay': 0.005979921832928067, 'batch_size': 1024, 'dropout': 0.1, 'static_h': 128, 'rnn_h': 128, 'cw_power': 1.0}",0.08,0.26933812632741855,0.6163273226670859
H1,static_mlp,5,5,"{'epochs': 20, 'lr': 0.0010716551381253923, 'weight_decay': 0.003957893023465128, 'batch_size': 512, 'dropout': 0.1, 'static_h': 256, 'rnn_h': 64, 'cw_power': 0.5}",0.09000000000000001,0.25052988573781926,0.6057346220730375
H1,lstm,1,0,"{'epochs': 15, 'lr': 0.001, 'weight_decay': 0.01, 'batch_size': 512, 'dropout': 0.2, 'static_h': 128, 'rnn_h': 64, 'cw_power': 1.0}",0.08,0.11473961036932465,0.5588243401768512
H1,lstm,1,1,"{'epochs': 15, 'lr': 0.0022649658967700335, 'weight_decay': 0.03614172361383393, 'batch_size': 1024, 'dropout': 0.5, 'static_h': 128, 'rnn_h': 128, 'cw_power': 0.0}",0.05,0.10658784688224263,0.5374690861416526
H1,lstm,1,2,"{'epochs': 20, 'lr': 0.0024081597905588645, 'weight_decay': 0.0004050572746318157, 'batch_size': 512, 'dropout': 0.5, 'static_h': 256, 'rnn_h': 64, 'cw_power': 0.0}",0.07,0.1137934874980942,0.5547547629491689
H1,lstm,1,3,"{'epochs': 20, 'lr': 0.0005003052298640881, 'weight_decay': 0.022889670538028335, 'batch_size': 512, 'dropout': 0.5, 'static_h': 128, 'rnn_h': 128, 'cw_power': 0.0}",0.04,0.10498891867381711,0.52678046790668
H1,lstm,1,4,"{'epochs': 20, 'lr': 0.0006300630668062461, 'weight_decay': 0.0016176370847060095, 'batch_size': 1024, 'dropout': 0.2, 'static_h': 256, 'rnn_h': 32, 'cw_power': 0.0}",0.03,0.10108775825440641,0.5240313452809016
H1,lstm,1,5,"{'epochs': 15, 'lr': 0.0004905555145409876, 'weight_decay': 0.06553979279347327, 'batch_size': 1024, 'dropout': 0.1, 'static_h': 64, 'rnn_h': 128, 'cw_power': 0.5}",0.04,0.10214163921843478,0.5277632706732289
H1,lstm,2,0,"{'epochs': 15, 'lr': 0.001, 'weight_decay': 0.01, 'batch_size': 512, 'dropout': 0.2, 'static_h': 128, 'rnn_h': 64, 'cw_power': 1.0}",0.07,0.12395271630942929,0.5572022095958579
H1,lstm,2,1,"{'epochs': 20, 'lr': 0.0011885432080689564, 'weight_decay': 0.005385427268198346, 'batch_size': 512, 'dropout': 0.5, 'static_h': 256, 'rnn_h': 128, 'cw_power': 1.0}",0.08,0.126255470368653,0.5566129333606952
H1,lstm,2,2,"{'epochs': 15, 'lr': 0.0006734280040476639, 'weight_decay': 0.0024141772729975013, 'batch_size': 512, 'dropout': 0.3, 'static_h': 128, 'rnn_h': 64, 'cw_power': 0.0}",0.04,0.11597142481276403,0.5375912983387184
H1,lstm,2,3,"{'epochs': 10, 'lr': 0.002891463378602011, 'weight_decay': 0.00022966947508738683, 'batch_size': 1024, 'dropout': 0.5, 'static_h': 256, 'rnn_h': 32, 'cw_power': 1.0}",0.07,0.12259370415682554,0.5572022095958579
H1,lstm,2,4,"{'epochs': 15, 'lr': 0.00033818684914402455, 'weight_decay': 0.002876444082264827, 'batch_size': 512, 'dropout': 0.5, 'static_h': 64, 'rnn_h': 128, 'cw_power': 0.0}",0.03,0.1097715320013828,0.5261801879658636
H1,lstm,2,5,"{'epochs': 10, 'lr': 0.0016920046517732111, 'weight_decay': 0.005312114518102216, 'batch_size': 1024, 'dropout': 0.2, 'static_h': 256, 'rnn_h': 64, 'cw_power': 0.0}",0.03,0.11217955785889305,0.5330978847566591
H1,lstm,3,0,"{'epochs': 15, 'lr': 0.001, 'weight_decay': 0.01, 'batch_size': 512, 'dropout': 0.2, 'static_h': 128, 'rnn_h': 64, 'cw_power': 1.0}",0.08,0.12270934693631624,0.5566166347991267
H1,lstm,3,1,"{'epochs': 15, 'lr': 0.0008525000078800287, 'weight_decay': 0.005858116609723789, 'batch_size': 512, 'dropout': 0.1, 'static_h': 256, 'rnn_h': 128, 'cw_power': 0.5}",0.07,0.1217583724571645,0.5578964863301391
H1,lstm,3,2,"{'epochs': 15, 'lr': 0.0006067613097826038, 'weight_decay': 0.0028689407464799754, 'batch_size': 512, 'dropout': 0.1, 'static_h': 128, 'rnn_h': 32, 'cw_power': 0.5}",0.05,0.1179663949371346,0.5509666890406812
H1,lstm,3,3,"{'epochs': 15, 'lr': 0.0010156322153765894, 'weight_decay': 0.007277440510916602, 'batch_size': 512, 'dropout': 0.5, 'static_h': 256, 'rnn_h': 128, 'cw_power': 1.0}",0.09000000000000001,0.12115949075644387,0.5529303223592461
H1,lstm,3,4,"{'epochs': 20, 'lr': 0.0005129308283313143, 'weight_decay': 0.008707219084737048, 'batch_size': 1024, 'dropout': 0.5, 'static_h': 64, 'rnn_h': 64, 'cw_power': 1.0}",0.06,0.11891048204226003,0.5534097685821724
H1,lstm,3,5,"{'epochs': 20, 'lr': 0.0019481102079823458, 'weight_decay': 0.06748525418476034, 'batch_size': 1024, 'dropout': 0.2, 'static_h': 64, 'rnn_h': 128, 'cw_power': 1.0}",0.07,0.12280270169786807,0.5587758359770334
H1,lstm,4,0,"{'epochs': 15, 'lr': 0.001, 'weight_decay': 0.01, 'batch_size': 512, 'dropout': 0.2, 'static_h': 128, 'rnn_h': 64, 'cw_power': 1.0}",0.05,0.1121667845394651,0.5340420653826454
H1,lstm,4,1,"{'epochs': 15, 'lr': 0.0009421523655025821, 'weight_decay': 0.00018198104670908252, 'batch_size': 512, 'dropout': 0.2, 'static_h': 128, 'rnn_h': 128, 'cw_power': 0.0}",0.05,0.11307816583210524,0.5347830469246201
H1,lstm,4,2,"{'epochs': 10, 'lr': 0.001074117120329062, 'weight_decay': 0.003697971018325772, 'batch_size': 1024, 'dropout': 0.1, 'static_h': 256, 'rnn_h': 128, 'cw_power': 0.0}",0.03,0.11068144171437533,0.5208080812534585
H1,lstm,4,3,"{'epochs': 20, 'lr': 0.0008035366438018203, 'weight_decay': 0.018987127341596997, 'batch_size': 1024, 'dropout': 0.3, 'static_h': 256, 'rnn_h': 128, 'cw_power': 0.5}",0.07,0.11439664373618967,0.5415001602907464
H1,lstm,4,4,"{'epochs': 20, 'lr': 0.0010466767706177832, 'weight_decay': 0.04286682142434824, 'batch_size': 1024, 'dropout': 0.1, 'static_h': 64, 'rnn_h': 64, 'cw_power': 1.0}",0.07,0.11360111117489063,0.5403850602967118
H1,lstm,4,5,"{'epochs': 10, 'lr': 0.0011299987287163177, 'weight_decay': 0.0008063856368584905, 'batch_size': 1024, 'dropout': 0.2, 'static_h': 128, 'rnn_h': 64, 'cw_power': 0.0}",0.03,0.11067109787281866,0.5239541566873167
H1,lstm,5,0,"{'epochs': 15, 'lr': 0.001, 'weight_decay': 0.01, 'batch_size': 512, 'dropout': 0.2, 'static_h': 128, 'rnn_h': 64, 'cw_power': 1.0}",0.08,0.11516274369505607,0.5479128988877185
H1,lstm,5,1,"{'epochs': 15, 'lr': 0.00043003202588333893, 'weight_decay': 0.0009528737553985019, 'batch_size': 1024, 'dropout': 0.5, 'static_h': 128, 'rnn_h': 32, 'cw_power': 0.5}",0.29000000000000004,0.1023570671087641,0.49546181850856924
H1,lstm,5,2,"{'epochs': 15, 'lr': 0.0004387852238948741, 'weight_decay': 0.004888614253799796, 'batch_size': 1024, 'dropout': 0.5, 'static_h': 64, 'rnn_h': 32, 'cw_power': 0.0}",0.29000000000000004,0.10184832022984183,0.4956076950598863
H1,lstm,5,3,"{'epochs': 20, 'lr': 0.0003795567390548246, 'weight_decay': 0.016160873113258978, 'batch_size': 1024, 'dropout': 0.2, 'static_h': 128, 'rnn_h': 32, 'cw_power': 0.0}",0.31,0.1020961763152222,0.4947488534299239
H1,lstm,5,4,"{'epochs': 20, 'lr': 0.002070901419412679, 'weight_decay': 0.00019566005148359547, 'batch_size': 1024, 'dropout': 0.1, 'static_h': 256, 'rnn_h': 64, 'cw_power': 0.5}",0.06,0.11539672432520909,0.5483667847507914
H1,lstm,5,5,"{'epochs': 20, 'lr': 0.0003398782466706422, 'weight_decay': 0.004214997031089447, 'batch_size': 1024, 'dropout': 0.1, 'static_h': 128, 'rnn_h': 32, 'cw_power': 0.0}",0.29000000000000004,0.10184913924401208,0.4956076950598863
H1,hyb1,1,0,"{'epochs': 15, 'lr': 0.001, 'weight_decay': 0.01, 'batch_size': 512, 'dropout': 0.2, 'static_h': 128, 'rnn_h': 64, 'cw_power': 1.0}",0.08,0.304025822636157,0.6273779514776914
H1,hyb1,1,1,"{'epochs': 10, 'lr': 0.000848420288116931, 'weight_decay': 0.009710117260066578, 'batch_size': 1024, 'dropout': 0.2, 'static_h': 64, 'rnn_h': 32, 'cw_power': 1.0}",0.09000000000000001,0.29386379538217633,0.6342124428679187
H1,hyb1,1,2,"{'epochs': 15, 'lr': 0.0012567951301354846, 'weight_decay': 0.000175193309270971, 'batch_size': 512, 'dropout': 0.2, 'static_h': 256, 'rnn_h': 128, 'cw_power': 0.0}",0.07,0.28735578008627494,0.6364975585866706
H1,hyb1,1,3,"{'epochs': 20, 'lr': 0.0005529359227310435, 'weight_decay': 0.011467112763709228, 'batch_size': 512, 'dropout': 0.2, 'static_h': 64, 'rnn_h': 128, 'cw_power': 0.0}",0.06,0.3067383413983623,0.6349876678201551
H1,hyb1,1,4,"{'epochs': 20, 'lr': 0.00044550731218294, 'weight_decay': 0.008738332879580915, 'batch_size': 1024, 'dropout': 0.3, 'static_h': 128, 'rnn_h': 128, 'cw_power': 1.0}",0.07,0.30715755862367466,0.6341422511909038
H1,hyb1,1,5,"{'epochs': 20, 'lr': 0.0005048594406668127, 'weight_decay': 0.033125786730569, 'batch_size': 1024, 'dropout': 0.1, 'static_h': 64, 'rnn_h': 32, 'cw_power': 0.5}",0.06,0.29721281105222713,0.6408749635004752
H1,hyb1,2,0,"{'epochs': 15, 'lr': 0.001, 'weight_decay': 0.01, 'batch_size': 512, 'dropout': 0.2, 'static_h': 128, 'rnn_h': 64, 'cw_power': 1.0}",0.09000000000000001,0.30945497671252137,0.6335176896729859
H1,hyb1,2,1,"{'epochs': 10, 'lr': 0.0007973040571479706, 'weight_decay': 0.023385188538678176, 'batch_size': 512, 'dropout': 0.3, 'static_h': 64, 'rnn_h': 64, 'cw_power': 0.0}",0.1,0.3015973623088325,0.6303368138729222
H1,hyb1,2,2,"{'epochs': 20, 'lr': 0.0006193634907944465, 'weight_decay': 0.00017514417524104752, 'batch_size': 1024, 'dropout': 0.5, 'static_h': 64, 'rnn_h': 64, 'cw_power': 0.5}",0.09000000000000001,0.29698758387108004,0.6328229364780532
H1,hyb1,2,3,"{'epochs': 20, 'lr': 0.0006060411537741015, 'weight_decay': 0.0001837708639634841, 'batch_size': 512, 'dropout': 0.3, 'static_h': 64, 'rnn_h': 128, 'cw_power': 0.5}",0.05,0.3326111067240594,0.6409089969372573
H1,hyb1,2,4,"{'epochs': 20, 'lr': 0.0003901773435194183, 'weight_decay': 0.0007673981976704914, 'batch_size': 512, 'dropout': 0.5, 'static_h': 64, 'rnn_h': 32, 'cw_power': 1.0}",0.09000000000000001,0.3015162143915186,0.6272649109185914
H1,hyb1,2,5,"{'epochs': 10, 'lr': 0.0003818967615838206, 'weight_decay': 0.0005798457323702247, 'batch_size': 512, 'dropout': 0.3, 'static_h': 64, 'rnn_h': 64, 'cw_power': 1.0}",0.1,0.28879868972337075,0.6290212865201569
H1,hyb1,3,0,"{'epochs': 15, 'lr': 0.001, 'weight_decay': 0.01, 'batch_size': 512, 'dropout': 0.2, 'static_h': 128, 'rnn_h': 64, 'cw_power': 1.0}",0.06,0.2885769267167695,0.6181695573188442
H1,hyb1,3,1,"{'epochs': 15, 'lr': 0.0006912680362635707, 'weight_decay': 0.003350452275172322, 'batch_size': 1024, 'dropout': 0.2, 'static_h': 256, 'rnn_h': 128, 'cw_power': 0.5}",0.08,0.2838402167128576,0.6310667094213848
H1,hyb1,3,2,"{'epochs': 10, 'lr': 0.000587597581136265, 'weight_decay': 0.0011255965487405118, 'batch_size': 1024, 'dropout': 0.2, 'static_h': 256, 'rnn_h': 128, 'cw_power': 0.0}",0.08,0.27835435234403294,0.624432544356035
H1,hyb1,3,3,"{'epochs': 20, 'lr': 0.002548504515097095, 'weight_decay': 0.03397301983473852, 'batch_size': 1024, 'dropout': 0.2, 'static_h': 64, 'rnn_h': 64, 'cw_power': 1.0}",0.09000000000000001,0.2792922292622136,0.6161522969751103
H1,hyb1,3,4,"{'epochs': 20, 'lr': 0.0008829512547898578, 'weight_decay': 0.012304784302385572, 'batch_size': 512, 'dropout': 0.3, 'static_h': 64, 'rnn_h': 32, 'cw_power': 0.0}",0.07,0.2894637318741477,0.6294345099308893
H1,hyb1,3,5,"{'epochs': 10, 'lr': 0.00039118928877988175, 'weight_decay': 0.0020457774149758123, 'batch_size': 1024, 'dropout': 0.3, 'static_h': 256, 'rnn_h': 128, 'cw_power': 0.5}",0.08,0.27959149627925384,0.6207468970975074
H1,hyb1,4,0,"{'epochs': 15, 'lr': 0.001, 'weight_decay': 0.01, 'batch_size': 512, 'dropout': 0.2, 'static_h': 128, 'rnn_h': 64, 'cw_power': 1.0}",0.07,0.27717857394305007,0.6200104068163036
H1,hyb1,4,1,"{'epochs': 15, 'lr': 0.0004498417552320247, 'weight_decay': 0.00020949954441921984, 'batch_size': 512, 'dropout': 0.2, 'static_h': 128, 'rnn_h': 128, 'cw_power': 0.5}",0.09000000000000001,0.30444490335590746,0.6210121321641968
H1,hyb1,4,2,"{'epochs': 10, 'lr': 0.0003231555795578293, 'weight_decay': 0.007397352237006692, 'batch_size': 512, 'dropout': 0.1, 'static_h': 256, 'rnn_h': 128, 'cw_power': 0.0}",0.07,0.29432241636420026,0.6286465339341148
H1,hyb1,4,3,"{'epochs': 10, 'lr': 0.002282894037259291, 'weight_decay': 0.0001140099697795282, 'batch_size': 512, 'dropout': 0.2, 'static_h': 256, 'rnn_h': 128, 'cw_power': 0.0}",0.07,0.29334292732642553,0.6231508166773259
H1,hyb1,4,4,"{'epochs': 20, 'lr': 0.00038383161315312436, 'weight_decay': 0.00021885992294220504, 'batch_size': 1024, 'dropout': 0.2, 'static_h': 256, 'rnn_h': 32, 'cw_power': 1.0}",0.09000000000000001,0.29481514326093894,0.623096391748995
H1,hyb1,4,5,"{'epochs': 20, 'lr': 0.0005456023723831589, 'weight_decay': 0.014193240467275405, 'batch_size': 512, 'dropout': 0.5, 'static_h': 256, 'rnn_h': 32, 'cw_power': 1.0}",0.07,0.29468693751869746,0.6239359191425815
H1,hyb1,5,0,"{'epochs': 15, 'lr': 0.001, 'weight_decay': 0.01, 'batch_size': 512, 'dropout': 0.2, 'static_h': 128, 'rnn_h': 64, 'cw_power': 1.0}",0.05,0.28069064368516466,0.6191783608788396
H1,hyb1,5,1,"{'epochs': 20, 'lr': 0.0012135931335289496, 'weight_decay': 0.029815376300425894, 'batch_size': 1024, 'dropout': 0.3, 'static_h': 128, 'rnn_h': 128, 'cw_power': 0.0}",0.08,0.27871300619131995,0.6163273226670859
H1,hyb1,5,2,"{'epochs': 10, 'lr': 0.0031477578139783996, 'weight_decay': 0.03858645532136391, 'batch_size': 512, 'dropout': 0.5, 'static_h': 64, 'rnn_h': 64, 'cw_power': 0.0}",0.11,0.2938684204626591,0.6252652241207884
H1,hyb1,5,3,"{'epochs': 10, 'lr': 0.0005388942579866976, 'weight_decay': 0.013646166021612885, 'batch_size': 512, 'dropout': 0.1, 'static_h': 256, 'rnn_h': 32, 'cw_power': 0.5}",0.08,0.274129116534974,0.6111674595713502
H1,hyb1,5,4,"{'epochs': 15, 'lr': 0.002636684762944243, 'weight_decay': 0.0009130324610510494, 'batch_size': 512, 'dropout': 0.5, 'static_h': 256, 'rnn_h': 64, 'cw_power': 0.0}",0.07,0.288698230329804,0.6160908478878502
H1,hyb1,5,5,"{'epochs': 20, 'lr': 0.001991724364132053, 'weight_decay': 0.029167608697872133, 'batch_size': 1024, 'dropout': 0.2, 'static_h': 64, 'rnn_h': 32, 'cw_power': 1.0}",0.06,0.2921218977478308,0.6249005325863184
H1,hyb2,1,0,"{'epochs': 15, 'lr': 0.001, 'weight_decay': 0.01, 'batch_size': 512, 'dropout': 0.2, 'static_h': 128, 'rnn_h': 64, 'cw_power': 1.0}",0.08,0.3021413763229088,0.62442940905615
H1,hyb2,1,1,"{'epochs': 15, 'lr': 0.0005402323608213159, 'weight_decay': 0.0002815454456108823, 'batch_size': 1024, 'dropout': 0.5, 'static_h': 64, 'rnn_h': 128, 'cw_power': 0.5}",0.08,0.2576754741121579,0.6229551378453791
H1,hyb2,1,2,"{'epochs': 10, 'lr': 0.0014193602344099443, 'weight_decay': 0.0981567695309685, 'batch_size': 512, 'dropout': 0.1, 'static_h': 64, 'rnn_h': 64, 'cw_power': 0.0}",0.08,0.2962221579937279,0.630326493899233
H1,hyb2,1,3,"{'epochs': 20, 'lr': 0.00284905496251617, 'weight_decay': 0.00044983035491840366, 'batch_size': 512, 'dropout': 0.5, 'static_h': 64, 'rnn_h': 64, 'cw_power': 0.5}",0.1,0.30284376971707666,0.6270479954910088
H1,hyb2,1,4,"{'epochs': 10, 'lr': 0.002193674036274553, 'weight_decay': 0.07697930875122161, 'batch_size': 512, 'dropout': 0.3, 'static_h': 256, 'rnn_h': 128, 'cw_power': 0.5}",0.06,0.31783698479700223,0.641716005740521
H1,hyb2,1,5,"{'epochs': 10, 'lr': 0.0003768276500269277, 'weight_decay': 0.024979169284806802, 'batch_size': 512, 'dropout': 0.3, 'static_h': 128, 'rnn_h': 32, 'cw_power': 0.5}",0.08,0.2948873147012185,0.630326493899233
H1,hyb2,2,0,"{'epochs': 15, 'lr': 0.001, 'weight_decay': 0.01, 'batch_size': 512, 'dropout': 0.2, 'static_h': 128, 'rnn_h': 64, 'cw_power': 1.0}",0.09000000000000001,0.29570134600037623,0.6265701577236586
H1,hyb2,2,1,"{'epochs': 20, 'lr': 0.0004605458818906837, 'weight_decay': 0.00015089090008140976, 'batch_size': 1024, 'dropout': 0.3, 'static_h': 64, 'rnn_h': 128, 'cw_power': 1.0}",0.13,0.28636419789329265,0.625740608686214
H1,hyb2,2,2,"{'epochs': 15, 'lr': 0.0021131526693813694, 'weight_decay': 0.002490076506473684, 'batch_size': 512, 'dropout': 0.5, 'static_h': 128, 'rnn_h': 64, 'cw_power': 0.0}",0.07,0.31658336775121887,0.6333571487256483
H1,hyb2,2,3,"{'epochs': 10, 'lr': 0.0024242067722023827, 'weight_decay': 0.002441872840631783, 'batch_size': 1024, 'dropout': 0.2, 'static_h': 128, 'rnn_h': 64, 'cw_power': 0.5}",0.05,0.286594600771096,0.6218903057283858
H1,hyb2,2,4,"{'epochs': 15, 'lr': 0.0006827131480133998, 'weight_decay': 0.058002472325590644, 'batch_size': 512, 'dropout': 0.1, 'static_h': 64, 'rnn_h': 32, 'cw_power': 1.0}",0.09000000000000001,0.2834572825491939,0.6286544173084568
H1,hyb2,2,5,"{'epochs': 20, 'lr': 0.0020710052263800743, 'weight_decay': 0.04697971770896875, 'batch_size': 512, 'dropout': 0.1, 'static_h': 64, 'rnn_h': 128, 'cw_power': 1.0}",0.05,0.27127227903034234,0.614645090029768
H1,hyb2,3,0,"{'epochs': 15, 'lr': 0.001, 'weight_decay': 0.01, 'batch_size': 512, 'dropout': 0.2, 'static_h': 128, 'rnn_h': 64, 'cw_power': 1.0}",0.09000000000000001,0.2824757048648075,0.6293524894773237
H1,hyb2,3,1,"{'epochs': 20, 'lr': 0.0028101106209892862, 'weight_decay': 0.008774415256327476, 'batch_size': 1024, 'dropout': 0.2, 'static_h': 64, 'rnn_h': 32, 'cw_power': 1.0}",0.09000000000000001,0.27210587774230605,0.6196260318441138
H1,hyb2,3,2,"{'epochs': 10, 'lr': 0.0031127300604301576, 'weight_decay': 0.07367634421543627, 'batch_size': 1024, 'dropout': 0.3, 'static_h': 64, 'rnn_h': 32, 'cw_power': 0.5}",0.06,0.2824143247628759,0.6173285211014847
H1,hyb2,3,3,"{'epochs': 10, 'lr': 0.0007932926303426756, 'weight_decay': 0.00020305252728809302, 'batch_size': 1024, 'dropout': 0.1, 'static_h': 128, 'rnn_h': 128, 'cw_power': 0.0}",0.08,0.26636763764723975,0.6236954149043294
H1,hyb2,3,4,"{'epochs': 20, 'lr': 0.0004759613910229846, 'weight_decay': 0.0006242244619080183, 'batch_size': 512, 'dropout': 0.5, 'static_h': 128, 'rnn_h': 128, 'cw_power': 0.5}",0.07,0.2894965325945043,0.626294124421829
H1,hyb2,3,5,"{'epochs': 15, 'lr': 0.0006134761599181687, 'weight_decay': 0.00042434083968625845, 'batch_size': 1024, 'dropout': 0.2, 'static_h': 64, 'rnn_h': 64, 'cw_power': 0.0}",0.1,0.26871132747015436,0.6185007153145325
H1,hyb2,4,0,"{'epochs': 15, 'lr': 0.001, 'weight_decay': 0.01, 'batch_size': 512, 'dropout': 0.2, 'static_h': 128, 'rnn_h': 64, 'cw_power': 1.0}",0.05,0.29348632547505893,0.6246072616153674
H1,hyb2,4,1,"{'epochs': 10, 'lr': 0.0012683829899967317, 'weight_decay': 0.000690170009462045, 'batch_size': 1024, 'dropout': 0.2, 'static_h': 64, 'rnn_h': 64, 'cw_power': 1.0}",0.09000000000000001,0.282101728339092,0.6293491705033896
H1,hyb2,4,2,"{'epochs': 20, 'lr': 0.000720607390206063, 'weight_decay': 0.052763954031317166, 'batch_size': 512, 'dropout': 0.2, 'static_h': 256, 'rnn_h': 128, 'cw_power': 1.0}",0.1,0.27049396021601685,0.6165237766688856
H1,hyb2,4,3,"{'epochs': 15, 'lr': 0.0013684785325249966, 'weight_decay': 0.00034391114689644593, 'batch_size': 1024, 'dropout': 0.3, 'static_h': 256, 'rnn_h': 128, 'cw_power': 1.0}",0.05,0.2933306090856797,0.6200790018037312
H1,hyb2,4,4,"{'epochs': 15, 'lr': 0.0013558936571936742, 'weight_decay': 0.010583480628973655, 'batch_size': 512, 'dropout': 0.5, 'static_h': 64, 'rnn_h': 64, 'cw_power': 1.0}",0.07,0.2999053235840891,0.6255061240730926
H1,hyb2,4,5,"{'epochs': 15, 'lr': 0.00040840502056612885, 'weight_decay': 0.0036206290262442596, 'batch_size': 1024, 'dropout': 0.5, 'static_h': 64, 'rnn_h': 128, 'cw_power': 0.0}",0.1,0.2573852792934906,0.6145504856397375
H1,hyb2,5,0,"{'epochs': 15, 'lr': 0.001, 'weight_decay': 0.01, 'batch_size': 512, 'dropout': 0.2, 'static_h': 128, 'rnn_h': 64, 'cw_power': 1.0}",0.09000000000000001,0.277040297446756,0.6182399556460514
H1,hyb2,5,1,"{'epochs': 10, 'lr': 0.00039049005542632484, 'weight_decay': 0.00016497897215308392, 'batch_size': 512, 'dropout': 0.5, 'static_h': 256, 'rnn_h': 32, 'cw_power': 0.0}",0.12000000000000001,0.281229335990155,0.6199717656068559
H1,hyb2,5,2,"{'epochs': 20, 'lr': 0.0007792023395914522, 'weight_decay': 0.009709779739789474, 'batch_size': 1024, 'dropout': 0.1, 'static_h': 64, 'rnn_h': 128, 'cw_power': 0.5}",0.07,0.2685906066764011,0.6074548546910534
H1,hyb2,5,3,"{'epochs': 15, 'lr': 0.00296767300312186, 'weight_decay': 0.012582919339934022, 'batch_size': 1024, 'dropout': 0.5, 'static_h': 64, 'rnn_h': 64, 'cw_power': 0.5}",0.11,0.2907094763706156,0.620268760442399
H1,hyb2,5,4,"{'epochs': 10, 'lr': 0.0012986120863311033, 'weight_decay': 0.00123929468250214, 'batch_size': 1024, 'dropout': 0.5, 'static_h': 64, 'rnn_h': 32, 'cw_power': 0.5}",0.09000000000000001,0.27737944203138226,0.6265768446947272
H1,hyb2,5,5,"{'epochs': 10, 'lr': 0.0023140082336009817, 'weight_decay': 0.018288197355594435, 'batch_size': 1024, 'dropout': 0.2, 'static_h': 128, 'rnn_h': 64, 'cw_power': 1.0}",0.08,0.2748998777371171,0.611904582870741
H1,hyb3,1,0,"{'epochs': 15, 'lr': 0.001, 'weight_decay': 0.01, 'batch_size': 512, 'dropout': 0.2, 'static_h': 128, 'rnn_h': 64, 'cw_power': 1.0}",0.08,0.2965296207362337,0.6288522226884622
H1,hyb3,1,1,"{'epochs': 20, 'lr': 0.002532704723889016, 'weight_decay': 0.0023994158792079723, 'batch_size': 1024, 'dropout': 0.3, 'static_h': 64, 'rnn_h': 64, 'cw_power': 0.0}",0.07,0.28177020211786885,0.6357124561214149
H1,hyb3,1,2,"{'epochs': 20, 'lr': 0.0012847690332791007, 'weight_decay': 0.0016622010756072482, 'batch_size': 1024, 'dropout': 0.2, 'static_h': 256, 'rnn_h': 32, 'cw_power': 0.0}",0.06,0.29388367538425336,0.6282593298997894
H1,hyb3,1,3,"{'epochs': 10, 'lr': 0.000599352849357316, 'weight_decay': 0.0005190102818943104, 'batch_size': 512, 'dropout': 0.5, 'static_h': 128, 'rnn_h': 64, 'cw_power': 1.0}",0.07,0.285406016185312,0.6325720462603928
H1,hyb3,1,4,"{'epochs': 20, 'lr': 0.0017260796908401316, 'weight_decay': 0.00861203319858377, 'batch_size': 512, 'dropout': 0.3, 'static_h': 256, 'rnn_h': 64, 'cw_power': 0.5}",0.09000000000000001,0.28137142671277693,0.6300439236983223
H1,hyb3,1,5,"{'epochs': 20, 'lr': 0.0014802877073276798, 'weight_decay': 0.023031158267881408, 'batch_size': 512, 'dropout': 0.5, 'static_h': 64, 'rnn_h': 32, 'cw_power': 0.5}",0.08,0.3123670108297802,0.6399092567692428
H1,hyb3,2,0,"{'epochs': 15, 'lr': 0.001, 'weight_decay': 0.01, 'batch_size': 512, 'dropout': 0.2, 'static_h': 128, 'rnn_h': 64, 'cw_power': 1.0}",0.07,0.2890895170211286,0.624721021607837
H1,hyb3,2,1,"{'epochs': 10, 'lr': 0.003086392707143972, 'weight_decay': 0.0002757391452251768, 'batch_size': 1024, 'dropout': 0.3, 'static_h': 128, 'rnn_h': 32, 'cw_power': 0.5}",0.08,0.29641961049181065,0.6310636295046184
H1,hyb3,2,2,"{'epochs': 20, 'lr': 0.0014535284388359595, 'weight_decay': 0.0005773749508283698, 'batch_size': 1024, 'dropout': 0.2, 'static_h': 128, 'rnn_h': 128, 'cw_power': 1.0}",0.07,0.27011291748050154,0.6184402018857924
H1,hyb3,2,3,"{'epochs': 15, 'lr': 0.002207804787649148, 'weight_decay': 0.028970229135881733, 'batch_size': 512, 'dropout': 0.2, 'static_h': 64, 'rnn_h': 32, 'cw_power': 0.0}",0.07,0.3005678409744753,0.6278614314688593
H1,hyb3,2,4,"{'epochs': 10, 'lr': 0.0004445504614346934, 'weight_decay': 0.03529669320422203, 'batch_size': 512, 'dropout': 0.2, 'static_h': 64, 'rnn_h': 32, 'cw_power': 0.5}",0.09000000000000001,0.29018112865835316,0.6251806513337932
H1,hyb3,2,5,"{'epochs': 10, 'lr': 0.00051706397738657, 'weight_decay': 0.011596643953470147, 'batch_size': 1024, 'dropout': 0.5, 'static_h': 128, 'rnn_h': 128, 'cw_power': 1.0}",0.09000000000000001,0.27907248444819527,0.623096391748995
H1,hyb3,3,0,"{'epochs': 15, 'lr': 0.001, 'weight_decay': 0.01, 'batch_size': 512, 'dropout': 0.2, 'static_h': 128, 'rnn_h': 64, 'cw_power': 1.0}",0.07,0.29034010232059315,0.6255090280445639
H1,hyb3,3,1,"{'epochs': 20, 'lr': 0.0004232857489016665, 'weight_decay': 0.019822553958630702, 'batch_size': 1024, 'dropout': 0.2, 'static_h': 256, 'rnn_h': 32, 'cw_power': 0.5}",0.06,0.2930316183441414,0.6282619919271567
H1,hyb3,3,2,"{'epochs': 20, 'lr': 0.0018364237831158385, 'weight_decay': 0.030139546309492775, 'batch_size': 1024, 'dropout': 0.5, 'static_h': 128, 'rnn_h': 64, 'cw_power': 1.0}",0.11,0.298171771015467,0.629008795669824
H1,hyb3,3,3,"{'epochs': 15, 'lr': 0.0011399282998564668, 'weight_decay': 0.005177516068356585, 'batch_size': 512, 'dropout': 0.1, 'static_h': 64, 'rnn_h': 128, 'cw_power': 0.0}",0.08,0.27367261731628945,0.6133756025804522
H1,hyb3,3,4,"{'epochs': 10, 'lr': 0.0008701623076771269, 'weight_decay': 0.0005328756757295605, 'batch_size': 1024, 'dropout': 0.5, 'static_h': 64, 'rnn_h': 32, 'cw_power': 1.0}",0.09000000000000001,0.25119640697023893,0.6210155257917153
H1,hyb3,3,5,"{'epochs': 15, 'lr': 0.0021531604122726395, 'weight_decay': 0.0006049724009640788, 'batch_size': 512, 'dropout': 0.2, 'static_h': 64, 'rnn_h': 128, 'cw_power': 1.0}",0.09000000000000001,0.2843338944594707,0.6279629955297223
H1,hyb3,4,0,"{'epochs': 15, 'lr': 0.001, 'weight_decay': 0.01, 'batch_size': 512, 'dropout': 0.2, 'static_h': 128, 'rnn_h': 64, 'cw_power': 1.0}",0.08,0.2801499745582769,0.6236922734507645
H1,hyb3,4,1,"{'epochs': 15, 'lr': 0.0014259760203087222, 'weight_decay': 0.0001715716306981417, 'batch_size': 512, 'dropout': 0.1, 'static_h': 128, 'rnn_h': 128, 'cw_power': 1.0}",0.08,0.28134413488685533,0.6192694598184523
H1,hyb3,4,2,"{'epochs': 20, 'lr': 0.0003409364429366275, 'weight_decay': 0.016618654891671775, 'batch_size': 512, 'dropout': 0.5, 'static_h': 256, 'rnn_h': 32, 'cw_power': 0.0}",0.1,0.2922759891343104,0.6224436497563298
H1,hyb3,4,3,"{'epochs': 20, 'lr': 0.0003407815151702424, 'weight_decay': 0.0005479737434825055, 'batch_size': 1024, 'dropout': 0.3, 'static_h': 64, 'rnn_h': 128, 'cw_power': 0.0}",0.11,0.27890020344845606,0.6183873171206824
H1,hyb3,4,4,"{'epochs': 15, 'lr': 0.0020557080291018883, 'weight_decay': 0.00014447831197132843, 'batch_size': 1024, 'dropout': 0.3, 'static_h': 64, 'rnn_h': 32, 'cw_power': 1.0}",0.05,0.29952154163046224,0.6282298694646763
H1,hyb3,4,5,"{'epochs': 20, 'lr': 0.0024371186155736154, 'weight_decay': 0.0008512945424351314, 'batch_size': 1024, 'dropout': 0.2, 'static_h': 128, 'rnn_h': 64, 'cw_power': 1.0}",0.05,0.2793651024727034,0.6200790018037312
H1,hyb3,5,0,"{'epochs': 15, 'lr': 0.001, 'weight_decay': 0.01, 'batch_size': 512, 'dropout': 0.2, 'static_h': 128, 'rnn_h': 64, 'cw_power': 1.0}",0.07,0.291943605635216,0.6184461187597039
H1,hyb3,5,1,"{'epochs': 15, 'lr': 0.0005863206173763267, 'weight_decay': 0.00023081023600438706, 'batch_size': 512, 'dropout': 0.5, 'static_h': 128, 'rnn_h': 32, 'cw_power': 0.0}",0.09000000000000001,0.2973033930966104,0.6237978816785019
H1,hyb3,5,2,"{'epochs': 10, 'lr': 0.0006553824854252119, 'weight_decay': 0.003443582790416381, 'batch_size': 512, 'dropout': 0.3, 'static_h': 256, 'rnn_h': 128, 'cw_power': 0.0}",0.09000000000000001,0.29578364647554034,0.619629437154164
H1,hyb3,5,3,"{'epochs': 15, 'lr': 0.0008256519621504876, 'weight_decay': 0.05766035998259002, 'batch_size': 1024, 'dropout': 0.3, 'static_h': 64, 'rnn_h': 32, 'cw_power': 0.0}",0.08,0.2877768167172344,0.6222243090622123
H1,hyb3,5,4,"{'epochs': 15, 'lr': 0.002670834897684835, 'weight_decay': 0.026792937838993464, 'batch_size': 1024, 'dropout': 0.5, 'static_h': 64, 'rnn_h': 64, 'cw_power': 0.5}",0.07,0.30304562204674595,0.6231566605034112
H1,hyb3,5,5,"{'epochs': 10, 'lr': 0.0004537182066139322, 'weight_decay': 0.006765512464144779, 'batch_size': 512, 'dropout': 0.5, 'static_h': 128, 'rnn_h': 32, 'cw_power': 1.0}",0.11,0.28433707097336747,0.6252652241207884
H1,hyb4,1,0,"{'epochs': 15, 'lr': 0.001, 'weight_decay': 0.01, 'batch_size': 512, 'dropout': 0.2, 'static_h': 128, 'rnn_h': 64, 'cw_power': 1.0}",0.07,0.304528221381896,0.6372826610519261
H1,hyb4,1,1,"{'epochs': 15, 'lr': 0.00046066896059490355, 'weight_decay': 0.03873807320016655, 'batch_size': 512, 'dropout': 0.3, 'static_h': 64, 'rnn_h': 64, 'cw_power': 0.0}",0.09000000000000001,0.2910581260827723,0.6321281832831205
H1,hyb4,1,2,"{'epochs': 15, 'lr': 0.0022504431179464508, 'weight_decay': 0.07123777261888603, 'batch_size': 1024, 'dropout': 0.1, 'static_h': 64, 'rnn_h': 128, 'cw_power': 0.0}",0.07,0.28940400288264356,0.6278614314688593
H1,hyb4,1,3,"{'epochs': 15, 'lr': 0.0012063189327496079, 'weight_decay': 0.00013308186699095132, 'batch_size': 1024, 'dropout': 0.5, 'static_h': 128, 'rnn_h': 32, 'cw_power': 0.5}",0.05,0.3102613173321577,0.6363807371256212
H1,hyb4,1,4,"{'epochs': 10, 'lr': 0.0010464318400192035, 'weight_decay': 0.004953768009866863, 'batch_size': 512, 'dropout': 0.5, 'static_h': 128, 'rnn_h': 64, 'cw_power': 0.0}",0.07,0.30002429494662836,0.6404230709129484
H1,hyb4,1,5,"{'epochs': 10, 'lr': 0.0005650128731868619, 'weight_decay': 0.0006606289515972809, 'batch_size': 512, 'dropout': 0.5, 'static_h': 256, 'rnn_h': 32, 'cw_power': 1.0}",0.08,0.29527547300278184,0.6384349855584721
H1,hyb4,2,0,"{'epochs': 15, 'lr': 0.001, 'weight_decay': 0.01, 'batch_size': 512, 'dropout': 0.2, 'static_h': 128, 'rnn_h': 64, 'cw_power': 1.0}",0.09000000000000001,0.3028786836606853,0.6265701577236586
H1,hyb4,2,1,"{'epochs': 20, 'lr': 0.002796792083314302, 'weight_decay': 0.00011436715012073177, 'batch_size': 1024, 'dropout': 0.2, 'static_h': 256, 'rnn_h': 64, 'cw_power': 1.0}",0.07,0.28393650408647314,0.6231508166773259
H1,hyb4,2,2,"{'epochs': 15, 'lr': 0.0009432816050210362, 'weight_decay': 0.00010203918997282784, 'batch_size': 1024, 'dropout': 0.5, 'static_h': 64, 'rnn_h': 64, 'cw_power': 1.0}",0.07,0.29984273228601566,0.6380677635171816
H1,hyb4,2,3,"{'epochs': 10, 'lr': 0.002227513345684222, 'weight_decay': 0.00518326124442101, 'batch_size': 1024, 'dropout': 0.5, 'static_h': 128, 'rnn_h': 128, 'cw_power': 0.5}",0.07,0.27406628352203355,0.6333571487256483
H1,hyb4,2,4,"{'epochs': 10, 'lr': 0.0011669633947457266, 'weight_decay': 0.01951994785851026, 'batch_size': 512, 'dropout': 0.5, 'static_h': 256, 'rnn_h': 128, 'cw_power': 1.0}",0.07,0.3076963967352241,0.6364975585866706
H1,hyb4,2,5,"{'epochs': 10, 'lr': 0.0004480803877401542, 'weight_decay': 0.005296402127239998, 'batch_size': 1024, 'dropout': 0.5, 'static_h': 256, 'rnn_h': 64, 'cw_power': 1.0}",0.09000000000000001,0.28661157434234746,0.6272649109185914
H1,hyb4,3,0,"{'epochs': 15, 'lr': 0.001, 'weight_decay': 0.01, 'batch_size': 512, 'dropout': 0.2, 'static_h': 128, 'rnn_h': 64, 'cw_power': 1.0}",0.1,0.28323897227570327,0.6263938039631974
H1,hyb4,3,1,"{'epochs': 20, 'lr': 0.0007683298280986656, 'weight_decay': 0.08456519583011265, 'batch_size': 512, 'dropout': 0.5, 'static_h': 64, 'rnn_h': 32, 'cw_power': 1.0}",0.07,0.27976677826454194,0.6255090280445639
H1,hyb4,3,2,"{'epochs': 15, 'lr': 0.0015351714024042908, 'weight_decay': 0.0002539729706311292, 'batch_size': 1024, 'dropout': 0.2, 'static_h': 256, 'rnn_h': 128, 'cw_power': 0.0}",0.06,0.27799965311662117,0.6206926659709223
H1,hyb4,3,3,"{'epochs': 20, 'lr': 0.0016880082326090706, 'weight_decay': 0.00037240029829923086, 'batch_size': 1024, 'dropout': 0.5, 'static_h': 128, 'rnn_h': 64, 'cw_power': 0.0}",0.07,0.2697047504249124,0.6255090280445639
H1,hyb4,3,4,"{'epochs': 15, 'lr': 0.00039178716450571737, 'weight_decay': 0.015514064658236688, 'batch_size': 512, 'dropout': 0.1, 'static_h': 128, 'rnn_h': 32, 'cw_power': 0.5}",0.05,0.29271727133875436,0.6264210236596301
H1,hyb4,3,5,"{'epochs': 20, 'lr': 0.000962163425831288, 'weight_decay': 0.0017795871483967302, 'batch_size': 512, 'dropout': 0.3, 'static_h': 256, 'rnn_h': 128, 'cw_power': 1.0}",0.1,0.2882606033586335,0.6250782891884199
H1,hyb4,4,0,"{'epochs': 15, 'lr': 0.001, 'weight_decay': 0.01, 'batch_size': 512, 'dropout': 0.2, 'static_h': 128, 'rnn_h': 64, 'cw_power': 1.0}",0.09000000000000001,0.283941581794696,0.6175383661895332
H1,hyb4,4,1,"{'epochs': 15, 'lr': 0.0009622073298222075, 'weight_decay': 0.0008298967964595193, 'batch_size': 512, 'dropout': 0.3, 'static_h': 256, 'rnn_h': 32, 'cw_power': 0.0}",0.06,0.3042678499124896,0.6206899497393779
H1,hyb4,4,2,"{'epochs': 10, 'lr': 0.0003448991320798309, 'weight_decay': 0.00027494425355239826, 'batch_size': 1024, 'dropout': 0.3, 'static_h': 256, 'rnn_h': 128, 'cw_power': 1.0}",0.1,0.2649999845359676,0.6250747044618606
H1,hyb4,4,3,"{'epochs': 15, 'lr': 0.0007384877823952612, 'weight_decay': 0.02704291592350227, 'batch_size': 1024, 'dropout': 0.1, 'static_h': 128, 'rnn_h': 128, 'cw_power': 0.5}",0.06,0.3004028487555932,0.6190078652592864
H1,hyb4,4,4,"{'epochs': 10, 'lr': 0.0007121504327298503, 'weight_decay': 0.06953369412148765, 'batch_size': 512, 'dropout': 0.1, 'static_h': 128, 'rnn_h': 64, 'cw_power': 1.0}",0.08,0.275937301296782,0.62442940905615
H1,hyb4,4,5,"{'epochs': 20, 'lr': 0.00042315023526990725, 'weight_decay': 0.0002217249707822326, 'batch_size': 1024, 'dropout': 0.3, 'static_h': 64, 'rnn_h': 128, 'cw_power': 1.0}",0.08,0.28012753710248234,0.6295893582938475
H1,hyb4,5,0,"{'epochs': 15, 'lr': 0.001, 'weight_decay': 0.01, 'batch_size': 512, 'dropout': 0.2, 'static_h': 128, 'rnn_h': 64, 'cw_power': 1.0}",0.07,0.2828772942012394,0.6200162993409397
H1,hyb4,5,1,"{'epochs': 15, 'lr': 0.0024515536506981863, 'weight_decay': 0.0006136073441802221, 'batch_size': 512, 'dropout': 0.3, 'static_h': 64, 'rnn_h': 128, 'cw_power': 0.0}",0.06,0.29906054264284054,0.6206953816063443
H1,hyb4,5,2,"{'epochs': 15, 'lr': 0.0013418982928765488, 'weight_decay': 0.030443657052231492, 'batch_size': 512, 'dropout': 0.5, 'static_h': 128, 'rnn_h': 64, 'cw_power': 1.0}",0.07,0.29697484691634596,0.6239417507940291
H1,hyb4,5,3,"{'epochs': 20, 'lr': 0.0011058734063182861, 'weight_decay': 0.0014686288802763044, 'batch_size': 512, 'dropout': 0.3, 'static_h': 128, 'rnn_h': 32, 'cw_power': 0.5}",0.1,0.2913283203080216,0.6178466110131917
H1,hyb4,5,4,"{'epochs': 20, 'lr': 0.0009029720251053482, 'weight_decay': 0.01966155999146912, 'batch_size': 1024, 'dropout': 0.5, 'static_h': 256, 'rnn_h': 32, 'cw_power': 1.0}",0.06,0.297242667093394,0.6232184721943288
H1,hyb4,5,5,"{'epochs': 15, 'lr': 0.0005246422430796777, 'weight_decay': 0.01805825367759412, 'batch_size': 1024, 'dropout': 0.3, 'static_h': 64, 'rnn_h': 64, 'cw_power': 1.0}",0.05,0.2894397471462827,0.6237065611062018
H1,proposed,1,0,"{'epochs': 15, 'lr': 0.001, 'weight_decay': 0.01, 'batch_size': 512, 'dropout': 0.2, 'static_h': 128, 'rnn_h': 64, 'cw_power': 1.0}",0.05,0.3098882586201761,0.6318524773139851
H1,proposed,1,1,"{'epochs': 15, 'lr': 0.000754644912136363, 'weight_decay': 0.0031112024189041765, 'batch_size': 512, 'dropout': 0.2, 'static_h': 256, 'rnn_h': 64, 'cw_power': 0.0}",0.06,0.29860991637082074,0.6333055833400637
H1,proposed,1,2,"{'epochs': 15, 'lr': 0.0009977848181671706, 'weight_decay': 0.0004556262740175452, 'batch_size': 1024, 'dropout': 0.2, 'static_h': 256, 'rnn_h': 128, 'cw_power': 0.0}",0.05,0.28979285405993116,0.635475085163294
H1,proposed,1,3,"{'epochs': 10, 'lr': 0.0005534156242688908, 'weight_decay': 0.0006318696517967689, 'batch_size': 512, 'dropout': 0.3, 'static_h': 64, 'rnn_h': 128, 'cw_power': 0.0}",0.07,0.28088807916935327,0.6317869437951371
H1,proposed,1,4,"{'epochs': 10, 'lr': 0.0012816209007890681, 'weight_decay': 0.005778203180671309, 'batch_size': 1024, 'dropout': 0.1, 'static_h': 256, 'rnn_h': 64, 'cw_power': 1.0}",0.07,0.30608623873457974,0.6372826610519261
H1,proposed,1,5,"{'epochs': 15, 'lr': 0.0008054637181259785, 'weight_decay': 0.08310198998120429, 'batch_size': 512, 'dropout': 0.3, 'static_h': 128, 'rnn_h': 128, 'cw_power': 0.5}",0.07,0.3025350073966556,0.6325720462603928
H1,proposed,2,0,"{'epochs': 15, 'lr': 0.001, 'weight_decay': 0.01, 'batch_size': 512, 'dropout': 0.2, 'static_h': 128, 'rnn_h': 64, 'cw_power': 1.0}",0.1,0.2833039936425809,0.6296790501965395
H1,proposed,2,1,"{'epochs': 20, 'lr': 0.0012760390614010443, 'weight_decay': 0.003508530374244322, 'batch_size': 1024, 'dropout': 0.3, 'static_h': 64, 'rnn_h': 128, 'cw_power': 0.0}",0.11,0.30757943899906554,0.6302541599598102
H1,proposed,2,2,"{'epochs': 20, 'lr': 0.0006127125642517781, 'weight_decay': 0.0001540719539718152, 'batch_size': 512, 'dropout': 0.1, 'static_h': 256, 'rnn_h': 32, 'cw_power': 0.5}",0.07,0.28209564130746057,0.6286465339341148
H1,proposed,2,3,"{'epochs': 15, 'lr': 0.0028359784345681964, 'weight_decay': 0.04258030830026439, 'batch_size': 1024, 'dropout': 0.3, 'static_h': 256, 'rnn_h': 32, 'cw_power': 0.0}",0.09000000000000001,0.2943608950886738,0.6314334300881878
H1,proposed,2,4,"{'epochs': 10, 'lr': 0.00036210017494559395, 'weight_decay': 0.0020445463705765434, 'batch_size': 1024, 'dropout': 0.3, 'static_h': 64, 'rnn_h': 64, 'cw_power': 0.5}",0.07,0.25184892050068497,0.6168699969552813
H1,proposed,2,5,"{'epochs': 20, 'lr': 0.0015330480424084185, 'weight_decay': 0.0032745466516908043, 'batch_size': 512, 'dropout': 0.2, 'static_h': 256, 'rnn_h': 128, 'cw_power': 1.0}",0.05,0.2778118779899426,0.6155507419920951
H1,proposed,3,0,"{'epochs': 15, 'lr': 0.001, 'weight_decay': 0.01, 'batch_size': 512, 'dropout': 0.2, 'static_h': 128, 'rnn_h': 64, 'cw_power': 1.0}",0.07,0.27130053332973897,0.6215835461582386
H1,proposed,3,1,"{'epochs': 20, 'lr': 0.0007649143910672003, 'weight_decay': 0.00018402534205455988, 'batch_size': 1024, 'dropout': 0.3, 'static_h': 128, 'rnn_h': 32, 'cw_power': 0.0}",0.08,0.2797995934609561,0.621484026549213
H1,proposed,3,2,"{'epochs': 15, 'lr': 0.0005318332835607132, 'weight_decay': 0.009281372984990445, 'batch_size': 1024, 'dropout': 0.1, 'static_h': 256, 'rnn_h': 64, 'cw_power': 0.0}",0.09000000000000001,0.2799652656740691,0.6265735015821209
H1,proposed,3,3,"{'epochs': 15, 'lr': 0.0027179412978514477, 'weight_decay': 0.08181110553769635, 'batch_size': 512, 'dropout': 0.2, 'static_h': 128, 'rnn_h': 64, 'cw_power': 0.5}",0.09000000000000001,0.2833045740130613,0.6189312848703131
H1,proposed,3,4,"{'epochs': 10, 'lr': 0.0025154490991273057, 'weight_decay': 0.014780817983220134, 'batch_size': 1024, 'dropout': 0.3, 'static_h': 64, 'rnn_h': 64, 'cw_power': 0.5}",0.1,0.2790047162313756,0.6237627744136425
H1,proposed,3,5,"{'epochs': 15, 'lr': 0.0006328566286147571, 'weight_decay': 0.057101648359758964, 'batch_size': 512, 'dropout': 0.5, 'static_h': 128, 'rnn_h': 128, 'cw_power': 0.5}",0.08,0.2983139477614558,0.6281181916145626
H1,proposed,4,0,"{'epochs': 15, 'lr': 0.001, 'weight_decay': 0.01, 'batch_size': 512, 'dropout': 0.2, 'static_h': 128, 'rnn_h': 64, 'cw_power': 1.0}",0.06,0.29091664712106735,0.6240541186995607
H1,proposed,4,1,"{'epochs': 20, 'lr': 0.0016277290668202462, 'weight_decay': 0.035826434390309705, 'batch_size': 1024, 'dropout': 0.3, 'static_h': 128, 'rnn_h': 128, 'cw_power': 0.0}",0.07,0.2914172793308421,0.6207955092815591
H1,proposed,4,2,"{'epochs': 20, 'lr': 0.0016217255784586545, 'weight_decay': 0.05734313828736786, 'batch_size': 512, 'dropout': 0.2, 'static_h': 128, 'rnn_h': 64, 'cw_power': 1.0}",0.09000000000000001,0.27869256095385325,0.6175383661895332
H1,proposed,4,3,"{'epochs': 10, 'lr': 0.000651799840577921, 'weight_decay': 0.0021851881025394732, 'batch_size': 512, 'dropout': 0.2, 'static_h': 128, 'rnn_h': 32, 'cw_power': 1.0}",0.08,0.2908659004979229,0.62442940905615
H1,proposed,4,4,"{'epochs': 10, 'lr': 0.0012027972244880764, 'weight_decay': 0.017912855434797776, 'batch_size': 512, 'dropout': 0.5, 'static_h': 256, 'rnn_h': 32, 'cw_power': 1.0}",0.09000000000000001,0.2998709847421236,0.6244858981388605
H1,proposed,4,5,"{'epochs': 10, 'lr': 0.0007983875534022634, 'weight_decay': 0.0007970955157879512, 'batch_size': 512, 'dropout': 0.2, 'static_h': 64, 'rnn_h': 32, 'cw_power': 0.5}",0.05,0.2971443557304794,0.6282298694646763
H1,proposed,5,0,"{'epochs': 15, 'lr': 0.001, 'weight_decay': 0.01, 'batch_size': 512, 'dropout': 0.2, 'static_h': 128, 'rnn_h': 64, 'cw_power': 1.0}",0.05,0.2771799474851233,0.6155558006969499
H1,proposed,5,1,"{'epochs': 10, 'lr': 0.0024647205592036887, 'weight_decay': 0.04552938767919346, 'batch_size': 512, 'dropout': 0.5, 'static_h': 64, 'rnn_h': 64, 'cw_power': 0.0}",0.08,0.2880296975153296,0.6229614323616031
H1,proposed,5,2,"{'epochs': 20, 'lr': 0.003004058522493695, 'weight_decay': 0.06985591716059306, 'batch_size': 512, 'dropout': 0.1, 'static_h': 128, 'rnn_h': 32, 'cw_power': 0.5}",0.05,0.2569685553601354,0.613744520606005
H1,proposed,5,3,"{'epochs': 10, 'lr': 0.0018250914526143855, 'weight_decay': 0.029610349555649722, 'batch_size': 512, 'dropout': 0.5, 'static_h': 256, 'rnn_h': 32, 'cw_power': 0.0}",0.1,0.2955040976412092,0.6178466110131917
H1,proposed,5,4,"{'epochs': 20, 'lr': 0.0010887708174024276, 'weight_decay': 0.0866536749295425, 'batch_size': 512, 'dropout': 0.2, 'static_h': 64, 'rnn_h': 128, 'cw_power': 0.0}",0.09000000000000001,0.2845352694771663,0.6154609926298261
H1,proposed,5,5,"{'epochs': 15, 'lr': 0.0006639778068570548, 'weight_decay': 0.00040102200169256873, 'batch_size': 1024, 'dropout': 0.5, 'static_h': 128, 'rnn_h': 64, 'cw_power': 0.5}",0.07,0.28127137615213227,0.6208013896315576
H1,hyb5,1,0,"{'epochs': 15, 'lr': 0.001, 'weight_decay': 0.01, 'batch_size': 512, 'dropout': 0.2, 'static_h': 128, 'rnn_h': 64, 'cw_power': 1.0}",0.07,0.2943115004054441,0.6278614314688593
H1,hyb5,1,1,"{'epochs': 10, 'lr': 0.0029334783547608156, 'weight_decay': 0.0008868524520712396, 'batch_size': 1024, 'dropout': 0.1, 'static_h': 64, 'rnn_h': 32, 'cw_power': 0.0}",0.06,0.2998067000623102,0.6391928790203838
H1,hyb5,1,2,"{'epochs': 20, 'lr': 0.0014508412320379074, 'weight_decay': 0.005347443193761574, 'batch_size': 1024, 'dropout': 0.3, 'static_h': 256, 'rnn_h': 128, 'cw_power': 1.0}",0.09000000000000001,0.3086108967634696,0.6376862088425823
H1,hyb5,1,3,"{'epochs': 15, 'lr': 0.00047576506642742536, 'weight_decay': 0.0361749745548059, 'batch_size': 1024, 'dropout': 0.3, 'static_h': 128, 'rnn_h': 32, 'cw_power': 0.0}",0.06,0.2920490278065476,0.6341466255801095
H1,hyb5,1,4,"{'epochs': 20, 'lr': 0.0006386407963492825, 'weight_decay': 0.00018891419473413923, 'batch_size': 512, 'dropout': 0.2, 'static_h': 256, 'rnn_h': 64, 'cw_power': 0.5}",0.05,0.2941652597550579,0.6363807371256212
H1,hyb5,1,5,"{'epochs': 10, 'lr': 0.00041574989281970904, 'weight_decay': 0.08524933636854187, 'batch_size': 512, 'dropout': 0.2, 'static_h': 64, 'rnn_h': 64, 'cw_power': 1.0}",0.08,0.28713480819816,0.6288522226884622
H1,hyb5,2,0,"{'epochs': 15, 'lr': 0.001, 'weight_decay': 0.01, 'batch_size': 512, 'dropout': 0.2, 'static_h': 128, 'rnn_h': 64, 'cw_power': 1.0}",0.06,0.30403927182954554,0.6257362031796523
H1,hyb5,2,1,"{'epochs': 15, 'lr': 0.0009574396193178692, 'weight_decay': 0.0012524139459331822, 'batch_size': 1024, 'dropout': 0.2, 'static_h': 256, 'rnn_h': 128, 'cw_power': 1.0}",0.05,0.2928861052573458,0.6227959576907129
H1,hyb5,2,2,"{'epochs': 15, 'lr': 0.0003440241173860106, 'weight_decay': 0.00027910376792034987, 'batch_size': 512, 'dropout': 0.1, 'static_h': 256, 'rnn_h': 64, 'cw_power': 0.0}",0.07,0.3189643834599196,0.6372826610519261
H1,hyb5,2,3,"{'epochs': 15, 'lr': 0.0026715093539091584, 'weight_decay': 0.0004012277286117016, 'batch_size': 1024, 'dropout': 0.5, 'static_h': 256, 'rnn_h': 128, 'cw_power': 1.0}",0.09000000000000001,0.31863077399597356,0.6321281832831205
H1,hyb5,2,4,"{'epochs': 10, 'lr': 0.0013892041862413162, 'weight_decay': 0.00017590779062171127, 'batch_size': 512, 'dropout': 0.5, 'static_h': 64, 'rnn_h': 64, 'cw_power': 0.0}",0.07,0.29801533735093855,0.6333571487256483
H1,hyb5,2,5,"{'epochs': 10, 'lr': 0.00047054175319890726, 'weight_decay': 0.009067023871641839, 'batch_size': 1024, 'dropout': 0.5, 'static_h': 256, 'rnn_h': 64, 'cw_power': 0.0}",0.1,0.2879581817654144,0.6224436497563298
H1,hyb5,3,0,"{'epochs': 15, 'lr': 0.001, 'weight_decay': 0.01, 'batch_size': 512, 'dropout': 0.2, 'static_h': 128, 'rnn_h': 64, 'cw_power': 1.0}",0.09000000000000001,0.2854191030267404,0.6217102727655159
H1,hyb5,3,1,"{'epochs': 20, 'lr': 0.002186025582922262, 'weight_decay': 0.0720051387791121, 'batch_size': 512, 'dropout': 0.5, 'static_h': 128, 'rnn_h': 32, 'cw_power': 0.5}",0.11,0.30051194750910853,0.6252614097674991
H1,hyb5,3,2,"{'epochs': 15, 'lr': 0.0003728639087047791, 'weight_decay': 0.000959853282718434, 'batch_size': 512, 'dropout': 0.5, 'static_h': 64, 'rnn_h': 32, 'cw_power': 0.0}",0.11,0.26428166886032173,0.6183912022799032
H1,hyb5,3,3,"{'epochs': 10, 'lr': 0.00172599514294447, 'weight_decay': 0.00038830758757335353, 'batch_size': 512, 'dropout': 0.3, 'static_h': 256, 'rnn_h': 32, 'cw_power': 0.0}",0.13,0.2734237075430366,0.6193770356946698
H1,hyb5,3,4,"{'epochs': 20, 'lr': 0.0015084284182309276, 'weight_decay': 0.06086735924660547, 'batch_size': 512, 'dropout': 0.5, 'static_h': 256, 'rnn_h': 32, 'cw_power': 0.0}",0.07,0.29563439859622964,0.6294345099308893
H1,hyb5,3,5,"{'epochs': 10, 'lr': 0.0023895621537809142, 'weight_decay': 0.004120667527618973, 'batch_size': 1024, 'dropout': 0.3, 'static_h': 64, 'rnn_h': 64, 'cw_power': 1.0}",0.11,0.28388143289035256,0.6202648952310656
H1,hyb5,4,0,"{'epochs': 15, 'lr': 0.001, 'weight_decay': 0.01, 'batch_size': 512, 'dropout': 0.2, 'static_h': 128, 'rnn_h': 64, 'cw_power': 1.0}",0.07,0.2893587023126435,0.6207955092815591
H1,hyb5,4,1,"{'epochs': 15, 'lr': 0.0018933850398515518, 'weight_decay': 0.0007784531382644598, 'batch_size': 1024, 'dropout': 0.3, 'static_h': 128, 'rnn_h': 128, 'cw_power': 0.5}",0.08,0.29869644029031167,0.6214808666346084
H1,hyb5,4,2,"{'epochs': 20, 'lr': 0.0027261022082618186, 'weight_decay': 0.00022820171155992056, 'batch_size': 512, 'dropout': 0.5, 'static_h': 256, 'rnn_h': 128, 'cw_power': 0.5}",0.05,0.2960502507657504,0.6255129135776947
H1,hyb5,4,3,"{'epochs': 15, 'lr': 0.0004808388333655375, 'weight_decay': 0.023078140022557075, 'batch_size': 1024, 'dropout': 0.3, 'static_h': 64, 'rnn_h': 128, 'cw_power': 1.0}",0.08,0.27731484631108716,0.6332750363207744
H1,hyb5,4,4,"{'epochs': 20, 'lr': 0.0005411282669870435, 'weight_decay': 0.0012231111052309175, 'batch_size': 1024, 'dropout': 0.1, 'static_h': 256, 'rnn_h': 128, 'cw_power': 0.0}",0.06,0.2904991154761783,0.617325780779195
H1,hyb5,4,5,"{'epochs': 10, 'lr': 0.0026470330194752457, 'weight_decay': 0.00016937888864504771, 'batch_size': 512, 'dropout': 0.2, 'static_h': 128, 'rnn_h': 128, 'cw_power': 1.0}",0.07,0.28864400341068197,0.6207955092815591
H1,hyb5,5,0,"{'epochs': 15, 'lr': 0.001, 'weight_decay': 0.01, 'batch_size': 512, 'dropout': 0.2, 'static_h': 128, 'rnn_h': 64, 'cw_power': 1.0}",0.08,0.2767703733977219,0.6133788294695226
H1,hyb5,5,1,"{'epochs': 15, 'lr': 0.0007497546467388451, 'weight_decay': 0.059623057968447725, 'batch_size': 512, 'dropout': 0.3, 'static_h': 128, 'rnn_h': 32, 'cw_power': 0.5}",0.12000000000000001,0.2930100527974817,0.6193765765161854
H1,hyb5,5,2,"{'epochs': 20, 'lr': 0.0011683660176640405, 'weight_decay': 0.00010021632537722792, 'batch_size': 1024, 'dropout': 0.2, 'static_h': 256, 'rnn_h': 128, 'cw_power': 0.0}",0.08,0.27323341675078294,0.6104303362719594
H1,hyb5,5,3,"{'epochs': 20, 'lr': 0.0003298161685069537, 'weight_decay': 0.00021530470801326874, 'batch_size': 1024, 'dropout': 0.1, 'static_h': 64, 'rnn_h': 128, 'cw_power': 0.0}",0.11,0.2939279180874677,0.6246406661609898
H1,hyb5,5,4,"{'epochs': 10, 'lr': 0.0008642926526212572, 'weight_decay': 0.05267553300462814, 'batch_size': 1024, 'dropout': 0.1, 'static_h': 128, 'rnn_h': 32, 'cw_power': 1.0}",0.1,0.2895967505784722,0.622450868711828
H1,hyb5,5,5,"{'epochs': 20, 'lr': 0.001937928342693628, 'weight_decay': 0.0037528084869110074, 'batch_size': 512, 'dropout': 0.1, 'static_h': 256, 'rnn_h': 64, 'cw_power': 0.0}",0.09000000000000001,0.23307630227933115,0.602260918302756
H1,hyb6,1,0,"{'epochs': 15, 'lr': 0.001, 'weight_decay': 0.01, 'batch_size': 512, 'dropout': 0.2, 'static_h': 128, 'rnn_h': 64, 'cw_power': 1.0}",0.04,0.30751518143619794,0.6280091528612219
H1,hyb6,1,1,"{'epochs': 15, 'lr': 0.0017245348472202076, 'weight_decay': 0.07791383538882157, 'batch_size': 1024, 'dropout': 0.2, 'static_h': 128, 'rnn_h': 32, 'cw_power': 1.0}",0.05,0.29580957537396757,0.6318524773139851
H1,hyb6,1,2,"{'epochs': 10, 'lr': 0.0017070853280018962, 'weight_decay': 0.044237007707446895, 'batch_size': 1024, 'dropout': 0.3, 'static_h': 64, 'rnn_h': 128, 'cw_power': 0.0}",0.1,0.2861162268545566,0.6250747044618606
H1,hyb6,1,3,"{'epochs': 15, 'lr': 0.0013077163354401036, 'weight_decay': 0.0002263024359170015, 'batch_size': 512, 'dropout': 0.5, 'static_h': 128, 'rnn_h': 32, 'cw_power': 0.5}",0.09000000000000001,0.31217503921441137,0.6397704684273805
H1,hyb6,1,4,"{'epochs': 10, 'lr': 0.0019167926220482585, 'weight_decay': 0.00021072853747033232, 'batch_size': 512, 'dropout': 0.3, 'static_h': 128, 'rnn_h': 64, 'cw_power': 1.0}",0.08,0.3135916242984237,0.6428577991907845
H1,hyb6,1,5,"{'epochs': 10, 'lr': 0.0013010977228000023, 'weight_decay': 0.0023321019361947364, 'batch_size': 512, 'dropout': 0.5, 'static_h': 64, 'rnn_h': 32, 'cw_power': 0.5}",0.09000000000000001,0.28762215016024734,0.6362967024527169
H1,hyb6,2,0,"{'epochs': 15, 'lr': 0.001, 'weight_decay': 0.01, 'batch_size': 512, 'dropout': 0.2, 'static_h': 128, 'rnn_h': 64, 'cw_power': 1.0}",0.08,0.3183759989442672,0.6362235787423159
H1,hyb6,2,1,"{'epochs': 20, 'lr': 0.0023175935931682434, 'weight_decay': 0.02864132883186464, 'batch_size': 512, 'dropout': 0.2, 'static_h': 64, 'rnn_h': 64, 'cw_power': 1.0}",0.06,0.30627084872958493,0.626577245419698
H1,hyb6,2,2,"{'epochs': 20, 'lr': 0.00034600158856834025, 'weight_decay': 0.05948116218877137, 'batch_size': 1024, 'dropout': 0.5, 'static_h': 256, 'rnn_h': 32, 'cw_power': 0.0}",0.09000000000000001,0.3059487335490003,0.6300439236983223
H1,hyb6,2,3,"{'epochs': 10, 'lr': 0.0010026510472602478, 'weight_decay': 0.0009645124604527968, 'batch_size': 1024, 'dropout': 0.5, 'static_h': 64, 'rnn_h': 64, 'cw_power': 0.0}",0.1,0.29635528537125433,0.6296790501965395
H1,hyb6,2,4,"{'epochs': 15, 'lr': 0.002960539132958357, 'weight_decay': 0.010263551088824083, 'batch_size': 512, 'dropout': 0.1, 'static_h': 64, 'rnn_h': 32, 'cw_power': 1.0}",0.09000000000000001,0.27764867301572815,0.6175383661895332
H1,hyb6,2,5,"{'epochs': 20, 'lr': 0.002584904235032028, 'weight_decay': 0.0022896650174678668, 'batch_size': 1024, 'dropout': 0.2, 'static_h': 256, 'rnn_h': 128, 'cw_power': 1.0}",0.07,0.2716026881911753,0.6223657142120703
H1,hyb6,3,0,"{'epochs': 15, 'lr': 0.001, 'weight_decay': 0.01, 'batch_size': 512, 'dropout': 0.2, 'static_h': 128, 'rnn_h': 64, 'cw_power': 1.0}",0.07,0.28116947593169855,0.6207984497809735
H1,hyb6,3,1,"{'epochs': 20, 'lr': 0.00228246221309313, 'weight_decay': 0.02719092826849588, 'batch_size': 1024, 'dropout': 0.2, 'static_h': 256, 'rnn_h': 32, 'cw_power': 0.0}",0.05,0.2777221918614114,0.6173645636271364
H1,hyb6,3,2,"{'epochs': 15, 'lr': 0.000353196321783851, 'weight_decay': 0.0011147586510432388, 'batch_size': 512, 'dropout': 0.5, 'static_h': 64, 'rnn_h': 32, 'cw_power': 0.5}",0.12000000000000001,0.25699772923370406,0.6175868796633788
H1,hyb6,3,3,"{'epochs': 20, 'lr': 0.0011880174185396554, 'weight_decay': 0.00010465491715191057, 'batch_size': 1024, 'dropout': 0.2, 'static_h': 64, 'rnn_h': 32, 'cw_power': 0.5}",0.09000000000000001,0.2882352821429845,0.6244892606607187
H1,hyb6,3,4,"{'epochs': 20, 'lr': 0.0012855081177397807, 'weight_decay': 0.00014687114616719987, 'batch_size': 512, 'dropout': 0.1, 'static_h': 64, 'rnn_h': 64, 'cw_power': 0.5}",0.07,0.27245056596495076,0.6207984497809735
H1,hyb6,3,5,"{'epochs': 15, 'lr': 0.0006871724228213992, 'weight_decay': 0.00018650310958935563, 'batch_size': 512, 'dropout': 0.3, 'static_h': 64, 'rnn_h': 32, 'cw_power': 0.0}",0.08,0.2866794765326799,0.6251696738077406
H1,hyb6,4,0,"{'epochs': 15, 'lr': 0.001, 'weight_decay': 0.01, 'batch_size': 512, 'dropout': 0.2, 'static_h': 128, 'rnn_h': 64, 'cw_power': 1.0}",0.08,0.29116501155629676,0.6259036802669207
H1,hyb6,4,1,"{'epochs': 15, 'lr': 0.002143663455594782, 'weight_decay': 0.0079744915828886, 'batch_size': 1024, 'dropout': 0.3, 'static_h': 256, 'rnn_h': 64, 'cw_power': 0.0}",0.08,0.29732698869447366,0.6170580530022962
H1,hyb6,4,2,"{'epochs': 20, 'lr': 0.002216956995237049, 'weight_decay': 0.0025062259412422364, 'batch_size': 512, 'dropout': 0.3, 'static_h': 256, 'rnn_h': 64, 'cw_power': 1.0}",0.07,0.26916306267736945,0.6200104068163036
H1,hyb6,4,3,"{'epochs': 20, 'lr': 0.0009440071173805843, 'weight_decay': 0.00038868556145969785, 'batch_size': 512, 'dropout': 0.5, 'static_h': 128, 'rnn_h': 32, 'cw_power': 1.0}",0.09000000000000001,0.30234288558443734,0.6258754045287259
H1,hyb6,4,4,"{'epochs': 10, 'lr': 0.0008332597954884368, 'weight_decay': 0.009346770646804994, 'batch_size': 512, 'dropout': 0.1, 'static_h': 64, 'rnn_h': 64, 'cw_power': 1.0}",0.08,0.2693458923563953,0.6281150870830768
H1,hyb6,4,5,"{'epochs': 20, 'lr': 0.00268530241203989, 'weight_decay': 0.03816137677241228, 'batch_size': 1024, 'dropout': 0.2, 'static_h': 128, 'rnn_h': 64, 'cw_power': 0.0}",0.06,0.27615860207892895,0.6164847385391492
H1,hyb6,5,0,"{'epochs': 15, 'lr': 0.001, 'weight_decay': 0.01, 'batch_size': 512, 'dropout': 0.2, 'static_h': 128, 'rnn_h': 64, 'cw_power': 1.0}",0.1,0.27553227578397366,0.6132423533145555
H1,hyb6,5,1,"{'epochs': 10, 'lr': 0.0015813651444794537, 'weight_decay': 0.009858782666843233, 'batch_size': 1024, 'dropout': 0.5, 'static_h': 64, 'rnn_h': 32, 'cw_power': 0.5}",0.09000000000000001,0.28542869607695515,0.6293558077109525
H1,hyb6,5,2,"{'epochs': 20, 'lr': 0.0004413469180938716, 'weight_decay': 0.0001360123804582771, 'batch_size': 512, 'dropout': 0.2, 'static_h': 128, 'rnn_h': 32, 'cw_power': 0.0}",0.09000000000000001,0.2845775993166428,0.617545214891995
H1,hyb6,5,3,"{'epochs': 15, 'lr': 0.002018152995048862, 'weight_decay': 0.058605211770521616, 'batch_size': 1024, 'dropout': 0.5, 'static_h': 128, 'rnn_h': 64, 'cw_power': 0.5}",0.08,0.3051262168510961,0.6229614323616031
H1,hyb6,5,4,"{'epochs': 10, 'lr': 0.0005186511219123949, 'weight_decay': 0.01321706693733992, 'batch_size': 1024, 'dropout': 0.3, 'static_h': 64, 'rnn_h': 128, 'cw_power': 1.0}",0.07,0.2882955923283982,0.6278672022471186
H1,hyb6,5,5,"{'epochs': 20, 'lr': 0.000694650228238187, 'weight_decay': 0.0044367449742223584, 'batch_size': 512, 'dropout': 0.5, 'static_h': 256, 'rnn_h': 64, 'cw_power': 0.0}",0.1,0.29778327172892094,0.6171888599133866
H1,hyb7,1,0,"{'epochs': 15, 'lr': 0.001, 'weight_decay': 0.01, 'batch_size': 512, 'dropout': 0.2, 'static_h': 128, 'rnn_h': 64, 'cw_power': 1.0}",0.05,0.3062419685689242,0.64000334497493
H1,hyb7,1,1,"{'epochs': 20, 'lr': 0.0010770237436773364, 'weight_decay': 0.0141195913701331, 'batch_size': 512, 'dropout': 0.5, 'static_h': 256, 'rnn_h': 64, 'cw_power': 1.0}",0.05,0.2992639174640116,0.6309468253516579
H1,hyb7,1,2,"{'epochs': 15, 'lr': 0.0012927649650551513, 'weight_decay': 0.0272259681622992, 'batch_size': 1024, 'dropout': 0.2, 'static_h': 128, 'rnn_h': 32, 'cw_power': 1.0}",0.05,0.29144383440432015,0.6300411733893307
H1,hyb7,1,3,"{'epochs': 10, 'lr': 0.000852499700671456, 'weight_decay': 0.00015254707981035275, 'batch_size': 1024, 'dropout': 0.2, 'static_h': 256, 'rnn_h': 64, 'cw_power': 1.0}",0.07,0.30838922880597514,0.6427783783087151
H1,hyb7,1,4,"{'epochs': 10, 'lr': 0.0021196583225276725, 'weight_decay': 0.0008377272022674218, 'batch_size': 512, 'dropout': 0.2, 'static_h': 256, 'rnn_h': 128, 'cw_power': 0.0}",0.06,0.30213033249946475,0.6366697523002466
H1,hyb7,1,5,"{'epochs': 15, 'lr': 0.0014180053262729626, 'weight_decay': 0.004346591422761801, 'batch_size': 1024, 'dropout': 0.5, 'static_h': 64, 'rnn_h': 128, 'cw_power': 1.0}",0.1,0.29881052969902805,0.6288948692563604
H1,hyb7,2,0,"{'epochs': 15, 'lr': 0.001, 'weight_decay': 0.01, 'batch_size': 512, 'dropout': 0.2, 'static_h': 128, 'rnn_h': 64, 'cw_power': 1.0}",0.07,0.309298878271877,0.6317869437951371
H1,hyb7,2,1,"{'epochs': 20, 'lr': 0.0003671776356413987, 'weight_decay': 0.0006827423938630807, 'batch_size': 512, 'dropout': 0.2, 'static_h': 256, 'rnn_h': 32, 'cw_power': 1.0}",0.1,0.29475847176985515,0.6237591771090952
H1,hyb7,2,2,"{'epochs': 15, 'lr': 0.0011398495933531002, 'weight_decay': 0.008057203933863749, 'batch_size': 512, 'dropout': 0.1, 'static_h': 128, 'rnn_h': 32, 'cw_power': 1.0}",0.06,0.2790064213731088,0.6248951609396065
H1,hyb7,2,3,"{'epochs': 10, 'lr': 0.0021154355956655175, 'weight_decay': 0.000133110235621972, 'batch_size': 512, 'dropout': 0.5, 'static_h': 256, 'rnn_h': 64, 'cw_power': 0.5}",0.07,0.3109863716553679,0.6357124561214149
H1,hyb7,2,4,"{'epochs': 20, 'lr': 0.0012704014269480464, 'weight_decay': 0.0043090929103593205, 'batch_size': 1024, 'dropout': 0.2, 'static_h': 128, 'rnn_h': 32, 'cw_power': 0.0}",0.11,0.2982631108582857,0.6265067359053487
H1,hyb7,2,5,"{'epochs': 15, 'lr': 0.002182635646773306, 'weight_decay': 0.0036595343316947614, 'batch_size': 512, 'dropout': 0.2, 'static_h': 64, 'rnn_h': 64, 'cw_power': 0.5}",0.1,0.29464458623352424,0.6270479954910088
H1,hyb7,3,0,"{'epochs': 15, 'lr': 0.001, 'weight_decay': 0.01, 'batch_size': 512, 'dropout': 0.2, 'static_h': 128, 'rnn_h': 64, 'cw_power': 1.0}",0.1,0.2829596096044053,0.6290248335127524
H1,hyb7,3,1,"{'epochs': 20, 'lr': 0.0012316193163398495, 'weight_decay': 0.0003507252338129043, 'batch_size': 512, 'dropout': 0.3, 'static_h': 64, 'rnn_h': 64, 'cw_power': 1.0}",0.08,0.2907625146069522,0.6288553210662682
H1,hyb7,3,2,"{'epochs': 10, 'lr': 0.00037273789434862597, 'weight_decay': 0.0001677334729536493, 'batch_size': 512, 'dropout': 0.3, 'static_h': 64, 'rnn_h': 128, 'cw_power': 0.0}",0.11,0.2581711832385819,0.6183912022799032
H1,hyb7,3,3,"{'epochs': 20, 'lr': 0.0017907702031802898, 'weight_decay': 0.000527098883260938, 'batch_size': 512, 'dropout': 0.2, 'static_h': 64, 'rnn_h': 32, 'cw_power': 0.0}",0.06,0.2733679617830858,0.6139643762320472
H1,hyb7,3,4,"{'epochs': 10, 'lr': 0.000987180018525397, 'weight_decay': 0.06471854194315117, 'batch_size': 1024, 'dropout': 0.1, 'static_h': 256, 'rnn_h': 64, 'cw_power': 1.0}",0.09000000000000001,0.2812682192906051,0.6258787546083202
H1,hyb7,3,5,"{'epochs': 10, 'lr': 0.0007644461474240184, 'weight_decay': 0.0003679509000897599, 'batch_size': 1024, 'dropout': 0.5, 'static_h': 64, 'rnn_h': 32, 'cw_power': 1.0}",0.08,0.2390610017894643,0.6177983792906853
H1,hyb7,4,0,"{'epochs': 15, 'lr': 0.001, 'weight_decay': 0.01, 'batch_size': 512, 'dropout': 0.2, 'static_h': 128, 'rnn_h': 64, 'cw_power': 1.0}",0.05,0.2940504781040919,0.6227959576907129
H1,hyb7,4,1,"{'epochs': 10, 'lr': 0.0003214685376108249, 'weight_decay': 0.001683494852970967, 'batch_size': 512, 'dropout': 0.1, 'static_h': 128, 'rnn_h': 32, 'cw_power': 0.5}",0.08,0.2902027817099529,0.6318007651100037
H1,hyb7,4,2,"{'epochs': 20, 'lr': 0.000559599789824825, 'weight_decay': 0.00017129944109193406, 'batch_size': 1024, 'dropout': 0.1, 'static_h': 64, 'rnn_h': 64, 'cw_power': 1.0}",0.07,0.2859131936752354,0.624721021607837
H1,hyb7,4,3,"{'epochs': 20, 'lr': 0.0027758311927447463, 'weight_decay': 0.00046025501283342087, 'batch_size': 512, 'dropout': 0.2, 'static_h': 64, 'rnn_h': 32, 'cw_power': 0.0}",0.05,0.2586429252293165,0.614645090029768
H1,hyb7,4,4,"{'epochs': 20, 'lr': 0.00033240261280536324, 'weight_decay': 0.0028198275345225738, 'batch_size': 1024, 'dropout': 0.3, 'static_h': 128, 'rnn_h': 32, 'cw_power': 0.5}",0.07,0.29591970014585084,0.6310018413298816
H1,hyb7,4,5,"{'epochs': 10, 'lr': 0.0008313182307830378, 'weight_decay': 0.0001250778435335202, 'batch_size': 1024, 'dropout': 0.2, 'static_h': 256, 'rnn_h': 64, 'cw_power': 0.5}",0.06,0.2928819846072781,0.6282593298997894
H1,hyb7,5,0,"{'epochs': 15, 'lr': 0.001, 'weight_decay': 0.01, 'batch_size': 512, 'dropout': 0.2, 'static_h': 128, 'rnn_h': 64, 'cw_power': 1.0}",0.05,0.27957964673959895,0.6164614407424223
H1,hyb7,5,1,"{'epochs': 20, 'lr': 0.00037482280755809735, 'weight_decay': 0.00474397981730387, 'batch_size': 1024, 'dropout': 0.2, 'static_h': 64, 'rnn_h': 64, 'cw_power': 0.0}",0.08,0.284841591225966,0.6185386925652583
H1,hyb7,5,2,"{'epochs': 20, 'lr': 0.001141433600577719, 'weight_decay': 0.00010651027402284137, 'batch_size': 512, 'dropout': 0.1, 'static_h': 256, 'rnn_h': 128, 'cw_power': 0.0}",0.08,0.243872283260918,0.6030591032780513
H1,hyb7,5,3,"{'epochs': 15, 'lr': 0.0008695927882598298, 'weight_decay': 0.00044422059102092756, 'batch_size': 1024, 'dropout': 0.1, 'static_h': 128, 'rnn_h': 32, 'cw_power': 0.5}",0.07,0.28510882750079347,0.6105952158535249
H1,hyb7,5,4,"{'epochs': 20, 'lr': 0.0014208225099527107, 'weight_decay': 0.0014382531513708456, 'batch_size': 512, 'dropout': 0.2, 'static_h': 64, 'rnn_h': 64, 'cw_power': 1.0}",0.04,0.2835868706911955,0.618185705759398
H1,hyb7,5,5,"{'epochs': 20, 'lr': 0.001364443407656672, 'weight_decay': 0.0022641259739209726, 'batch_size': 1024, 'dropout': 0.3, 'static_h': 128, 'rnn_h': 32, 'cw_power': 0.5}",0.07,0.2766558458870665,0.6082399449816713
H2,hgb,1,0,"{'learning_rate': 0.1, 'max_iter': 100, 'max_leaf_nodes': 31, 'l2_regularization': 0.0, 'min_samples_leaf': 20, 'cw_power': 1.0}",0.07,0.3567269372328596,0.6624059399401044
H2,hgb,1,1,"{'learning_rate': 0.22123609278352113, 'max_iter': 300, 'max_leaf_nodes': 63, 'l2_regularization': 3.220636538803698, 'min_samples_leaf': 50, 'cw_power': 1.0}",0.07,0.32861534628877426,0.6435634807739707
H2,hgb,1,2,"{'learning_rate': 0.09261051783648204, 'max_iter': 300, 'max_leaf_nodes': 63, 'l2_regularization': 0.6681477554837341, 'min_samples_leaf': 20, 'cw_power': 1.0}",0.06,0.3432875617614403,0.6484443436608868
H2,hgb,1,3,"{'learning_rate': 0.04980649412695866, 'max_iter': 100, 'max_leaf_nodes': 63, 'l2_regularization': 0.002947628439057839, 'min_samples_leaf': 20, 'cw_power': 1.0}",0.08,0.3670294948518983,0.665709002957731
H2,hgb,1,4,"{'learning_rate': 0.2566267273266374, 'max_iter': 200, 'max_leaf_nodes': 63, 'l2_regularization': 0.009229660600362639, 'min_samples_leaf': 20, 'cw_power': 1.0}",0.05,0.33228312167189356,0.6472485606735479
H2,hgb,1,5,"{'learning_rate': 0.03646506145732665, 'max_iter': 100, 'max_leaf_nodes': 63, 'l2_regularization': 4.140808166755296, 'min_samples_leaf': 20, 'cw_power': 0.0}",0.06,0.375050137229693,0.6635831039817098
H2,hgb,2,0,"{'learning_rate': 0.1, 'max_iter': 100, 'max_leaf_nodes': 31, 'l2_regularization': 0.0, 'min_samples_leaf': 20, 'cw_power': 1.0}",0.08,0.37556484163417286,0.6686575453792727
H2,hgb,2,1,"{'learning_rate': 0.03955281987968679, 'max_iter': 100, 'max_leaf_nodes': 63, 'l2_regularization': 0.05486127708212165, 'min_samples_leaf': 10, 'cw_power': 0.0}",0.06,0.400788318966117,0.6787218643025329
H2,hgb,2,2,"{'learning_rate': 0.08355074509768567, 'max_iter': 300, 'max_leaf_nodes': 63, 'l2_regularization': 0.15153943423502853, 'min_samples_leaf': 10, 'cw_power': 1.0}",0.07,0.35639901887858805,0.657695325148571
H2,hgb,2,3,"{'learning_rate': 0.1836982080592914, 'max_iter': 200, 'max_leaf_nodes': 31, 'l2_regularization': 0.0021464874469209368, 'min_samples_leaf': 20, 'cw_power': 1.0}",0.06,0.3387489309741655,0.6501264281409782
H2,hgb,2,4,"{'learning_rate': 0.04786824967640431, 'max_iter': 200, 'max_leaf_nodes': 31, 'l2_regularization': 7.0098493731166895, 'min_samples_leaf': 20, 'cw_power': 0.0}",0.05,0.39118939334729314,0.6780407273926734
H2,hgb,2,5,"{'learning_rate': 0.14421706507076687, 'max_iter': 100, 'max_leaf_nodes': 63, 'l2_regularization': 0.007595420331432939, 'min_samples_leaf': 10, 'cw_power': 1.0}",0.06,0.354188494801058,0.6677883151819385
H2,hgb,3,0,"{'learning_rate': 0.1, 'max_iter': 100, 'max_leaf_nodes': 31, 'l2_regularization': 0.0, 'min_samples_leaf': 20, 'cw_power': 1.0}",0.1,0.3722031222631405,0.6698057915308541
H2,hgb,3,1,"{'learning_rate': 0.21302595424103188, 'max_iter': 200, 'max_leaf_nodes': 63, 'l2_regularization': 0.003561688192485284, 'min_samples_leaf': 50, 'cw_power': 1.0}",0.09000000000000001,0.3414349220121528,0.6446369229009392
H2,hgb,3,2,"{'learning_rate': 0.04896002678801046, 'max_iter': 200, 'max_leaf_nodes': 63, 'l2_regularization': 0.04400905847898114, 'min_samples_leaf': 50, 'cw_power': 1.0}",0.06,0.3729581217052498,0.6669496579256879
H2,hgb,3,3,"{'learning_rate': 0.19061619246225447, 'max_iter': 300, 'max_leaf_nodes': 15, 'l2_regularization': 3.0364613144089505, 'min_samples_leaf': 50, 'cw_power': 1.0}",0.06,0.3555408749414069,0.6686317303604066
H2,hgb,3,4,"{'learning_rate': 0.14272460107831977, 'max_iter': 200, 'max_leaf_nodes': 63, 'l2_regularization': 0.13958644613716464, 'min_samples_leaf': 10, 'cw_power': 0.0}",0.06,0.37686132451857446,0.6635855130562504
H2,hgb,3,5,"{'learning_rate': 0.21408747623715363, 'max_iter': 200, 'max_leaf_nodes': 15, 'l2_regularization': 4.0258792621799415, 'min_samples_leaf': 10, 'cw_power': 0.5}",0.08,0.37397668758611663,0.6730830881685996
H2,hgb,4,0,"{'learning_rate': 0.1, 'max_iter': 100, 'max_leaf_nodes': 31, 'l2_regularization': 0.0, 'min_samples_leaf': 20, 'cw_power': 1.0}",0.05,0.38159274477770705,0.6653615999200923
H2,hgb,4,1,"{'learning_rate': 0.2357175389105581, 'max_iter': 300, 'max_leaf_nodes': 63, 'l2_regularization': 0.07274525068095268, 'min_samples_leaf': 20, 'cw_power': 0.0}",0.07,0.3392316207722274,0.657695325148571
H2,hgb,4,2,"{'learning_rate': 0.03621736083318256, 'max_iter': 300, 'max_leaf_nodes': 63, 'l2_regularization': 0.005429358454896478, 'min_samples_leaf': 10, 'cw_power': 0.5}",0.06,0.3855562837345075,0.6694703996620299
H2,hgb,4,3,"{'learning_rate': 0.0554128626209467, 'max_iter': 200, 'max_leaf_nodes': 63, 'l2_regularization': 0.040750703167284894, 'min_samples_leaf': 10, 'cw_power': 0.0}",0.08,0.38374435578965516,0.6716060878008141
H2,hgb,4,4,"{'learning_rate': 0.13445423029610645, 'max_iter': 300, 'max_leaf_nodes': 31, 'l2_regularization': 0.008578637814324918, 'min_samples_leaf': 10, 'cw_power': 0.5}",0.07,0.35440457528961594,0.6592655300790822
H2,hgb,4,5,"{'learning_rate': 0.12994716610902288, 'max_iter': 300, 'max_leaf_nodes': 63, 'l2_regularization': 0.013249260809807015, 'min_samples_leaf': 10, 'cw_power': 0.0}",0.07,0.3547239789011876,0.6608357350095933
H2,hgb,5,0,"{'learning_rate': 0.1, 'max_iter': 100, 'max_leaf_nodes': 31, 'l2_regularization': 0.0, 'min_samples_leaf': 20, 'cw_power': 1.0}",0.04,0.38708248869975165,0.6633940906630472
H2,hgb,5,1,"{'learning_rate': 0.04903619026084036, 'max_iter': 200, 'max_leaf_nodes': 63, 'l2_regularization': 0.9920400709168964, 'min_samples_leaf': 50, 'cw_power': 1.0}",0.06,0.380287307525122,0.6619058612100897
H2,hgb,5,2,"{'learning_rate': 0.18044243041844935, 'max_iter': 300, 'max_leaf_nodes': 15, 'l2_regularization': 0.6574020310336425, 'min_samples_leaf': 50, 'cw_power': 0.5}",0.07,0.35454425452675514,0.6639813556155417
H2,hgb,5,3,"{'learning_rate': 0.053709080992388504, 'max_iter': 300, 'max_leaf_nodes': 63, 'l2_regularization': 0.9187071024277683, 'min_samples_leaf': 10, 'cw_power': 0.5}",0.06,0.3889899375834333,0.6602238008181001
H2,hgb,5,4,"{'learning_rate': 0.061667480748034985, 'max_iter': 100, 'max_leaf_nodes': 31, 'l2_regularization': 0.0707823106358984, 'min_samples_leaf': 50, 'cw_power': 0.0}",0.05,0.3831811241986256,0.6662716432434064
H2,hgb,5,5,"{'learning_rate': 0.10819380094540394, 'max_iter': 200, 'max_leaf_nodes': 15, 'l2_regularization': 0.02675704801816948, 'min_samples_leaf': 50, 'cw_power': 0.5}",0.07,0.37572854897812064,0.6600559041624523
H3,hgb,1,0,"{'learning_rate': 0.1, 'max_iter': 100, 'max_leaf_nodes': 31, 'l2_regularization': 0.0, 'min_samples_leaf': 20, 'cw_power': 1.0}",0.06,0.5326472375127509,0.7401179478258708
H3,hgb,1,1,"{'learning_rate': 0.1106826539128871, 'max_iter': 200, 'max_leaf_nodes': 15, 'l2_regularization': 0.002640227890888774, 'min_samples_leaf': 50, 'cw_power': 0.5}",0.07,0.5176081588555332,0.736205571674128
H3,hgb,1,2,"{'learning_rate': 0.056850958633210553, 'max_iter': 100, 'max_leaf_nodes': 15, 'l2_regularization': 0.003982014827955032, 'min_samples_leaf': 50, 'cw_power': 0.0}",0.07,0.5191693707232933,0.7330651618131059
H3,hgb,1,3,"{'learning_rate': 0.17106256049931223, 'max_iter': 100, 'max_leaf_nodes': 15, 'l2_regularization': 0.29107676912740843, 'min_samples_leaf': 20, 'cw_power': 1.0}",0.09000000000000001,0.519839042511999,0.7307831369635679
H3,hgb,1,4,"{'learning_rate': 0.0974088009143383, 'max_iter': 300, 'max_leaf_nodes': 15, 'l2_regularization': 0.0011640527971625602, 'min_samples_leaf': 20, 'cw_power': 0.5}",0.07,0.5435089772750606,0.7424863913961727
H3,hgb,1,5,"{'learning_rate': 0.12457741389612637, 'max_iter': 100, 'max_leaf_nodes': 15, 'l2_regularization': 1.144887302012426, 'min_samples_leaf': 20, 'cw_power': 1.0}",0.11,0.5118193681444451,0.726438044024319
H3,hgb,2,0,"{'learning_rate': 0.1, 'max_iter': 100, 'max_leaf_nodes': 31, 'l2_regularization': 0.0, 'min_samples_leaf': 20, 'cw_power': 1.0}",0.08,0.5510574578335622,0.7423711059178104
H3,hgb,2,1,"{'learning_rate': 0.07648394239282454, 'max_iter': 200, 'max_leaf_nodes': 63, 'l2_regularization': 0.013833573061728223, 'min_samples_leaf': 10, 'cw_power': 1.0}",0.07,0.550640465852976,0.7448416987919394
H3,hgb,2,2,"{'learning_rate': 0.05171575214233117, 'max_iter': 100, 'max_leaf_nodes': 15, 'l2_regularization': 8.920655136220278, 'min_samples_leaf': 10, 'cw_power': 0.0}",0.06,0.5483046727360064,0.7401179478258708
H3,hgb,2,3,"{'learning_rate': 0.18415174393063002, 'max_iter': 300, 'max_leaf_nodes': 31, 'l2_regularization': 0.015510251782049612, 'min_samples_leaf': 50, 'cw_power': 0.5}",0.06,0.5221312211853625,0.7367537788656879
H3,hgb,2,4,"{'learning_rate': 0.12150007575756451, 'max_iter': 100, 'max_leaf_nodes': 15, 'l2_regularization': 0.1269567462239936, 'min_samples_leaf': 50, 'cw_power': 1.0}",0.07,0.5388592859131407,0.7338502642783613
H3,hgb,2,5,"{'learning_rate': 0.29745344722136535, 'max_iter': 300, 'max_leaf_nodes': 63, 'l2_regularization': 0.1705996144195941, 'min_samples_leaf': 50, 'cw_power': 1.0}",0.06,0.5178268289557271,0.7375948211057337
H3,hgb,3,0,"{'learning_rate': 0.1, 'max_iter': 100, 'max_leaf_nodes': 31, 'l2_regularization': 0.0, 'min_samples_leaf': 20, 'cw_power': 1.0}",0.09000000000000001,0.5390002286073694,0.7314802946260274
H3,hgb,3,1,"{'learning_rate': 0.041129771662720804, 'max_iter': 100, 'max_leaf_nodes': 63, 'l2_regularization': 0.04935461622519765, 'min_samples_leaf': 50, 'cw_power': 1.0}",0.09000000000000001,0.5415668861983726,0.7293960537046253
H3,hgb,3,2,"{'learning_rate': 0.04679032348867068, 'max_iter': 200, 'max_leaf_nodes': 15, 'l2_regularization': 0.002931383254140511, 'min_samples_leaf': 10, 'cw_power': 0.0}",0.08,0.5539290868045977,0.7364762210152749
H3,hgb,3,3,"{'learning_rate': 0.29753476861612216, 'max_iter': 100, 'max_leaf_nodes': 15, 'l2_regularization': 0.36755256071784825, 'min_samples_leaf': 10, 'cw_power': 1.0}",0.06,0.5249861329919637,0.7275042655755628
H3,hgb,3,4,"{'learning_rate': 0.045531998679498906, 'max_iter': 200, 'max_leaf_nodes': 15, 'l2_regularization': 0.0010290419689494533, 'min_samples_leaf': 50, 'cw_power': 0.0}",0.09000000000000001,0.5463420864836577,0.7307855476522267
H3,hgb,3,5,"{'learning_rate': 0.11762385006145355, 'max_iter': 100, 'max_leaf_nodes': 31, 'l2_regularization': 0.01609468247725379, 'min_samples_leaf': 10, 'cw_power': 0.5}",0.06,0.5564800178295246,0.7384377364012347
H3,hgb,4,0,"{'learning_rate': 0.1, 'max_iter': 100, 'max_leaf_nodes': 31, 'l2_regularization': 0.0, 'min_samples_leaf': 20, 'cw_power': 1.0}",0.07,0.5173430562327964,0.7377757766046392
H3,hgb,4,1,"{'learning_rate': 0.26559980772082376, 'max_iter': 100, 'max_leaf_nodes': 63, 'l2_regularization': 5.589063233742607, 'min_samples_leaf': 10, 'cw_power': 0.5}",0.06,0.5169630239607187,0.7392769055858252
H3,hgb,4,2,"{'learning_rate': 0.15503046028306577, 'max_iter': 100, 'max_leaf_nodes': 15, 'l2_regularization': 0.04012482887524878, 'min_samples_leaf': 50, 'cw_power': 1.0}",0.09000000000000001,0.5025493748741767,0.7377306689128951
H3,hgb,4,3,"{'learning_rate': 0.20753262460927283, 'max_iter': 200, 'max_leaf_nodes': 31, 'l2_regularization': 0.6403778732646359, 'min_samples_leaf': 50, 'cw_power': 1.0}",0.08,0.4954220626223955,0.7291026650208736
H3,hgb,4,4,"{'learning_rate': 0.09438830475331536, 'max_iter': 200, 'max_leaf_nodes': 15, 'l2_regularization': 0.007018212194489489, 'min_samples_leaf': 20, 'cw_power': 1.0}",0.06,0.5175151807969836,0.730866483185368
H3,hgb,4,5,"{'learning_rate': 0.08288166101693975, 'max_iter': 200, 'max_leaf_nodes': 63, 'l2_regularization': 0.00875024779744091, 'min_samples_leaf': 50, 'cw_power': 0.0}",0.09000000000000001,0.5103240228257749,0.7342569029382315
H3,hgb,5,0,"{'learning_rate': 0.1, 'max_iter': 100, 'max_leaf_nodes': 31, 'l2_regularization': 0.0, 'min_samples_leaf': 20, 'cw_power': 1.0}",0.07,0.5464782330750867,0.742490384677331
H3,hgb,5,1,"{'learning_rate': 0.20524740322551113, 'max_iter': 100, 'max_leaf_nodes': 31, 'l2_regularization': 0.8979360134277582, 'min_samples_leaf': 50, 'cw_power': 1.0}",0.09000000000000001,0.5396046287309036,0.7384301060977949
H3,hgb,5,2,"{'learning_rate': 0.09561773871629428, 'max_iter': 200, 'max_leaf_nodes': 63, 'l2_regularization': 0.0034546961212233453, 'min_samples_leaf': 50, 'cw_power': 0.5}",0.07,0.5397593537375783,0.7472009264210384
H3,hgb,5,3,"{'learning_rate': 0.12180852725578417, 'max_iter': 100, 'max_leaf_nodes': 63, 'l2_regularization': 0.0014038153245565033, 'min_samples_leaf': 10, 'cw_power': 0.5}",0.08,0.5426475469835977,0.7401640369647411
H3,hgb,5,4,"{'learning_rate': 0.05004270298356345, 'max_iter': 200, 'max_leaf_nodes': 31, 'l2_regularization': 0.004888358437487205, 'min_samples_leaf': 50, 'cw_power': 1.0}",0.08,0.5532420824454156,0.74827239325804
H3,hgb,5,5,"{'learning_rate': 0.20692182914873783, 'max_iter': 300, 'max_leaf_nodes': 31, 'l2_regularization': 4.16692443133727, 'min_samples_leaf': 20, 'cw_power': 1.0}",0.07,0.529427717654365,0.7409202040960953
H1,hgb,1,0,"{'learning_rate': 0.1, 'max_iter': 100, 'max_leaf_nodes': 31, 'l2_regularization': 0.0, 'min_samples_leaf': 20, 'cw_power': 1.0}",0.06,0.28962602470743615,0.6274182876597436
H1,hgb,1,1,"{'learning_rate': 0.0938200960990959, 'max_iter': 300, 'max_leaf_nodes': 15, 'l2_regularization': 0.052138496807908524, 'min_samples_leaf': 20, 'cw_power': 0.5}",0.07,0.29887210964238486,0.6372826610519261
H1,hgb,1,2,"{'learning_rate': 0.0634480830350562, 'max_iter': 300, 'max_leaf_nodes': 31, 'l2_regularization': 0.3490750174373617, 'min_samples_leaf': 20, 'cw_power': 1.0}",0.07,0.27849448022719686,0.6262912265383482
H1,hgb,1,3,"{'learning_rate': 0.15355804844033066, 'max_iter': 200, 'max_leaf_nodes': 15, 'l2_regularization': 0.9219980442517313, 'min_samples_leaf': 10, 'cw_power': 0.0}",0.06,0.2936206346769615,0.6366697523002466
H1,hgb,1,4,"{'learning_rate': 0.250909231256517, 'max_iter': 100, 'max_leaf_nodes': 63, 'l2_regularization': 0.0012723763500684558, 'min_samples_leaf': 20, 'cw_power': 1.0}",0.09000000000000001,0.2577635458300763,0.6126750938250041
H1,hgb,1,5,"{'learning_rate': 0.17557932506335444, 'max_iter': 300, 'max_leaf_nodes': 15, 'l2_regularization': 0.007783960329048805, 'min_samples_leaf': 50, 'cw_power': 0.0}",0.08,0.27373157560051137,0.626640815872306
H1,hgb,2,0,"{'learning_rate': 0.1, 'max_iter': 100, 'max_leaf_nodes': 31, 'l2_regularization': 0.0, 'min_samples_leaf': 20, 'cw_power': 1.0}",0.05,0.3153687201790892,0.635475085163294
H1,hgb,2,1,"{'learning_rate': 0.2216403278905824, 'max_iter': 100, 'max_leaf_nodes': 63, 'l2_regularization': 0.0026189047650965205, 'min_samples_leaf': 20, 'cw_power': 0.0}",0.06,0.2839243426970608,0.6282593298997894
H1,hgb,2,2,"{'learning_rate': 0.1137824853105796, 'max_iter': 300, 'max_leaf_nodes': 31, 'l2_regularization': 1.560803869248152, 'min_samples_leaf': 20, 'cw_power': 1.0}",0.06,0.2976933960339841,0.6248951609396065
H1,hgb,2,3,"{'learning_rate': 0.11013457720177539, 'max_iter': 200, 'max_leaf_nodes': 31, 'l2_regularization': 0.35399735063085563, 'min_samples_leaf': 20, 'cw_power': 0.5}",0.06,0.30976416872042983,0.6248951609396065
H1,hgb,2,4,"{'learning_rate': 0.04948236599197647, 'max_iter': 300, 'max_leaf_nodes': 15, 'l2_regularization': 0.0012221507489517506, 'min_samples_leaf': 20, 'cw_power': 0.5}",0.08,0.32223274658438567,0.6391721211638575
H1,hgb,2,5,"{'learning_rate': 0.14389232581432834, 'max_iter': 200, 'max_leaf_nodes': 15, 'l2_regularization': 0.06748449773498592, 'min_samples_leaf': 10, 'cw_power': 0.5}",0.09000000000000001,0.3203906159588437,0.638380962037515
H1,hgb,3,0,"{'learning_rate': 0.1, 'max_iter': 100, 'max_leaf_nodes': 31, 'l2_regularization': 0.0, 'min_samples_leaf': 20, 'cw_power': 1.0}",0.08,0.2795843438854664,0.6266439327111516
H1,hgb,3,1,"{'learning_rate': 0.23457789631738915, 'max_iter': 300, 'max_leaf_nodes': 15, 'l2_regularization': 0.18813309478780532, 'min_samples_leaf': 20, 'cw_power': 0.5}",0.08,0.27871553392273135,0.622958285452624
H1,hgb,3,2,"{'learning_rate': 0.05950950184473431, 'max_iter': 100, 'max_leaf_nodes': 31, 'l2_regularization': 0.023183687064865753, 'min_samples_leaf': 20, 'cw_power': 0.0}",0.1,0.2882023890677845,0.6263938039631974
H1,hgb,3,3,"{'learning_rate': 0.10443966402841987, 'max_iter': 200, 'max_leaf_nodes': 31, 'l2_regularization': 0.4201130879367474, 'min_samples_leaf': 10, 'cw_power': 0.5}",0.09000000000000001,0.2873056795579219,0.6251840076345195
H1,hgb,3,4,"{'learning_rate': 0.03179833534346689, 'max_iter': 200, 'max_leaf_nodes': 63, 'l2_regularization': 0.002210621110693181, 'min_samples_leaf': 20, 'cw_power': 1.0}",0.11,0.2800995714236944,0.6258859740845533
H1,hgb,3,5,"{'learning_rate': 0.10648155423784768, 'max_iter': 300, 'max_leaf_nodes': 63, 'l2_regularization': 0.01356364017086184, 'min_samples_leaf': 20, 'cw_power': 1.0}",0.05,0.2557487810540889,0.6055911655848945
H1,hgb,4,0,"{'learning_rate': 0.1, 'max_iter': 100, 'max_leaf_nodes': 31, 'l2_regularization': 0.0, 'min_samples_leaf': 20, 'cw_power': 1.0}",0.05,0.3046866919598846,0.6264185655400218
H1,hgb,4,1,"{'learning_rate': 0.04108344301974878, 'max_iter': 100, 'max_leaf_nodes': 63, 'l2_regularization': 0.0031634545578693414, 'min_samples_leaf': 50, 'cw_power': 0.5}",0.08,0.29837433464136376,0.626640815872306
H1,hgb,4,2,"{'learning_rate': 0.09383244030705302, 'max_iter': 300, 'max_leaf_nodes': 31, 'l2_regularization': 7.416269868656244, 'min_samples_leaf': 10, 'cw_power': 1.0}",0.09000000000000001,0.2910465339807779,0.6224016385540623
H1,hgb,4,3,"{'learning_rate': 0.17785952037844033, 'max_iter': 200, 'max_leaf_nodes': 31, 'l2_regularization': 0.007958611627981936, 'min_samples_leaf': 10, 'cw_power': 0.5}",0.06,0.2840100200930528,0.6232130764595151
H1,hgb,4,4,"{'learning_rate': 0.046281035005961084, 'max_iter': 100, 'max_leaf_nodes': 15, 'l2_regularization': 9.941346403770648, 'min_samples_leaf': 20, 'cw_power': 0.0}",0.05,0.3071388068299126,0.6327581292763124
H1,hgb,4,5,"{'learning_rate': 0.037740035370659716, 'max_iter': 200, 'max_leaf_nodes': 63, 'l2_regularization': 4.912988555500539, 'min_samples_leaf': 10, 'cw_power': 1.0}",0.1,0.31457799285796073,0.6283635228437742
H1,hgb,5,0,"{'learning_rate': 0.1, 'max_iter': 100, 'max_leaf_nodes': 31, 'l2_regularization': 0.0, 'min_samples_leaf': 20, 'cw_power': 1.0}",0.09000000000000001,0.28919007425301385,0.6237978816785019
H1,hgb,5,1,"{'learning_rate': 0.17933390600390237, 'max_iter': 200, 'max_leaf_nodes': 63, 'l2_regularization': 0.0020307540495256445, 'min_samples_leaf': 20, 'cw_power': 0.5}",0.05,0.2728848129005096,0.6191783608788396
H1,hgb,5,2,"{'learning_rate': 0.04086164874087302, 'max_iter': 100, 'max_leaf_nodes': 15, 'l2_regularization': 0.6800887185182438, 'min_samples_leaf': 50, 'cw_power': 0.5}",0.08,0.2863067125522293,0.6340182818524652
H1,hgb,5,3,"{'learning_rate': 0.0498285785037767, 'max_iter': 300, 'max_leaf_nodes': 63, 'l2_regularization': 0.9409704030694157, 'min_samples_leaf': 10, 'cw_power': 0.0}",0.05,0.2888001874232026,0.6218952810152569
H1,hgb,5,4,"{'learning_rate': 0.15926035694481133, 'max_iter': 100, 'max_leaf_nodes': 31, 'l2_regularization': 0.7057607845793625, 'min_samples_leaf': 50, 'cw_power': 0.0}",0.08,0.2810460600940285,0.6185386925652583
H1,hgb,5,5,"{'learning_rate': 0.18462968367714647, 'max_iter': 300, 'max_leaf_nodes': 15, 'l2_regularization': 0.13649696996674449, 'min_samples_leaf': 50, 'cw_power': 0.0}",0.05,0.26668409418902844,0.6146501606514775
H2,logreg,1,0,"{'C': 1.0, 'cw_power': 1.0}",0.08,0.3001050864119822,0.6487548840338674
H2,logreg,1,1,"{'C': 5.607768313481287, 'cw_power': 0.5}",0.08,0.31587134595987626,0.6509662908500236
H2,logreg,1,2,"{'C': 0.01450506876702946, 'cw_power': 0.5}",0.07,0.27847549245017905,0.6435634807739707
H2,logreg,1,3,"{'C': 0.07963756492600689, 'cw_power': 0.5}",0.08,0.2989953880765383,0.6494920196392527
H2,logreg,1,4,"{'C': 0.6356954692501539, 'cw_power': 0.0}",0.08,0.3211626353648061,0.6524405620607943
H2,logreg,1,5,"{'C': 0.09141811553551184, 'cw_power': 0.0}",0.06,0.3057320447963857,0.6459212169407496
H2,logreg,2,0,"{'C': 1.0, 'cw_power': 1.0}",0.08,0.32821572121774534,0.6553891044823358
H2,logreg,2,1,"{'C': 0.001398699273478031, 'cw_power': 0.5}",0.08,0.27885687409759313,0.6288522226884622
H2,logreg,2,2,"{'C': 0.015714897176173838, 'cw_power': 1.0}",0.08,0.29026011658986023,0.6450692060069405
H2,logreg,2,3,"{'C': 0.00328802616287836, 'cw_power': 0.5}",0.08,0.2899788483541611,0.6391721211638575
H2,logreg,2,4,"{'C': 2.532464698994718, 'cw_power': 1.0}",0.08,0.3296864920709973,0.6561262400877212
H2,logreg,2,5,"{'C': 0.0032364122604890367, 'cw_power': 1.0}",0.09000000000000001,0.28003120466377024,0.6376862088425823
H2,logreg,3,0,"{'C': 1.0, 'cw_power': 1.0}",0.09000000000000001,0.3038356827350503,0.6529738865865476
H2,logreg,3,1,"{'C': 0.001049418164674611, 'cw_power': 0.0}",0.05,0.25245401010302615,0.6191758556336352
H2,logreg,3,2,"{'C': 1.611310906165071, 'cw_power': 1.0}",0.09000000000000001,0.30314008386262825,0.6529738865865476
H2,logreg,3,3,"{'C': 0.10140540478828729, 'cw_power': 1.0}",0.08,0.2977608119929285,0.6480206868106119
H2,logreg,3,4,"{'C': 0.2618321286070727, 'cw_power': 0.0}",0.06,0.32184614525285493,0.6543341146652972
H2,logreg,3,5,"{'C': 0.06493166800643363, 'cw_power': 0.5}",0.07,0.30800323652620637,0.6490619193625159
H2,logreg,4,0,"{'C': 1.0, 'cw_power': 1.0}",0.11,0.2960498226917354,0.648991280232117
H2,logreg,4,1,"{'C': 0.03705222905848923, 'cw_power': 0.0}",0.06,0.2968641004179267,0.641716005740521
H2,logreg,4,2,"{'C': 4.273215208570783, 'cw_power': 1.0}",0.11,0.294109460293273,0.648991280232117
H2,logreg,4,3,"{'C': 0.011964455944382977, 'cw_power': 1.0}",0.07,0.2695765679968875,0.6427783783087151
H2,logreg,4,4,"{'C': 0.07917537465253476, 'cw_power': 1.0}",0.11,0.2867877598940985,0.6452438561776557
H2,logreg,4,5,"{'C': 8.77227558051532, 'cw_power': 1.0}",0.11,0.29163953821779376,0.6508649922593477
H2,logreg,5,0,"{'C': 1.0, 'cw_power': 1.0}",0.07,0.3218842955870386,0.6529900915468912
H2,logreg,5,1,"{'C': 1.5542480775703242, 'cw_power': 0.0}",0.05,0.3465058727334738,0.657215242788682
H2,logreg,5,2,"{'C': 9.593795937027707, 'cw_power': 0.5}",0.07,0.33662771020498256,0.6537751818375092
H2,logreg,5,3,"{'C': 0.0016403604383191442, 'cw_power': 0.5}",0.04,0.29272400293396483,0.6240824516163958
H2,logreg,5,4,"{'C': 0.004279912497404217, 'cw_power': 0.5}",0.08,0.30481028083778094,0.6377038983494192
H2,logreg,5,5,"{'C': 0.010712586041923768, 'cw_power': 0.0}",0.06,0.31561991407678813,0.6425621667022092
H3,logreg,1,0,"{'C': 1.0, 'cw_power': 1.0}",0.08,0.43913559871286645,0.720257037756249
H3,logreg,1,1,"{'C': 0.02884915705969629, 'cw_power': 0.0}",0.09000000000000001,0.45104276272369254,0.709940541115586
H3,logreg,1,2,"{'C': 0.44902735445453673, 'cw_power': 0.0}",0.08,0.473362129864616,0.7268912582047174
H3,logreg,1,3,"{'C': 1.2206789215477403, 'cw_power': 0.0}",0.08,0.4756250587878695,0.7276283938101029
H3,logreg,1,4,"{'C': 0.1654540363757988, 'cw_power': 1.0}",0.09000000000000001,0.43182996387315276,0.7189723326497115
H3,logreg,1,5,"{'C': 1.6262152213935281, 'cw_power': 0.5}",0.08,0.4613981422574146,0.7261541225993321
H3,logreg,2,0,"{'C': 1.0, 'cw_power': 1.0}",0.1,0.4596595281302349,0.7184771465082042
H3,logreg,2,1,"{'C': 0.0031288642189994235, 'cw_power': 0.0}",0.07,0.42956121401159375,0.6938100385503273
H3,logreg,2,2,"{'C': 0.6800480387533038, 'cw_power': 1.0}",0.1,0.45895426639187464,0.7191349101845869
H3,logreg,2,3,"{'C': 0.005406560589406243, 'cw_power': 1.0}",0.09000000000000001,0.4326108564889931,0.702298255971326
H3,logreg,2,4,"{'C': 0.07965802804356, 'cw_power': 1.0}",0.11,0.4469515781816057,0.7183186252396526
H3,logreg,2,5,"{'C': 1.3324230731469453, 'cw_power': 1.0}",0.09000000000000001,0.45979182316774936,0.7168880730649133
H3,logreg,3,0,"{'C': 1.0, 'cw_power': 1.0}",0.11,0.45266986507516344,0.721444314593841
H3,logreg,3,1,"{'C': 0.00809214928307697, 'cw_power': 0.0}",0.07,0.44909882578225874,0.6938124128666247
H3,logreg,3,2,"{'C': 3.057038777843511, 'cw_power': 0.0}",0.1,0.4908799507403116,0.719795352972398
H3,logreg,3,3,"{'C': 0.09463236214003824, 'cw_power': 1.0}",0.1,0.4464640057328359,0.7178220808102318
H3,logreg,3,4,"{'C': 0.6809795701732145, 'cw_power': 1.0}",0.11,0.4528428255958943,0.7220688789108951
H3,logreg,3,5,"{'C': 0.10083838991738871, 'cw_power': 0.5}",0.09000000000000001,0.46881051595730283,0.718280102123814
H3,logreg,4,0,"{'C': 1.0, 'cw_power': 1.0}",0.12000000000000001,0.4430709178516574,0.7116246567490158
H3,logreg,4,1,"{'C': 2.2950086806747665, 'cw_power': 1.0}",0.07,0.44168005913848984,0.7118673952512053
H3,logreg,4,2,"{'C': 0.24452705606520858, 'cw_power': 0.5}",0.09000000000000001,0.4579574624857979,0.720361839039577
H3,logreg,4,3,"{'C': 0.016916366510153144, 'cw_power': 0.5}",0.1,0.4400918444134208,0.7086106913624636
H3,logreg,4,4,"{'C': 0.07601584308010291, 'cw_power': 0.5}",0.09000000000000001,0.4512895801435289,0.7189723326497115
H3,logreg,4,5,"{'C': 2.0600418168966073, 'cw_power': 0.5}",0.08,0.460553091592735,0.7195199021508637
H3,logreg,5,0,"{'C': 1.0, 'cw_power': 1.0}",0.09000000000000001,0.4570541357756095,0.7224510687544996
H3,logreg,5,1,"{'C': 2.1140363103745603, 'cw_power': 1.0}",0.1,0.4569031174184215,0.7197980314829943
H3,logreg,5,2,"{'C': 0.001366739914119137, 'cw_power': 1.0}",0.08,0.4174392836930091,0.6937252691031204
H3,logreg,5,3,"{'C': 2.18852224214603, 'cw_power': 1.0}",0.09000000000000001,0.4569553528210108,0.7210615872463869
H3,logreg,5,4,"{'C': 0.006663366944303648, 'cw_power': 0.5}",0.1,0.4362925089234541,0.711247267185527
H3,logreg,5,5,"{'C': 0.0020947667300896347, 'cw_power': 1.0}",0.09000000000000001,0.4218295964493363,0.7002193646246972
H1,logreg,1,0,"{'C': 1.0, 'cw_power': 1.0}",0.08,0.23891364978823387,0.62442940905615
H1,logreg,1,1,"{'C': 3.4145542592297895, 'cw_power': 1.0}",0.09000000000000001,0.23833245565987685,0.6244858981388605
H1,logreg,1,2,"{'C': 2.069316894887086, 'cw_power': 1.0}",0.08,0.23896048348417898,0.62442940905615
H1,logreg,1,3,"{'C': 0.8179385804660421, 'cw_power': 0.5}",0.09000000000000001,0.25067869958634176,0.6272649109185914
H1,logreg,1,4,"{'C': 0.06651603182841057, 'cw_power': 0.0}",0.08,0.24228983153827266,0.620743731029223
H1,logreg,1,5,"{'C': 2.3328625391925035, 'cw_power': 0.0}",0.09000000000000001,0.2615017770045386,0.6258754045287259
H1,logreg,2,0,"{'C': 1.0, 'cw_power': 1.0}",0.1,0.2622310733613105,0.6296790501965395
H1,logreg,2,1,"{'C': 2.1083503077635255, 'cw_power': 0.0}",0.09000000000000001,0.2801899535059997,0.630738676893255
H1,logreg,2,2,"{'C': 2.360964977705824, 'cw_power': 0.0}",0.09000000000000001,0.2800138008150457,0.6314334300881878
H1,logreg,2,3,"{'C': 1.9412468731800399, 'cw_power': 0.0}",0.09000000000000001,0.27992216152271243,0.6314334300881878
H1,logreg,2,4,"{'C': 0.003978349892259139, 'cw_power': 0.0}",0.08,0.20804722310326154,0.6074752901322862
H1,logreg,2,5,"{'C': 1.3206519379268176, 'cw_power': 1.0}",0.1,0.26331863969023395,0.6302096792855673
H1,logreg,3,0,"{'C': 1.0, 'cw_power': 1.0}",0.1,0.22911671594513838,0.6204739874766988
H1,logreg,3,1,"{'C': 0.0010373545468284767, 'cw_power': 0.5}",0.09000000000000001,0.18759427944824686,0.6085100802633026
H1,logreg,3,2,"{'C': 0.22762411351666037, 'cw_power': 0.0}",0.07,0.2447392892005948,0.6192282570264434
H1,logreg,3,3,"{'C': 9.984601194514088, 'cw_power': 0.0}",0.07,0.24953282036308058,0.6231537389127688
H1,logreg,3,4,"{'C': 0.05235505309227224, 'cw_power': 0.5}",0.08,0.22955399556416686,0.6185355087423908
H1,logreg,3,5,"{'C': 0.2011979787376576, 'cw_power': 0.0}",0.07,0.2441570319647915,0.6176580642719134
H1,logreg,4,0,"{'C': 1.0, 'cw_power': 1.0}",0.1,0.23626240433314505,0.613234958286972
H1,logreg,4,1,"{'C': 0.018990430234071702, 'cw_power': 0.5}",0.1,0.22574950233728278,0.6171815403452682
H1,logreg,4,2,"{'C': 0.0014654818420330763, 'cw_power': 1.0}",0.13,0.19045462928934442,0.6058331942546296
H1,logreg,4,3,"{'C': 0.008956227632791733, 'cw_power': 0.0}",0.1,0.21195931279706953,0.6106039035814412
H1,logreg,4,4,"{'C': 0.2586388950565338, 'cw_power': 0.0}",0.1,0.25296113667660725,0.6171815403452682
H1,logreg,4,5,"{'C': 0.0028974192095129383, 'cw_power': 0.5}",0.11,0.20022398120924542,0.6058959036058111
H1,logreg,5,0,"{'C': 1.0, 'cw_power': 1.0}",0.1,0.2533692746293906,0.6296861308096849
H1,logreg,5,1,"{'C': 0.01069325534847673, 'cw_power': 1.0}",0.1,0.22416124862409878,0.6250818731110487
H1,logreg,5,2,"{'C': 0.6966596873370492, 'cw_power': 0.0}",0.09000000000000001,0.2745995933404848,0.6300505484650089
H1,logreg,5,3,"{'C': 0.009598684990028968, 'cw_power': 0.0}",0.11,0.23038945854866463,0.6190196445228016
H1,logreg,5,4,"{'C': 8.4011194060757, 'cw_power': 0.5}",0.09000000000000001,0.2692667421060705,0.6307452892190651
H1,logreg,5,5,"{'C': 0.039019954799163994, 'cw_power': 0.0}",0.1,0.2559737182830727,0.6263973753106591
